

============================== 01:44:17.165553 | ea07b468-1caf-47a7-b2a8-e08b80497dc6 ==============================
[0m01:44:17.165553 [info ] [Dummy-1   ]: Running with dbt=1.9.4
[0m01:44:17.166445 [debug] [Dummy-1   ]: running dbt with arguments {'printer_width': '80', 'indirect_selection': 'eager', 'write_json': 'True', 'log_cache_events': 'False', 'partial_parse': 'True', 'cache_selected_only': 'False', 'warn_error': 'None', 'version_check': 'True', 'fail_fast': 'False', 'log_path': '/tmp/dbt/logs', 'profiles_dir': '/tmp/dbt_effective_profiles_ovagyin0', 'debug': 'False', 'use_colors': 'True', 'use_experimental_parser': 'False', 'empty': 'None', 'quiet': 'False', 'no_print': 'None', 'warn_error_options': 'WarnErrorOptions(include=[], exclude=[])', 'static_parser': 'True', 'log_format': 'default', 'introspect': 'True', 'target_path': 'None', 'invocation_command': 'dbt ', 'send_anonymous_usage_stats': 'False'}
[0m01:44:17.358245 [info ] [Dummy-1   ]: State adapter: dbt-state v0.0.0 is disabled
[0m01:44:17.449735 [info ] [Dummy-1   ]: Registered adapter: snowflake=1.9.2
[0m01:44:17.983587 [debug] [Dummy-1   ]: checksum: 53ed91fada2233efb98368d1716b44ab532c83a9c293cf1890b7905d5b45fb25, vars: {}, profile: , target: dev, version: 1.9.4
[0m01:44:17.985087 [info ] [Dummy-1   ]: Unable to do partial parsing because saved manifest not found. Starting full parse.
[0m01:44:19.676677 [warn ] [Dummy-1   ]: [[33mWARNING[0m]: Configuration paths exist in your dbt_project.yml file which do not apply to any resources.
There are 1 unused configuration paths:
- models.zero_to_one_chain.metrics
[0m01:44:19.693947 [info ] [Dummy-1   ]: Performance info: /tmp/dbt/target/perf_info.json
[0m01:44:19.884803 [debug] [Dummy-1   ]: Wrote artifact WritableManifest to /tmp/dbt/target/manifest.json
[0m01:44:19.886845 [debug] [Dummy-1   ]: Wrote artifact SemanticManifest to /tmp/dbt/target/semantic_manifest.json
[0m01:44:19.888660 [debug] [Dummy-1   ]: Resource report: {"command_name": "parse", "command_success": true, "command_wall_clock_time": 2.7968843, "process_in_blocks": "0", "process_kernel_time": 0.83, "process_mem_max_rss": "476136", "process_out_blocks": "0", "process_user_time": 5.15}
[0m01:44:19.889322 [debug] [Dummy-1   ]: Command `cli parse` succeeded at 01:44:19.889062 after 2.80 seconds
[0m01:44:19.889920 [debug] [Dummy-1   ]: Flushing usage events


============================== 01:44:44.457489 | 0be8c458-92ba-49df-8c4d-967c2cfedbfb ==============================
[0m01:44:44.457489 [info ] [Dummy-1   ]: Running with dbt=1.9.4
[0m01:44:44.458483 [debug] [Dummy-1   ]: running dbt with arguments {'printer_width': '80', 'indirect_selection': 'eager', 'log_cache_events': 'False', 'write_json': 'True', 'partial_parse': 'True', 'cache_selected_only': 'False', 'profiles_dir': '/tmp/dbt_effective_profiles_l2ao89ij', 'fail_fast': 'False', 'version_check': 'True', 'log_path': '/tmp/dbt/logs', 'debug': 'False', 'warn_error': 'None', 'use_colors': 'True', 'use_experimental_parser': 'False', 'empty': 'False', 'quiet': 'False', 'no_print': 'None', 'warn_error_options': 'WarnErrorOptions(include=[], exclude=[])', 'static_parser': 'True', 'log_format': 'default', 'invocation_command': 'dbt ', 'target_path': 'None', 'introspect': 'True', 'send_anonymous_usage_stats': 'False'}
[0m01:44:44.651936 [info ] [Dummy-1   ]: State adapter: dbt-state v0.0.0 is disabled
[0m01:44:44.741892 [info ] [Dummy-1   ]: Registered adapter: snowflake=1.9.2
[0m01:44:45.289922 [debug] [Dummy-1   ]: checksum: 53ed91fada2233efb98368d1716b44ab532c83a9c293cf1890b7905d5b45fb25, vars: {}, profile: , target: dev, version: 1.9.4
[0m01:44:45.505831 [debug] [Dummy-1   ]: Partial parsing enabled: 0 files deleted, 0 files added, 0 files changed.
[0m01:44:45.506415 [debug] [Dummy-1   ]: Partial parsing enabled, no changes found, skipping parsing
[0m01:44:45.576032 [warn ] [Dummy-1   ]: [[33mWARNING[0m]: Configuration paths exist in your dbt_project.yml file which do not apply to any resources.
There are 1 unused configuration paths:
- models.zero_to_one_chain.metrics
[0m01:44:45.730061 [debug] [Dummy-1   ]: Wrote artifact WritableManifest to /tmp/dbt/target/manifest.json
[0m01:44:45.732218 [debug] [Dummy-1   ]: Wrote artifact SemanticManifest to /tmp/dbt/target/semantic_manifest.json
[0m01:44:45.777704 [info ] [Dummy-1   ]: Found 7 models, 22 data tests, 11 sources, 474 macros
[0m01:44:45.780529 [info ] [Dummy-1   ]: 
[0m01:44:45.781085 [info ] [Dummy-1   ]: Concurrency: 8 threads (target='dev')
[0m01:44:45.781520 [info ] [Dummy-1   ]: 
[0m01:44:45.782260 [debug] [Dummy-1   ]: Acquiring new snowflake connection 'master'
[0m01:44:45.788748 [debug] [ThreadPool]: Acquiring new snowflake connection 'list_ZERO_TO_ONE_CHAIN'
[0m01:44:45.790629 [debug] [ThreadPool]: Acquiring new snowflake connection 'list_ZERO_TO_ONE_CHAIN'
[0m01:44:45.898049 [debug] [ThreadPool]: Using snowflake connection "list_ZERO_TO_ONE_CHAIN"
[0m01:44:45.898782 [debug] [ThreadPool]: Using snowflake connection "list_ZERO_TO_ONE_CHAIN"
[0m01:44:45.899343 [debug] [ThreadPool]: On list_ZERO_TO_ONE_CHAIN: /* {"app": "dbt", "dbt_version": "1.9.4", "profile_name": "zero_to_one_chain", "target_name": "dev", "connection_name": "list_ZERO_TO_ONE_CHAIN"} */
show terse schemas in database ZERO_TO_ONE_CHAIN
    limit 10000
[0m01:44:45.899915 [debug] [ThreadPool]: On list_ZERO_TO_ONE_CHAIN: /* {"app": "dbt", "dbt_version": "1.9.4", "profile_name": "zero_to_one_chain", "target_name": "dev", "connection_name": "list_ZERO_TO_ONE_CHAIN"} */
show terse schemas in database ZERO_TO_ONE_CHAIN
    limit 10000
[0m01:44:45.900543 [debug] [ThreadPool]: Opening a new connection, currently in state init
[0m01:44:45.901052 [debug] [ThreadPool]: Opening a new connection, currently in state init
[0m01:44:46.190329 [debug] [ThreadPool]: SQL status: SUCCESS 13 in 0.289 seconds
[0m01:44:46.193943 [debug] [ThreadPool]: SQL status: SUCCESS 13 in 0.293 seconds
[0m01:44:46.196377 [debug] [ThreadPool]: Re-using an available connection from the pool (formerly list_ZERO_TO_ONE_CHAIN, now create_ZERO_TO_ONE_CHAIN_PUBLIC_L5_CORE)
[0m01:44:46.197049 [debug] [ThreadPool]: Re-using an available connection from the pool (formerly list_ZERO_TO_ONE_CHAIN, now create_ZERO_TO_ONE_CHAIN_PUBLIC_L2_STAGE)
[0m01:44:46.197773 [debug] [ThreadPool]: Creating schema "database: "ZERO_TO_ONE_CHAIN"
schema: "PUBLIC_L5_CORE"
"
[0m01:44:46.198436 [debug] [ThreadPool]: Creating schema "database: "ZERO_TO_ONE_CHAIN"
schema: "PUBLIC_L2_STAGE"
"
[0m01:44:46.205009 [debug] [ThreadPool]: Using snowflake connection "create_ZERO_TO_ONE_CHAIN_PUBLIC_L5_CORE"
[0m01:44:46.209335 [debug] [ThreadPool]: Using snowflake connection "create_ZERO_TO_ONE_CHAIN_PUBLIC_L2_STAGE"
[0m01:44:46.209916 [debug] [ThreadPool]: On create_ZERO_TO_ONE_CHAIN_PUBLIC_L5_CORE: /* {"app": "dbt", "dbt_version": "1.9.4", "profile_name": "zero_to_one_chain", "target_name": "dev", "connection_name": "create_ZERO_TO_ONE_CHAIN_PUBLIC_L5_CORE"} */
create schema if not exists ZERO_TO_ONE_CHAIN.PUBLIC_L5_CORE
[0m01:44:46.210394 [debug] [ThreadPool]: On create_ZERO_TO_ONE_CHAIN_PUBLIC_L2_STAGE: /* {"app": "dbt", "dbt_version": "1.9.4", "profile_name": "zero_to_one_chain", "target_name": "dev", "connection_name": "create_ZERO_TO_ONE_CHAIN_PUBLIC_L2_STAGE"} */
create schema if not exists ZERO_TO_ONE_CHAIN.PUBLIC_L2_STAGE
[0m01:44:46.210899 [debug] [ThreadPool]: Opening a new connection, currently in state init
[0m01:44:46.211378 [debug] [ThreadPool]: Opening a new connection, currently in state init
[0m01:44:46.512936 [debug] [ThreadPool]: SQL status: SUCCESS 1 in 0.302 seconds
[0m01:44:46.524994 [debug] [ThreadPool]: SQL status: SUCCESS 1 in 0.313 seconds
[0m01:44:46.529109 [debug] [ThreadPool]: Acquiring new snowflake connection 'list_ZERO_TO_ONE_CHAIN_PUBLIC_L5_CORE'
[0m01:44:46.530647 [debug] [ThreadPool]: Re-using an available connection from the pool (formerly create_ZERO_TO_ONE_CHAIN_PUBLIC_L5_CORE, now list_ZERO_TO_ONE_CHAIN_PUBLIC_L2_STAGE)
[0m01:44:46.543890 [debug] [ThreadPool]: Using snowflake connection "list_ZERO_TO_ONE_CHAIN_PUBLIC_L5_CORE"
[0m01:44:46.547736 [debug] [ThreadPool]: Using snowflake connection "list_ZERO_TO_ONE_CHAIN_PUBLIC_L2_STAGE"
[0m01:44:46.548300 [debug] [ThreadPool]: On list_ZERO_TO_ONE_CHAIN_PUBLIC_L5_CORE: /* {"app": "dbt", "dbt_version": "1.9.4", "profile_name": "zero_to_one_chain", "target_name": "dev", "connection_name": "list_ZERO_TO_ONE_CHAIN_PUBLIC_L5_CORE"} */
alter session set quoted_identifiers_ignore_case = false;
[0m01:44:46.548912 [debug] [ThreadPool]: On list_ZERO_TO_ONE_CHAIN_PUBLIC_L2_STAGE: /* {"app": "dbt", "dbt_version": "1.9.4", "profile_name": "zero_to_one_chain", "target_name": "dev", "connection_name": "list_ZERO_TO_ONE_CHAIN_PUBLIC_L2_STAGE"} */
alter session set quoted_identifiers_ignore_case = false;
[0m01:44:46.549381 [debug] [ThreadPool]: Opening a new connection, currently in state init
[0m01:44:46.549824 [debug] [ThreadPool]: Opening a new connection, currently in state init
[0m01:44:46.836210 [debug] [ThreadPool]: SQL status: SUCCESS 1 in 0.287 seconds
[0m01:44:46.837026 [debug] [ThreadPool]: SQL status: SUCCESS 1 in 0.287 seconds
[0m01:44:46.841481 [debug] [ThreadPool]: Using snowflake connection "list_ZERO_TO_ONE_CHAIN_PUBLIC_L5_CORE"
[0m01:44:46.843581 [debug] [ThreadPool]: Using snowflake connection "list_ZERO_TO_ONE_CHAIN_PUBLIC_L2_STAGE"
[0m01:44:46.844143 [debug] [ThreadPool]: On list_ZERO_TO_ONE_CHAIN_PUBLIC_L5_CORE: /* {"app": "dbt", "dbt_version": "1.9.4", "profile_name": "zero_to_one_chain", "target_name": "dev", "connection_name": "list_ZERO_TO_ONE_CHAIN_PUBLIC_L5_CORE"} */
show objects in ZERO_TO_ONE_CHAIN.PUBLIC_L5_CORE
    limit 10000
    
;
[0m01:44:46.844731 [debug] [ThreadPool]: On list_ZERO_TO_ONE_CHAIN_PUBLIC_L2_STAGE: /* {"app": "dbt", "dbt_version": "1.9.4", "profile_name": "zero_to_one_chain", "target_name": "dev", "connection_name": "list_ZERO_TO_ONE_CHAIN_PUBLIC_L2_STAGE"} */
show objects in ZERO_TO_ONE_CHAIN.PUBLIC_L2_STAGE
    limit 10000
    
;
[0m01:44:46.903716 [debug] [ThreadPool]: SQL status: SUCCESS 0 in 0.058 seconds
[0m01:44:46.904639 [debug] [ThreadPool]: SQL status: SUCCESS 0 in 0.059 seconds
[0m01:44:46.906544 [debug] [ThreadPool]: Using snowflake connection "list_ZERO_TO_ONE_CHAIN_PUBLIC_L5_CORE"
[0m01:44:46.908241 [debug] [ThreadPool]: Using snowflake connection "list_ZERO_TO_ONE_CHAIN_PUBLIC_L2_STAGE"
[0m01:44:46.908841 [debug] [ThreadPool]: On list_ZERO_TO_ONE_CHAIN_PUBLIC_L5_CORE: /* {"app": "dbt", "dbt_version": "1.9.4", "profile_name": "zero_to_one_chain", "target_name": "dev", "connection_name": "list_ZERO_TO_ONE_CHAIN_PUBLIC_L5_CORE"} */
alter session unset quoted_identifiers_ignore_case;
[0m01:44:46.909356 [debug] [ThreadPool]: On list_ZERO_TO_ONE_CHAIN_PUBLIC_L2_STAGE: /* {"app": "dbt", "dbt_version": "1.9.4", "profile_name": "zero_to_one_chain", "target_name": "dev", "connection_name": "list_ZERO_TO_ONE_CHAIN_PUBLIC_L2_STAGE"} */
alter session unset quoted_identifiers_ignore_case;
[0m01:44:46.963477 [debug] [ThreadPool]: SQL status: SUCCESS 1 in 0.053 seconds
[0m01:44:46.973501 [debug] [ThreadPool]: SQL status: SUCCESS 1 in 0.063 seconds
[0m01:44:46.988984 [debug] [Thread-2 (]: Began running node model.zero_to_one_chain.dim_supplier
[0m01:44:46.989642 [debug] [Thread-3 (]: Began running node model.zero_to_one_chain.stg_inventory
[0m01:44:46.990213 [debug] [Thread-4 (]: Began running node model.zero_to_one_chain.stg_purchase_orders
[0m01:44:46.990872 [debug] [Thread-5 (]: Began running node model.zero_to_one_chain.stg_sales_orders
[0m01:44:46.991430 [debug] [Thread-6 (]: Began running node model.zero_to_one_chain.stg_shipments
[0m01:44:46.992131 [info ] [Thread-2 (]: 1 of 7 START sql table model PUBLIC_L5_CORE.dim_supplier ....................... [RUN]
[0m01:44:46.993196 [info ] [Thread-3 (]: 2 of 7 START sql view model PUBLIC_L2_STAGE.stg_inventory ...................... [RUN]
[0m01:44:46.993914 [info ] [Thread-4 (]: 3 of 7 START sql view model PUBLIC_L2_STAGE.stg_purchase_orders ................ [RUN]
[0m01:44:46.994575 [info ] [Thread-5 (]: 4 of 7 START sql view model PUBLIC_L2_STAGE.stg_sales_orders ................... [RUN]
[0m01:44:46.995232 [info ] [Thread-6 (]: 5 of 7 START sql view model PUBLIC_L2_STAGE.stg_shipments ...................... [RUN]
[0m01:44:46.995886 [debug] [Thread-2 (]: Re-using an available connection from the pool (formerly list_ZERO_TO_ONE_CHAIN_PUBLIC_L5_CORE, now model.zero_to_one_chain.dim_supplier)
[0m01:44:46.996445 [debug] [Thread-3 (]: Re-using an available connection from the pool (formerly list_ZERO_TO_ONE_CHAIN_PUBLIC_L2_STAGE, now model.zero_to_one_chain.stg_inventory)
[0m01:44:46.997079 [debug] [Thread-4 (]: Re-using an available connection from the pool (formerly create_ZERO_TO_ONE_CHAIN_PUBLIC_L2_STAGE, now model.zero_to_one_chain.stg_purchase_orders)
[0m01:44:46.997712 [debug] [Thread-5 (]: Acquiring new snowflake connection 'model.zero_to_one_chain.stg_sales_orders'
[0m01:44:46.998356 [debug] [Thread-6 (]: Acquiring new snowflake connection 'model.zero_to_one_chain.stg_shipments'
[0m01:44:46.998858 [debug] [Thread-2 (]: Began compiling node model.zero_to_one_chain.dim_supplier
[0m01:44:46.999371 [debug] [Thread-3 (]: Began compiling node model.zero_to_one_chain.stg_inventory
[0m01:44:46.999850 [debug] [Thread-4 (]: Began compiling node model.zero_to_one_chain.stg_purchase_orders
[0m01:44:47.000317 [debug] [Thread-5 (]: Began compiling node model.zero_to_one_chain.stg_sales_orders
[0m01:44:47.000886 [debug] [Thread-6 (]: Began compiling node model.zero_to_one_chain.stg_shipments
[0m01:44:47.011466 [debug] [Thread-2 (]: Writing injected SQL for node "model.zero_to_one_chain.dim_supplier"
[0m01:44:47.016147 [debug] [Thread-3 (]: Writing injected SQL for node "model.zero_to_one_chain.stg_inventory"
[0m01:44:47.020762 [debug] [Thread-4 (]: Writing injected SQL for node "model.zero_to_one_chain.stg_purchase_orders"
[0m01:44:47.025475 [debug] [Thread-5 (]: Writing injected SQL for node "model.zero_to_one_chain.stg_sales_orders"
[0m01:44:47.030096 [debug] [Thread-6 (]: Writing injected SQL for node "model.zero_to_one_chain.stg_shipments"
[0m01:44:47.032052 [debug] [Thread-2 (]: Began executing node model.zero_to_one_chain.dim_supplier
[0m01:44:47.032836 [debug] [Thread-3 (]: Began executing node model.zero_to_one_chain.stg_inventory
[0m01:44:47.033574 [debug] [Thread-4 (]: Began executing node model.zero_to_one_chain.stg_purchase_orders
[0m01:44:47.034355 [debug] [Thread-5 (]: Began executing node model.zero_to_one_chain.stg_sales_orders
[0m01:44:47.046223 [debug] [Thread-6 (]: Began executing node model.zero_to_one_chain.stg_shipments
[0m01:44:47.075340 [debug] [Thread-2 (]: Writing runtime sql for node "model.zero_to_one_chain.dim_supplier"
[0m01:44:47.107260 [debug] [Thread-3 (]: Writing runtime sql for node "model.zero_to_one_chain.stg_inventory"
[0m01:44:47.120942 [debug] [Thread-4 (]: Writing runtime sql for node "model.zero_to_one_chain.stg_purchase_orders"
[0m01:44:47.125378 [debug] [Thread-5 (]: Writing runtime sql for node "model.zero_to_one_chain.stg_sales_orders"
[0m01:44:47.130451 [debug] [Thread-6 (]: Writing runtime sql for node "model.zero_to_one_chain.stg_shipments"
[0m01:44:47.134351 [debug] [Thread-2 (]: Using snowflake connection "model.zero_to_one_chain.dim_supplier"
[0m01:44:47.136221 [debug] [Thread-3 (]: Using snowflake connection "model.zero_to_one_chain.stg_inventory"
[0m01:44:47.139270 [debug] [Thread-4 (]: Using snowflake connection "model.zero_to_one_chain.stg_purchase_orders"
[0m01:44:47.142229 [debug] [Thread-5 (]: Using snowflake connection "model.zero_to_one_chain.stg_sales_orders"
[0m01:44:47.143103 [debug] [Thread-2 (]: On model.zero_to_one_chain.dim_supplier: /* {"app": "dbt", "dbt_version": "1.9.4", "profile_name": "zero_to_one_chain", "target_name": "dev", "node_id": "model.zero_to_one_chain.dim_supplier"} */
create or replace transient table ZERO_TO_ONE_CHAIN.PUBLIC_L5_CORE.dim_supplier
         as
        (-- Conformed supplier dimension: golden record from ERP + SRM entity resolution


WITH erp AS (
    SELECT * FROM ZERO_TO_ONE_CHAIN.L1_INGESTION.RAW_ERP_VENDORS
),
srm AS (
    SELECT * FROM ZERO_TO_ONE_CHAIN.L1_INGESTION.RAW_SRM_SUPPLIERS
),
crosswalk AS (
    SELECT
        e.vendor_code AS supplier_id,
        e.vendor_name AS supplier_name,
        e.vendor_region AS region,
        e.country_code AS country,
        e.vendor_tier AS tier,
        e.vendor_status AS erp_status,
        e.primary_category,
        e.certifications,
        e.onboarding_date,
        e.annual_spend_usd_mm,
        e.avg_lead_time_days AS lead_time_days,
        e.historical_otd_pct AS otd_pct,
        e.defect_rate_ppm AS defect_ppm,
        e.financial_risk_score,
        e.geopolitical_risk_score,
        e.payment_terms,
        e.company_size,
        e.employee_count,
        e.dual_source_available,
        e.last_audit_date,
        e.last_audit_result,
        s.quality_score,
        s.delivery_reliability_pct,
        s.responsiveness_score,
        s.innovation_score,
        s.sustainability_score,
        s.cost_competitiveness_idx,
        s.esg_compliance_status,
        s.carbon_intensity_score,
        s.concentration_risk,
        ROUND(
            COALESCE(e.financial_risk_score, 3) * 0.3 +
            COALESCE(e.geopolitical_risk_score, 3) * 0.2 +
            (10 - COALESCE(s.quality_score, 70) / 10) * 0.25 +
            (10 - COALESCE(s.delivery_reliability_pct, 70) / 10) * 0.25
        , 2) AS blended_risk_score,
        CASE
            WHEN e.vendor_code = s.erp_vendor_ref THEN 'EXACT_KEY'
            ELSE 'FUZZY'
        END AS match_method
    FROM erp e
    LEFT JOIN srm s ON e.vendor_code = s.erp_vendor_ref
)
SELECT * FROM crosswalk
        );
[0m01:44:47.145564 [debug] [Thread-6 (]: Using snowflake connection "model.zero_to_one_chain.stg_shipments"
[0m01:44:47.146210 [debug] [Thread-3 (]: On model.zero_to_one_chain.stg_inventory: /* {"app": "dbt", "dbt_version": "1.9.4", "profile_name": "zero_to_one_chain", "target_name": "dev", "node_id": "model.zero_to_one_chain.stg_inventory"} */
create or replace   view ZERO_TO_ONE_CHAIN.PUBLIC_L2_STAGE.stg_inventory
  
   as (
    -- Staged inventory snapshots


SELECT
    snapshot_date::DATE AS snapshot_date,
    UPPER(TRIM(plant_code)) AS plant_code,
    UPPER(TRIM(material_number)) AS material_number,
    UPPER(TRIM(storage_location)) AS storage_location,
    GREATEST(on_hand_qty, 0) AS on_hand_qty,
    GREATEST(allocated_qty, 0) AS allocated_qty,
    GREATEST(on_hand_qty - allocated_qty, 0) AS available_qty,
    GREATEST(in_transit_qty, 0) AS in_transit_qty,
    GREATEST(on_order_qty, 0) AS on_order_qty,
    GREATEST(quarantine_qty, 0) AS quarantine_qty,
    unit_cost_usd,
    ROUND(GREATEST(on_hand_qty, 0) * unit_cost_usd, 2) AS inventory_value_usd,
    reorder_point,
    safety_stock_qty,
    CASE
        WHEN on_hand_qty <= 0 THEN 'STOCKOUT'
        WHEN on_hand_qty <= reorder_point THEN 'BELOW_ROP'
        WHEN on_hand_qty <= safety_stock_qty THEN 'BELOW_SAFETY'
        ELSE 'ADEQUATE'
    END AS stock_status,
    days_on_hand,
    UPPER(TRIM(abc_classification)) AS abc_class,
    turnover_ratio,
    obsolescence_risk_pct,
    carrying_cost_usd_daily,
    _loaded_at,
    _source_system
FROM ZERO_TO_ONE_CHAIN.L1_INGESTION.RAW_ERP_INVENTORY_SNAPSHOTS
  );
[0m01:44:47.147036 [debug] [Thread-4 (]: On model.zero_to_one_chain.stg_purchase_orders: /* {"app": "dbt", "dbt_version": "1.9.4", "profile_name": "zero_to_one_chain", "target_name": "dev", "node_id": "model.zero_to_one_chain.stg_purchase_orders"} */
create or replace   view ZERO_TO_ONE_CHAIN.PUBLIC_L2_STAGE.stg_purchase_orders
  
   as (
    -- Staged purchase orders: typed, normalized, standardized OTD logic


SELECT
    po_number,
    po_header_id,
    line_number,
    po_date::DATE AS po_date,
    UPPER(TRIM(po_type)) AS po_type,
    UPPER(TRIM(po_status)) AS po_status,
    UPPER(TRIM(vendor_code)) AS supplier_id,
    UPPER(TRIM(receiving_plant)) AS plant_code,
    UPPER(TRIM(material_number)) AS material_number,
    UPPER(TRIM(material_group)) AS material_group,
    GREATEST(ordered_qty, 0) AS ordered_qty,
    GREATEST(received_qty, 0) AS received_qty,
    GREATEST(rejected_qty, 0) AS rejected_qty,
    UPPER(TRIM(uom)) AS uom,
    unit_price AS unit_price_local,
    UPPER(TRIM(price_currency)) AS price_currency,
    fx_rate_to_usd,
    ROUND(unit_price / NULLIF(fx_rate_to_usd, 0), 4) AS unit_price_usd,
    ROUND(ordered_qty * unit_price / NULLIF(fx_rate_to_usd, 0), 2) AS extended_price_usd,
    discount_pct,
    freight_cost_usd,
    duty_cost_usd,
    handling_cost_usd,
    ROUND(
        ordered_qty * unit_price / NULLIF(fx_rate_to_usd, 0)
        + COALESCE(freight_cost_usd, 0)
        + COALESCE(duty_cost_usd, 0)
        + COALESCE(handling_cost_usd, 0), 2
    ) AS landed_cost_usd,
    requested_delivery_date::DATE AS requested_delivery_date,
    confirmed_delivery_date::DATE AS confirmed_delivery_date,
    actual_delivery_date::DATE AS actual_delivery_date,
    DATEDIFF(DAY, confirmed_delivery_date, actual_delivery_date) AS delivery_variance_days,
    CASE WHEN actual_delivery_date IS NOT NULL AND actual_delivery_date <= confirmed_delivery_date THEN TRUE ELSE FALSE END AS is_on_time,
    CASE WHEN actual_delivery_date IS NOT NULL AND received_qty >= ordered_qty THEN TRUE ELSE FALSE END AS is_in_full,
    CASE WHEN actual_delivery_date IS NOT NULL AND actual_delivery_date <= confirmed_delivery_date AND received_qty >= ordered_qty THEN TRUE ELSE FALSE END AS is_otif,
    UPPER(TRIM(priority)) AS priority,
    UPPER(TRIM(order_source)) AS order_source,
    cost_center,
    project_code,
    _loaded_at,
    _source_system
FROM ZERO_TO_ONE_CHAIN.L1_INGESTION.RAW_ERP_PURCHASE_ORDERS
  );
[0m01:44:47.147823 [debug] [Thread-5 (]: On model.zero_to_one_chain.stg_sales_orders: /* {"app": "dbt", "dbt_version": "1.9.4", "profile_name": "zero_to_one_chain", "target_name": "dev", "node_id": "model.zero_to_one_chain.stg_sales_orders"} */
create or replace   view ZERO_TO_ONE_CHAIN.PUBLIC_L2_STAGE.stg_sales_orders
  
   as (
    -- Staged sales orders: standardized OTD/OTIF/fill rate definitions


SELECT
    order_number,
    order_header_id,
    line_item,
    order_date::DATE AS order_date,
    UPPER(TRIM(order_type)) AS order_type,
    UPPER(TRIM(order_status)) AS order_status,
    UPPER(TRIM(customer_id)) AS customer_id,
    UPPER(TRIM(shipping_plant)) AS plant_code,
    UPPER(TRIM(material_number)) AS material_number,
    GREATEST(ordered_qty, 0) AS ordered_qty,
    GREATEST(shipped_qty, 0) AS shipped_qty,
    GREATEST(delivered_qty, 0) AS delivered_qty,
    UPPER(TRIM(uom)) AS uom,
    unit_price_usd,
    ROUND(ordered_qty * unit_price_usd, 2) AS line_value_usd,
    discount_pct,
    ROUND(ordered_qty * unit_price_usd * (1 - COALESCE(discount_pct, 0) / 100), 2) AS net_value_usd,
    requested_delivery_date::DATE AS requested_delivery_date,
    committed_delivery_date::DATE AS committed_delivery_date,
    actual_delivery_date::DATE AS actual_delivery_date,
    DATEDIFF(DAY, committed_delivery_date, actual_delivery_date) AS delivery_variance_days,
    CASE WHEN actual_delivery_date IS NOT NULL AND actual_delivery_date <= committed_delivery_date THEN TRUE ELSE FALSE END AS is_on_time,
    CASE WHEN delivered_qty >= ordered_qty THEN TRUE ELSE FALSE END AS is_in_full,
    CASE WHEN actual_delivery_date IS NOT NULL AND actual_delivery_date <= committed_delivery_date AND delivered_qty >= ordered_qty THEN TRUE ELSE FALSE END AS is_otif,
    DIV0(delivered_qty, ordered_qty) * 100 AS fill_rate_pct,
    UPPER(TRIM(ship_to_region)) AS ship_to_region,
    UPPER(TRIM(ship_to_country)) AS ship_to_country,
    UPPER(TRIM(shipping_method)) AS shipping_method,
    shipment_ref,
    freight_charge_usd,
    UPPER(TRIM(service_level)) AS service_level,
    UPPER(TRIM(priority)) AS priority,
    UPPER(TRIM(channel)) AS channel,
    _loaded_at,
    _source_system
FROM ZERO_TO_ONE_CHAIN.L1_INGESTION.RAW_ERP_SALES_ORDERS
  );
[0m01:44:47.148440 [debug] [Thread-2 (]: Opening a new connection, currently in state init
[0m01:44:47.149146 [debug] [Thread-6 (]: On model.zero_to_one_chain.stg_shipments: /* {"app": "dbt", "dbt_version": "1.9.4", "profile_name": "zero_to_one_chain", "target_name": "dev", "node_id": "model.zero_to_one_chain.stg_shipments"} */
create or replace   view ZERO_TO_ONE_CHAIN.PUBLIC_L2_STAGE.stg_shipments
  
   as (
    -- Staged shipments from TMS


SELECT
    shipment_id,
    bill_of_lading,
    ship_date::DATE AS ship_date,
    estimated_arrival::DATE AS estimated_arrival,
    actual_arrival::DATE AS actual_arrival,
    UPPER(TRIM(shipment_status)) AS shipment_status,
    UPPER(TRIM(transport_mode)) AS transport_mode,
    UPPER(TRIM(carrier_name)) AS carrier_name,
    UPPER(TRIM(carrier_code)) AS carrier_code,
    UPPER(TRIM(origin_plant)) AS origin_plant,
    UPPER(TRIM(destination_plant)) AS destination_plant,
    UPPER(TRIM(origin_region)) AS origin_region,
    UPPER(TRIM(destination_region)) AS destination_region,
    GREATEST(gross_weight_kg, 0) AS gross_weight_kg,
    GREATEST(volume_cbm, 0) AS volume_cbm,
    GREATEST(package_count, 0) AS package_count,
    freight_cost_usd,
    insurance_cost_usd,
    customs_duty_usd,
    handling_charges_usd,
    ROUND(COALESCE(freight_cost_usd,0) + COALESCE(insurance_cost_usd,0) + COALESCE(customs_duty_usd,0) + COALESCE(handling_charges_usd,0), 2) AS total_logistics_cost_usd,
    UPPER(TRIM(incoterm)) AS incoterm,
    transit_exceptions_count,
    co2_emissions_kg,
    CASE WHEN actual_arrival IS NOT NULL AND actual_arrival <= estimated_arrival THEN TRUE ELSE FALSE END AS is_on_time,
    CASE WHEN actual_arrival IS NOT NULL THEN DATEDIFF(DAY, estimated_arrival, actual_arrival) ELSE NULL END AS delay_days,
    reference_po,
    _loaded_at,
    _source_system
FROM ZERO_TO_ONE_CHAIN.L1_INGESTION.RAW_TMS_SHIPMENTS
  );
[0m01:44:47.149725 [debug] [Thread-3 (]: Opening a new connection, currently in state init
[0m01:44:47.150246 [debug] [Thread-4 (]: Opening a new connection, currently in state init
[0m01:44:47.150768 [debug] [Thread-5 (]: Opening a new connection, currently in state init
[0m01:44:47.151518 [debug] [Thread-6 (]: Opening a new connection, currently in state init
[0m01:44:47.595820 [debug] [Thread-3 (]: SQL status: SUCCESS 1 in 0.446 seconds
[0m01:44:47.615155 [debug] [Thread-6 (]: SQL status: SUCCESS 1 in 0.464 seconds
[0m01:44:47.623127 [info ] [Thread-3 (]: 2 of 7 OK created sql view model PUBLIC_L2_STAGE.stg_inventory ................. [[32mSUCCESS 1[0m in 0.62s]
[0m01:44:47.623983 [info ] [Thread-6 (]: 5 of 7 OK created sql view model PUBLIC_L2_STAGE.stg_shipments ................. [[32mSUCCESS 1[0m in 0.62s]
[0m01:44:47.624913 [debug] [Thread-4 (]: SQL status: SUCCESS 1 in 0.475 seconds
[0m01:44:47.625634 [debug] [Thread-3 (]: Finished running node model.zero_to_one_chain.stg_inventory
[0m01:44:47.626330 [debug] [Thread-6 (]: Finished running node model.zero_to_one_chain.stg_shipments
[0m01:44:47.629149 [info ] [Thread-4 (]: 3 of 7 OK created sql view model PUBLIC_L2_STAGE.stg_purchase_orders ........... [[32mSUCCESS 1[0m in 0.63s]
[0m01:44:47.629962 [debug] [Thread-5 (]: SQL status: SUCCESS 1 in 0.479 seconds
[0m01:44:47.631060 [debug] [Thread-4 (]: Finished running node model.zero_to_one_chain.stg_purchase_orders
[0m01:44:47.633762 [info ] [Thread-5 (]: 4 of 7 OK created sql view model PUBLIC_L2_STAGE.stg_sales_orders .............. [[32mSUCCESS 1[0m in 0.64s]
[0m01:44:47.634931 [debug] [Thread-8 (]: Began running node model.zero_to_one_chain.fact_purchase_orders
[0m01:44:47.635671 [debug] [Thread-5 (]: Finished running node model.zero_to_one_chain.stg_sales_orders
[0m01:44:47.636406 [info ] [Thread-8 (]: 6 of 7 START sql table model PUBLIC_L5_CORE.fact_purchase_orders ............... [RUN]
[0m01:44:47.637629 [debug] [Thread-7 (]: Began running node model.zero_to_one_chain.fact_orders
[0m01:44:47.638391 [debug] [Thread-8 (]: Acquiring new snowflake connection 'model.zero_to_one_chain.fact_purchase_orders'
[0m01:44:47.639071 [info ] [Thread-7 (]: 7 of 7 START sql table model PUBLIC_L5_CORE.fact_orders ........................ [RUN]
[0m01:44:47.639709 [debug] [Thread-8 (]: Began compiling node model.zero_to_one_chain.fact_purchase_orders
[0m01:44:47.640402 [debug] [Thread-7 (]: Acquiring new snowflake connection 'model.zero_to_one_chain.fact_orders'
[0m01:44:47.645573 [debug] [Thread-8 (]: Writing injected SQL for node "model.zero_to_one_chain.fact_purchase_orders"
[0m01:44:47.646169 [debug] [Thread-7 (]: Began compiling node model.zero_to_one_chain.fact_orders
[0m01:44:47.650922 [debug] [Thread-7 (]: Writing injected SQL for node "model.zero_to_one_chain.fact_orders"
[0m01:44:47.651571 [debug] [Thread-8 (]: Began executing node model.zero_to_one_chain.fact_purchase_orders
[0m01:44:47.657182 [debug] [Thread-8 (]: Writing runtime sql for node "model.zero_to_one_chain.fact_purchase_orders"
[0m01:44:47.657818 [debug] [Thread-7 (]: Began executing node model.zero_to_one_chain.fact_orders
[0m01:44:47.661863 [debug] [Thread-7 (]: Writing runtime sql for node "model.zero_to_one_chain.fact_orders"
[0m01:44:47.663404 [debug] [Thread-8 (]: Using snowflake connection "model.zero_to_one_chain.fact_purchase_orders"
[0m01:44:47.664308 [debug] [Thread-8 (]: On model.zero_to_one_chain.fact_purchase_orders: /* {"app": "dbt", "dbt_version": "1.9.4", "profile_name": "zero_to_one_chain", "target_name": "dev", "node_id": "model.zero_to_one_chain.fact_purchase_orders"} */
create or replace transient table ZERO_TO_ONE_CHAIN.PUBLIC_L5_CORE.fact_purchase_orders
         as
        (-- Conformed fact: purchase orders with landed cost


SELECT
    po_number,
    po_header_id,
    line_number,
    po_date,
    po_type,
    po_status,
    supplier_id,
    plant_code,
    material_number,
    material_group,
    ordered_qty,
    received_qty,
    rejected_qty,
    uom,
    unit_price_usd,
    extended_price_usd,
    discount_pct,
    freight_cost_usd,
    duty_cost_usd,
    handling_cost_usd,
    landed_cost_usd,
    requested_delivery_date,
    confirmed_delivery_date,
    actual_delivery_date,
    delivery_variance_days,
    is_on_time,
    is_in_full,
    is_otif,
    priority,
    order_source,
    cost_center,
    project_code
FROM ZERO_TO_ONE_CHAIN.PUBLIC_L2_STAGE.stg_purchase_orders
        );
[0m01:44:47.665834 [debug] [Thread-7 (]: Using snowflake connection "model.zero_to_one_chain.fact_orders"
[0m01:44:47.666363 [debug] [Thread-8 (]: Opening a new connection, currently in state init
[0m01:44:47.666984 [debug] [Thread-7 (]: On model.zero_to_one_chain.fact_orders: /* {"app": "dbt", "dbt_version": "1.9.4", "profile_name": "zero_to_one_chain", "target_name": "dev", "node_id": "model.zero_to_one_chain.fact_orders"} */
create or replace transient table ZERO_TO_ONE_CHAIN.PUBLIC_L5_CORE.fact_orders
         as
        (-- Conformed fact: sales orders with standardized OTD/OTIF


SELECT
    order_number,
    order_header_id,
    line_item,
    order_date,
    order_type,
    order_status,
    customer_id,
    plant_code,
    material_number,
    ordered_qty,
    shipped_qty,
    delivered_qty,
    uom,
    unit_price_usd,
    line_value_usd,
    discount_pct,
    net_value_usd,
    requested_delivery_date,
    committed_delivery_date,
    actual_delivery_date,
    delivery_variance_days,
    is_on_time,
    is_in_full,
    is_otif,
    fill_rate_pct,
    ship_to_region,
    ship_to_country,
    shipping_method,
    shipment_ref,
    freight_charge_usd,
    service_level,
    priority,
    channel
FROM ZERO_TO_ONE_CHAIN.PUBLIC_L2_STAGE.stg_sales_orders
        );
[0m01:44:47.667776 [debug] [Thread-7 (]: Opening a new connection, currently in state init
[0m01:44:48.593377 [debug] [Thread-2 (]: SQL status: SUCCESS 1 in 1.445 seconds
[0m01:44:48.596315 [info ] [Thread-2 (]: 1 of 7 OK created sql table model PUBLIC_L5_CORE.dim_supplier .................. [[32mSUCCESS 1[0m in 1.60s]
[0m01:44:48.597149 [debug] [Thread-2 (]: Finished running node model.zero_to_one_chain.dim_supplier
[0m01:44:49.036114 [debug] [Thread-8 (]: SQL status: SUCCESS 1 in 1.370 seconds
[0m01:44:49.038977 [info ] [Thread-8 (]: 6 of 7 OK created sql table model PUBLIC_L5_CORE.fact_purchase_orders .......... [[32mSUCCESS 1[0m in 1.40s]
[0m01:44:49.039747 [debug] [Thread-8 (]: Finished running node model.zero_to_one_chain.fact_purchase_orders
[0m01:44:49.500018 [debug] [Thread-7 (]: SQL status: SUCCESS 1 in 1.832 seconds
[0m01:44:49.503021 [info ] [Thread-7 (]: 7 of 7 OK created sql table model PUBLIC_L5_CORE.fact_orders ................... [[32mSUCCESS 1[0m in 1.86s]
[0m01:44:49.503846 [debug] [Thread-7 (]: Finished running node model.zero_to_one_chain.fact_orders
[0m01:44:49.508060 [debug] [Dummy-1   ]: Connection 'master' was properly closed.
[0m01:44:49.508922 [debug] [Dummy-1   ]: Connection 'model.zero_to_one_chain.stg_purchase_orders' was properly closed.
[0m01:44:49.509426 [debug] [Dummy-1   ]: Connection 'model.zero_to_one_chain.stg_inventory' was properly closed.
[0m01:44:49.509851 [debug] [Dummy-1   ]: Connection 'model.zero_to_one_chain.dim_supplier' was properly closed.
[0m01:44:49.510252 [debug] [Dummy-1   ]: Connection 'model.zero_to_one_chain.stg_sales_orders' was properly closed.
[0m01:44:49.510657 [debug] [Dummy-1   ]: Connection 'model.zero_to_one_chain.stg_shipments' was properly closed.
[0m01:44:49.511064 [debug] [Dummy-1   ]: Connection 'model.zero_to_one_chain.fact_purchase_orders' was properly closed.
[0m01:44:49.511493 [debug] [Dummy-1   ]: Connection 'model.zero_to_one_chain.fact_orders' was properly closed.
[0m01:44:49.512062 [info ] [Dummy-1   ]: 
[0m01:44:49.512661 [info ] [Dummy-1   ]: Finished running 3 table models, 4 view models in 0 hours 0 minutes and 3.73 seconds (3.73s).
[0m01:44:49.514122 [debug] [Dummy-1   ]: Command end result
[0m01:44:49.542454 [debug] [Dummy-1   ]: Wrote artifact WritableManifest to /tmp/dbt/target/manifest.json
[0m01:44:49.544519 [debug] [Dummy-1   ]: Wrote artifact SemanticManifest to /tmp/dbt/target/semantic_manifest.json
[0m01:44:49.550867 [debug] [Dummy-1   ]: Wrote artifact RunExecutionResult to /tmp/dbt/target/run_results.json
[0m01:44:49.551371 [info ] [Dummy-1   ]: 
[0m01:44:49.551961 [info ] [Dummy-1   ]: [32mCompleted successfully[0m
[0m01:44:49.552446 [info ] [Dummy-1   ]: 
[0m01:44:49.553019 [info ] [Dummy-1   ]: Done. PASS=7 WARN=0 ERROR=0 SKIP=0 TOTAL=7
[0m01:44:49.554791 [debug] [Dummy-1   ]: Resource report: {"command_name": "run", "command_success": true, "command_wall_clock_time": 5.172742, "process_in_blocks": "0", "process_kernel_time": 0.87, "process_mem_max_rss": "494432", "process_out_blocks": "0", "process_user_time": 4.53}
[0m01:44:49.555427 [debug] [Dummy-1   ]: Command `cli run` succeeded at 01:44:49.555157 after 5.17 seconds
[0m01:44:49.555931 [debug] [Dummy-1   ]: Flushing usage events


============================== 01:45:10.911244 | c4d0b2d7-bbba-4550-ac6e-480273356f1c ==============================
[0m01:45:10.911244 [info ] [Dummy-1   ]: Running with dbt=1.9.4
[0m01:45:10.912120 [debug] [Dummy-1   ]: running dbt with arguments {'printer_width': '80', 'indirect_selection': 'eager', 'write_json': 'True', 'log_cache_events': 'False', 'partial_parse': 'True', 'cache_selected_only': 'False', 'profiles_dir': '/tmp/dbt_effective_profiles_e8pazhec', 'fail_fast': 'False', 'warn_error': 'None', 'log_path': '/tmp/dbt/logs', 'version_check': 'True', 'debug': 'False', 'use_colors': 'True', 'use_experimental_parser': 'False', 'empty': 'None', 'quiet': 'False', 'no_print': 'None', 'log_format': 'default', 'static_parser': 'True', 'introspect': 'True', 'warn_error_options': 'WarnErrorOptions(include=[], exclude=[])', 'target_path': 'None', 'invocation_command': 'dbt ', 'send_anonymous_usage_stats': 'False'}
[0m01:45:11.105279 [info ] [Dummy-1   ]: State adapter: dbt-state v0.0.0 is disabled
[0m01:45:11.195423 [info ] [Dummy-1   ]: Registered adapter: snowflake=1.9.2
[0m01:45:11.751625 [debug] [Dummy-1   ]: checksum: 53ed91fada2233efb98368d1716b44ab532c83a9c293cf1890b7905d5b45fb25, vars: {}, profile: , target: dev, version: 1.9.4
[0m01:45:11.983365 [debug] [Dummy-1   ]: Partial parsing enabled: 0 files deleted, 0 files added, 0 files changed.
[0m01:45:11.984000 [debug] [Dummy-1   ]: Partial parsing enabled, no changes found, skipping parsing
[0m01:45:12.053773 [warn ] [Dummy-1   ]: [[33mWARNING[0m]: Configuration paths exist in your dbt_project.yml file which do not apply to any resources.
There are 1 unused configuration paths:
- models.zero_to_one_chain.metrics
[0m01:45:12.208887 [debug] [Dummy-1   ]: Wrote artifact WritableManifest to /tmp/dbt/target/manifest.json
[0m01:45:12.211031 [debug] [Dummy-1   ]: Wrote artifact SemanticManifest to /tmp/dbt/target/semantic_manifest.json
[0m01:45:12.272277 [info ] [Dummy-1   ]: Found 7 models, 22 data tests, 11 sources, 474 macros
[0m01:45:12.275717 [info ] [Dummy-1   ]: 
[0m01:45:12.276323 [info ] [Dummy-1   ]: Concurrency: 8 threads (target='dev')
[0m01:45:12.276868 [info ] [Dummy-1   ]: 
[0m01:45:12.277642 [debug] [Dummy-1   ]: Acquiring new snowflake connection 'master'
[0m01:45:12.284521 [debug] [ThreadPool]: Acquiring new snowflake connection 'list_ZERO_TO_ONE_CHAIN_PUBLIC_L5_CORE'
[0m01:45:12.286899 [debug] [ThreadPool]: Acquiring new snowflake connection 'list_ZERO_TO_ONE_CHAIN_PUBLIC_L2_STAGE'
[0m01:45:12.401000 [debug] [ThreadPool]: Using snowflake connection "list_ZERO_TO_ONE_CHAIN_PUBLIC_L5_CORE"
[0m01:45:12.401748 [debug] [ThreadPool]: Using snowflake connection "list_ZERO_TO_ONE_CHAIN_PUBLIC_L2_STAGE"
[0m01:45:12.402285 [debug] [ThreadPool]: On list_ZERO_TO_ONE_CHAIN_PUBLIC_L5_CORE: /* {"app": "dbt", "dbt_version": "1.9.4", "profile_name": "zero_to_one_chain", "target_name": "dev", "connection_name": "list_ZERO_TO_ONE_CHAIN_PUBLIC_L5_CORE"} */
alter session set quoted_identifiers_ignore_case = false;
[0m01:45:12.402794 [debug] [ThreadPool]: On list_ZERO_TO_ONE_CHAIN_PUBLIC_L2_STAGE: /* {"app": "dbt", "dbt_version": "1.9.4", "profile_name": "zero_to_one_chain", "target_name": "dev", "connection_name": "list_ZERO_TO_ONE_CHAIN_PUBLIC_L2_STAGE"} */
alter session set quoted_identifiers_ignore_case = false;
[0m01:45:12.403322 [debug] [ThreadPool]: Opening a new connection, currently in state init
[0m01:45:12.403756 [debug] [ThreadPool]: Opening a new connection, currently in state init
[0m01:45:13.249995 [debug] [ThreadPool]: SQL status: SUCCESS 1 in 0.846 seconds
[0m01:45:13.254649 [debug] [ThreadPool]: Using snowflake connection "list_ZERO_TO_ONE_CHAIN_PUBLIC_L5_CORE"
[0m01:45:13.255215 [debug] [ThreadPool]: On list_ZERO_TO_ONE_CHAIN_PUBLIC_L5_CORE: /* {"app": "dbt", "dbt_version": "1.9.4", "profile_name": "zero_to_one_chain", "target_name": "dev", "connection_name": "list_ZERO_TO_ONE_CHAIN_PUBLIC_L5_CORE"} */
show objects in ZERO_TO_ONE_CHAIN.PUBLIC_L5_CORE
    limit 10000
    
;
[0m01:45:13.258641 [debug] [ThreadPool]: SQL status: SUCCESS 1 in 0.855 seconds
[0m01:45:13.260633 [debug] [ThreadPool]: Using snowflake connection "list_ZERO_TO_ONE_CHAIN_PUBLIC_L2_STAGE"
[0m01:45:13.261259 [debug] [ThreadPool]: On list_ZERO_TO_ONE_CHAIN_PUBLIC_L2_STAGE: /* {"app": "dbt", "dbt_version": "1.9.4", "profile_name": "zero_to_one_chain", "target_name": "dev", "connection_name": "list_ZERO_TO_ONE_CHAIN_PUBLIC_L2_STAGE"} */
show objects in ZERO_TO_ONE_CHAIN.PUBLIC_L2_STAGE
    limit 10000
    
;
[0m01:45:13.354493 [debug] [ThreadPool]: SQL status: SUCCESS 3 in 0.099 seconds
[0m01:45:13.356675 [debug] [ThreadPool]: Using snowflake connection "list_ZERO_TO_ONE_CHAIN_PUBLIC_L5_CORE"
[0m01:45:13.357298 [debug] [ThreadPool]: On list_ZERO_TO_ONE_CHAIN_PUBLIC_L5_CORE: /* {"app": "dbt", "dbt_version": "1.9.4", "profile_name": "zero_to_one_chain", "target_name": "dev", "connection_name": "list_ZERO_TO_ONE_CHAIN_PUBLIC_L5_CORE"} */
alter session unset quoted_identifiers_ignore_case;
[0m01:45:13.372789 [debug] [ThreadPool]: SQL status: SUCCESS 4 in 0.111 seconds
[0m01:45:13.374950 [debug] [ThreadPool]: Using snowflake connection "list_ZERO_TO_ONE_CHAIN_PUBLIC_L2_STAGE"
[0m01:45:13.375494 [debug] [ThreadPool]: On list_ZERO_TO_ONE_CHAIN_PUBLIC_L2_STAGE: /* {"app": "dbt", "dbt_version": "1.9.4", "profile_name": "zero_to_one_chain", "target_name": "dev", "connection_name": "list_ZERO_TO_ONE_CHAIN_PUBLIC_L2_STAGE"} */
alter session unset quoted_identifiers_ignore_case;
[0m01:45:13.434118 [debug] [ThreadPool]: SQL status: SUCCESS 1 in 0.076 seconds
[0m01:45:13.439483 [debug] [ThreadPool]: SQL status: SUCCESS 1 in 0.063 seconds
[0m01:45:13.459048 [debug] [Thread-2 (]: Began running node test.zero_to_one_chain.assert_no_negative_quantities
[0m01:45:13.459681 [debug] [Thread-3 (]: Began running node test.zero_to_one_chain.assert_otd_valid_range
[0m01:45:13.460286 [debug] [Thread-4 (]: Began running node test.zero_to_one_chain.assert_referential_integrity_supplier
[0m01:45:13.461059 [debug] [Thread-5 (]: Began running node test.zero_to_one_chain.not_null_dim_supplier_blended_risk_score.17b51bd051
[0m01:45:13.461655 [debug] [Thread-6 (]: Began running node test.zero_to_one_chain.not_null_dim_supplier_supplier_id.725f2b9f7b
[0m01:45:13.462251 [debug] [Thread-7 (]: Began running node test.zero_to_one_chain.not_null_fact_orders_is_on_time.37c0ce34f9
[0m01:45:13.462757 [info ] [Thread-2 (]: 1 of 22 START test assert_no_negative_quantities ............................... [RUN]
[0m01:45:13.463339 [debug] [Thread-8 (]: Began running node test.zero_to_one_chain.not_null_fact_orders_is_otif.fde79c6dd9
[0m01:45:13.463859 [debug] [Thread-9 (]: Began running node test.zero_to_one_chain.not_null_fact_orders_net_value_usd.6d0944dfb9
[0m01:45:13.464402 [info ] [Thread-3 (]: 2 of 22 START test assert_otd_valid_range ...................................... [RUN]
[0m01:45:13.465023 [info ] [Thread-4 (]: 3 of 22 START test assert_referential_integrity_supplier ....................... [RUN]
[0m01:45:13.465624 [info ] [Thread-5 (]: 4 of 22 START test not_null_dim_supplier_blended_risk_score .................... [RUN]
[0m01:45:13.466197 [info ] [Thread-6 (]: 5 of 22 START test not_null_dim_supplier_supplier_id ........................... [RUN]
[0m01:45:13.466776 [info ] [Thread-7 (]: 6 of 22 START test not_null_fact_orders_is_on_time ............................. [RUN]
[0m01:45:13.467471 [debug] [Thread-2 (]: Re-using an available connection from the pool (formerly list_ZERO_TO_ONE_CHAIN_PUBLIC_L5_CORE, now test.zero_to_one_chain.assert_no_negative_quantities)
[0m01:45:13.467982 [info ] [Thread-8 (]: 7 of 22 START test not_null_fact_orders_is_otif ................................ [RUN]
[0m01:45:13.468520 [info ] [Thread-9 (]: 8 of 22 START test not_null_fact_orders_net_value_usd .......................... [RUN]
[0m01:45:13.469219 [debug] [Thread-3 (]: Re-using an available connection from the pool (formerly list_ZERO_TO_ONE_CHAIN_PUBLIC_L2_STAGE, now test.zero_to_one_chain.assert_otd_valid_range)
[0m01:45:13.469867 [debug] [Thread-4 (]: Acquiring new snowflake connection 'test.zero_to_one_chain.assert_referential_integrity_supplier'
[0m01:45:13.470499 [debug] [Thread-5 (]: Acquiring new snowflake connection 'test.zero_to_one_chain.not_null_dim_supplier_blended_risk_score.17b51bd051'
[0m01:45:13.471136 [debug] [Thread-6 (]: Acquiring new snowflake connection 'test.zero_to_one_chain.not_null_dim_supplier_supplier_id.725f2b9f7b'
[0m01:45:13.471734 [debug] [Thread-7 (]: Acquiring new snowflake connection 'test.zero_to_one_chain.not_null_fact_orders_is_on_time.37c0ce34f9'
[0m01:45:13.472241 [debug] [Thread-2 (]: Began compiling node test.zero_to_one_chain.assert_no_negative_quantities
[0m01:45:13.472918 [debug] [Thread-8 (]: Acquiring new snowflake connection 'test.zero_to_one_chain.not_null_fact_orders_is_otif.fde79c6dd9'
[0m01:45:13.473560 [debug] [Thread-9 (]: Acquiring new snowflake connection 'test.zero_to_one_chain.not_null_fact_orders_net_value_usd.6d0944dfb9'
[0m01:45:13.474071 [debug] [Thread-3 (]: Began compiling node test.zero_to_one_chain.assert_otd_valid_range
[0m01:45:13.474540 [debug] [Thread-4 (]: Began compiling node test.zero_to_one_chain.assert_referential_integrity_supplier
[0m01:45:13.475046 [debug] [Thread-5 (]: Began compiling node test.zero_to_one_chain.not_null_dim_supplier_blended_risk_score.17b51bd051
[0m01:45:13.475525 [debug] [Thread-6 (]: Began compiling node test.zero_to_one_chain.not_null_dim_supplier_supplier_id.725f2b9f7b
[0m01:45:13.475989 [debug] [Thread-7 (]: Began compiling node test.zero_to_one_chain.not_null_fact_orders_is_on_time.37c0ce34f9
[0m01:45:13.485045 [debug] [Thread-2 (]: Writing injected SQL for node "test.zero_to_one_chain.assert_no_negative_quantities"
[0m01:45:13.485680 [debug] [Thread-8 (]: Began compiling node test.zero_to_one_chain.not_null_fact_orders_is_otif.fde79c6dd9
[0m01:45:13.486233 [debug] [Thread-9 (]: Began compiling node test.zero_to_one_chain.not_null_fact_orders_net_value_usd.6d0944dfb9
[0m01:45:13.490767 [debug] [Thread-3 (]: Writing injected SQL for node "test.zero_to_one_chain.assert_otd_valid_range"
[0m01:45:13.496928 [debug] [Thread-4 (]: Writing injected SQL for node "test.zero_to_one_chain.assert_referential_integrity_supplier"
[0m01:45:13.511355 [debug] [Thread-5 (]: Writing injected SQL for node "test.zero_to_one_chain.not_null_dim_supplier_blended_risk_score.17b51bd051"
[0m01:45:13.517666 [debug] [Thread-6 (]: Writing injected SQL for node "test.zero_to_one_chain.not_null_dim_supplier_supplier_id.725f2b9f7b"
[0m01:45:13.523501 [debug] [Thread-7 (]: Writing injected SQL for node "test.zero_to_one_chain.not_null_fact_orders_is_on_time.37c0ce34f9"
[0m01:45:13.529991 [debug] [Thread-8 (]: Writing injected SQL for node "test.zero_to_one_chain.not_null_fact_orders_is_otif.fde79c6dd9"
[0m01:45:13.530697 [debug] [Thread-2 (]: Began executing node test.zero_to_one_chain.assert_no_negative_quantities
[0m01:45:13.538137 [debug] [Thread-9 (]: Writing injected SQL for node "test.zero_to_one_chain.not_null_fact_orders_net_value_usd.6d0944dfb9"
[0m01:45:13.539261 [debug] [Thread-3 (]: Began executing node test.zero_to_one_chain.assert_otd_valid_range
[0m01:45:13.540138 [debug] [Thread-4 (]: Began executing node test.zero_to_one_chain.assert_referential_integrity_supplier
[0m01:45:13.541208 [debug] [Thread-5 (]: Began executing node test.zero_to_one_chain.not_null_dim_supplier_blended_risk_score.17b51bd051
[0m01:45:13.542035 [debug] [Thread-6 (]: Began executing node test.zero_to_one_chain.not_null_dim_supplier_supplier_id.725f2b9f7b
[0m01:45:13.542874 [debug] [Thread-7 (]: Began executing node test.zero_to_one_chain.not_null_fact_orders_is_on_time.37c0ce34f9
[0m01:45:13.555831 [debug] [Thread-8 (]: Began executing node test.zero_to_one_chain.not_null_fact_orders_is_otif.fde79c6dd9
[0m01:45:13.566329 [debug] [Thread-2 (]: Writing runtime sql for node "test.zero_to_one_chain.assert_no_negative_quantities"
[0m01:45:13.570690 [debug] [Thread-3 (]: Writing runtime sql for node "test.zero_to_one_chain.assert_otd_valid_range"
[0m01:45:13.571335 [debug] [Thread-9 (]: Began executing node test.zero_to_one_chain.not_null_fact_orders_net_value_usd.6d0944dfb9
[0m01:45:13.575228 [debug] [Thread-4 (]: Writing runtime sql for node "test.zero_to_one_chain.assert_referential_integrity_supplier"
[0m01:45:13.580398 [debug] [Thread-5 (]: Writing runtime sql for node "test.zero_to_one_chain.not_null_dim_supplier_blended_risk_score.17b51bd051"
[0m01:45:13.584396 [debug] [Thread-6 (]: Writing runtime sql for node "test.zero_to_one_chain.not_null_dim_supplier_supplier_id.725f2b9f7b"
[0m01:45:13.588386 [debug] [Thread-7 (]: Writing runtime sql for node "test.zero_to_one_chain.not_null_fact_orders_is_on_time.37c0ce34f9"
[0m01:45:13.592274 [debug] [Thread-8 (]: Writing runtime sql for node "test.zero_to_one_chain.not_null_fact_orders_is_otif.fde79c6dd9"
[0m01:45:13.594004 [debug] [Thread-2 (]: Using snowflake connection "test.zero_to_one_chain.assert_no_negative_quantities"
[0m01:45:13.597919 [debug] [Thread-9 (]: Writing runtime sql for node "test.zero_to_one_chain.not_null_fact_orders_net_value_usd.6d0944dfb9"
[0m01:45:13.599014 [debug] [Thread-3 (]: Using snowflake connection "test.zero_to_one_chain.assert_otd_valid_range"
[0m01:45:13.600491 [debug] [Thread-4 (]: Using snowflake connection "test.zero_to_one_chain.assert_referential_integrity_supplier"
[0m01:45:13.601749 [debug] [Thread-5 (]: Using snowflake connection "test.zero_to_one_chain.not_null_dim_supplier_blended_risk_score.17b51bd051"
[0m01:45:13.602761 [debug] [Thread-6 (]: Using snowflake connection "test.zero_to_one_chain.not_null_dim_supplier_supplier_id.725f2b9f7b"
[0m01:45:13.603975 [debug] [Thread-7 (]: Using snowflake connection "test.zero_to_one_chain.not_null_fact_orders_is_on_time.37c0ce34f9"
[0m01:45:13.604652 [debug] [Thread-2 (]: On test.zero_to_one_chain.assert_no_negative_quantities: /* {"app": "dbt", "dbt_version": "1.9.4", "profile_name": "zero_to_one_chain", "target_name": "dev", "node_id": "test.zero_to_one_chain.assert_no_negative_quantities"} */
select
      count(*) as failures,
      count(*) != 0 as should_warn,
      count(*) != 0 as should_error
    from (
      -- Test: no negative quantities should exist in staged purchase orders
SELECT po_number, ordered_qty
FROM ZERO_TO_ONE_CHAIN.PUBLIC_L2_STAGE.stg_purchase_orders
WHERE ordered_qty < 0
      
    ) dbt_internal_test
[0m01:45:13.605657 [debug] [Thread-8 (]: Using snowflake connection "test.zero_to_one_chain.not_null_fact_orders_is_otif.fde79c6dd9"
[0m01:45:13.606377 [debug] [Thread-3 (]: On test.zero_to_one_chain.assert_otd_valid_range: /* {"app": "dbt", "dbt_version": "1.9.4", "profile_name": "zero_to_one_chain", "target_name": "dev", "node_id": "test.zero_to_one_chain.assert_otd_valid_range"} */
select
      count(*) as failures,
      count(*) != 0 as should_warn,
      count(*) != 0 as should_error
    from (
      -- Test: OTD % should be between 0 and 100 for all completed orders
SELECT order_number,
       CASE WHEN is_on_time THEN 1 ELSE 0 END AS otd_val
FROM ZERO_TO_ONE_CHAIN.PUBLIC_L5_CORE.fact_orders
WHERE CASE WHEN is_on_time THEN 1 ELSE 0 END NOT BETWEEN 0 AND 1
      
    ) dbt_internal_test
[0m01:45:13.607306 [debug] [Thread-9 (]: Using snowflake connection "test.zero_to_one_chain.not_null_fact_orders_net_value_usd.6d0944dfb9"
[0m01:45:13.607859 [debug] [Thread-4 (]: On test.zero_to_one_chain.assert_referential_integrity_supplier: /* {"app": "dbt", "dbt_version": "1.9.4", "profile_name": "zero_to_one_chain", "target_name": "dev", "node_id": "test.zero_to_one_chain.assert_referential_integrity_supplier"} */
select
      count(*) as failures,
      count(*) != 0 as should_warn,
      count(*) != 0 as should_error
    from (
      -- Test: every supplier in fact_purchase_orders should exist in dim_supplier
SELECT DISTINCT fpo.supplier_id
FROM ZERO_TO_ONE_CHAIN.PUBLIC_L5_CORE.fact_purchase_orders fpo
LEFT JOIN ZERO_TO_ONE_CHAIN.PUBLIC_L5_CORE.dim_supplier ds ON ds.supplier_id = fpo.supplier_id
WHERE ds.supplier_id IS NULL AND fpo.supplier_id IS NOT NULL
      
    ) dbt_internal_test
[0m01:45:13.608422 [debug] [Thread-5 (]: On test.zero_to_one_chain.not_null_dim_supplier_blended_risk_score.17b51bd051: /* {"app": "dbt", "dbt_version": "1.9.4", "profile_name": "zero_to_one_chain", "target_name": "dev", "node_id": "test.zero_to_one_chain.not_null_dim_supplier_blended_risk_score.17b51bd051"} */
select
      count(*) as failures,
      count(*) != 0 as should_warn,
      count(*) != 0 as should_error
    from (
      
    
    



select blended_risk_score
from ZERO_TO_ONE_CHAIN.PUBLIC_L5_CORE.dim_supplier
where blended_risk_score is null



      
    ) dbt_internal_test
[0m01:45:13.609015 [debug] [Thread-6 (]: On test.zero_to_one_chain.not_null_dim_supplier_supplier_id.725f2b9f7b: /* {"app": "dbt", "dbt_version": "1.9.4", "profile_name": "zero_to_one_chain", "target_name": "dev", "node_id": "test.zero_to_one_chain.not_null_dim_supplier_supplier_id.725f2b9f7b"} */
select
      count(*) as failures,
      count(*) != 0 as should_warn,
      count(*) != 0 as should_error
    from (
      
    
    



select supplier_id
from ZERO_TO_ONE_CHAIN.PUBLIC_L5_CORE.dim_supplier
where supplier_id is null



      
    ) dbt_internal_test
[0m01:45:13.609559 [debug] [Thread-7 (]: On test.zero_to_one_chain.not_null_fact_orders_is_on_time.37c0ce34f9: /* {"app": "dbt", "dbt_version": "1.9.4", "profile_name": "zero_to_one_chain", "target_name": "dev", "node_id": "test.zero_to_one_chain.not_null_fact_orders_is_on_time.37c0ce34f9"} */
select
      count(*) as failures,
      count(*) != 0 as should_warn,
      count(*) != 0 as should_error
    from (
      
    
    



select is_on_time
from ZERO_TO_ONE_CHAIN.PUBLIC_L5_CORE.fact_orders
where is_on_time is null



      
    ) dbt_internal_test
[0m01:45:13.610113 [debug] [Thread-2 (]: Opening a new connection, currently in state init
[0m01:45:13.610628 [debug] [Thread-8 (]: On test.zero_to_one_chain.not_null_fact_orders_is_otif.fde79c6dd9: /* {"app": "dbt", "dbt_version": "1.9.4", "profile_name": "zero_to_one_chain", "target_name": "dev", "node_id": "test.zero_to_one_chain.not_null_fact_orders_is_otif.fde79c6dd9"} */
select
      count(*) as failures,
      count(*) != 0 as should_warn,
      count(*) != 0 as should_error
    from (
      
    
    



select is_otif
from ZERO_TO_ONE_CHAIN.PUBLIC_L5_CORE.fact_orders
where is_otif is null



      
    ) dbt_internal_test
[0m01:45:13.611152 [debug] [Thread-3 (]: Opening a new connection, currently in state init
[0m01:45:13.611703 [debug] [Thread-9 (]: On test.zero_to_one_chain.not_null_fact_orders_net_value_usd.6d0944dfb9: /* {"app": "dbt", "dbt_version": "1.9.4", "profile_name": "zero_to_one_chain", "target_name": "dev", "node_id": "test.zero_to_one_chain.not_null_fact_orders_net_value_usd.6d0944dfb9"} */
select
      count(*) as failures,
      count(*) != 0 as should_warn,
      count(*) != 0 as should_error
    from (
      
    
    



select net_value_usd
from ZERO_TO_ONE_CHAIN.PUBLIC_L5_CORE.fact_orders
where net_value_usd is null



      
    ) dbt_internal_test
[0m01:45:13.612255 [debug] [Thread-4 (]: Opening a new connection, currently in state init
[0m01:45:13.612854 [debug] [Thread-5 (]: Opening a new connection, currently in state init
[0m01:45:13.613385 [debug] [Thread-6 (]: Opening a new connection, currently in state init
[0m01:45:13.613883 [debug] [Thread-7 (]: Opening a new connection, currently in state init
[0m01:45:13.614541 [debug] [Thread-8 (]: Opening a new connection, currently in state init
[0m01:45:13.615299 [debug] [Thread-9 (]: Opening a new connection, currently in state init
[0m01:45:14.164118 [debug] [Thread-9 (]: SQL status: SUCCESS 1 in 0.549 seconds
[0m01:45:14.165013 [debug] [Thread-7 (]: SQL status: SUCCESS 1 in 0.551 seconds
[0m01:45:14.171564 [debug] [Thread-5 (]: SQL status: SUCCESS 1 in 0.559 seconds
[0m01:45:14.175392 [info ] [Thread-9 (]: 8 of 22 PASS not_null_fact_orders_net_value_usd ................................ [[32mPASS[0m in 0.70s]
[0m01:45:14.176216 [debug] [Thread-3 (]: SQL status: SUCCESS 1 in 0.565 seconds
[0m01:45:14.176950 [debug] [Thread-8 (]: SQL status: SUCCESS 1 in 0.562 seconds
[0m01:45:14.179236 [info ] [Thread-7 (]: 6 of 22 PASS not_null_fact_orders_is_on_time ................................... [[32mPASS[0m in 0.71s]
[0m01:45:14.181636 [info ] [Thread-5 (]: 4 of 22 PASS not_null_dim_supplier_blended_risk_score .......................... [[32mPASS[0m in 0.71s]
[0m01:45:14.182437 [debug] [Thread-6 (]: SQL status: SUCCESS 1 in 0.569 seconds
[0m01:45:14.183230 [debug] [Thread-9 (]: Finished running node test.zero_to_one_chain.not_null_fact_orders_net_value_usd.6d0944dfb9
[0m01:45:14.185517 [info ] [Thread-3 (]: 2 of 22 PASS assert_otd_valid_range ............................................ [[32mPASS[0m in 0.72s]
[0m01:45:14.187657 [info ] [Thread-8 (]: 7 of 22 PASS not_null_fact_orders_is_otif ...................................... [[32mPASS[0m in 0.71s]
[0m01:45:14.188410 [debug] [Thread-7 (]: Finished running node test.zero_to_one_chain.not_null_fact_orders_is_on_time.37c0ce34f9
[0m01:45:14.189165 [debug] [Thread-5 (]: Finished running node test.zero_to_one_chain.not_null_dim_supplier_blended_risk_score.17b51bd051
[0m01:45:14.191196 [info ] [Thread-6 (]: 5 of 22 PASS not_null_dim_supplier_supplier_id ................................. [[32mPASS[0m in 0.72s]
[0m01:45:14.191862 [debug] [Thread-9 (]: Began running node test.zero_to_one_chain.not_null_fact_orders_order_number.0a96e65a85
[0m01:45:14.192631 [debug] [Thread-3 (]: Finished running node test.zero_to_one_chain.assert_otd_valid_range
[0m01:45:14.193337 [debug] [Thread-8 (]: Finished running node test.zero_to_one_chain.not_null_fact_orders_is_otif.fde79c6dd9
[0m01:45:14.194003 [debug] [Thread-7 (]: Began running node test.zero_to_one_chain.not_null_fact_purchase_orders_landed_cost_usd.49b7b40f29
[0m01:45:14.194689 [debug] [Thread-5 (]: Began running node test.zero_to_one_chain.not_null_fact_purchase_orders_po_number.7571b8f5cc
[0m01:45:14.195441 [debug] [Thread-6 (]: Finished running node test.zero_to_one_chain.not_null_dim_supplier_supplier_id.725f2b9f7b
[0m01:45:14.195996 [info ] [Thread-9 (]: 9 of 22 START test not_null_fact_orders_order_number ........................... [RUN]
[0m01:45:14.196691 [debug] [Thread-3 (]: Began running node test.zero_to_one_chain.not_null_stg_inventory_material_number.96e453ef23
[0m01:45:14.197475 [debug] [Thread-8 (]: Began running node test.zero_to_one_chain.not_null_stg_inventory_plant_code.2a0d383d2b
[0m01:45:14.198107 [info ] [Thread-7 (]: 10 of 22 START test not_null_fact_purchase_orders_landed_cost_usd .............. [RUN]
[0m01:45:14.198700 [info ] [Thread-5 (]: 11 of 22 START test not_null_fact_purchase_orders_po_number .................... [RUN]
[0m01:45:14.199352 [debug] [Thread-6 (]: Began running node test.zero_to_one_chain.not_null_stg_purchase_orders_ordered_qty.cbabec5c40
[0m01:45:14.200114 [debug] [Thread-9 (]: Re-using an available connection from the pool (formerly test.zero_to_one_chain.not_null_fact_orders_net_value_usd.6d0944dfb9, now test.zero_to_one_chain.not_null_fact_orders_order_number.0a96e65a85)
[0m01:45:14.200676 [info ] [Thread-3 (]: 12 of 22 START test not_null_stg_inventory_material_number ..................... [RUN]
[0m01:45:14.201298 [info ] [Thread-8 (]: 13 of 22 START test not_null_stg_inventory_plant_code .......................... [RUN]
[0m01:45:14.201893 [debug] [Thread-7 (]: Re-using an available connection from the pool (formerly test.zero_to_one_chain.not_null_fact_orders_is_on_time.37c0ce34f9, now test.zero_to_one_chain.not_null_fact_purchase_orders_landed_cost_usd.49b7b40f29)
[0m01:45:14.202436 [debug] [Thread-5 (]: Re-using an available connection from the pool (formerly test.zero_to_one_chain.not_null_dim_supplier_blended_risk_score.17b51bd051, now test.zero_to_one_chain.not_null_fact_purchase_orders_po_number.7571b8f5cc)
[0m01:45:14.202955 [info ] [Thread-6 (]: 14 of 22 START test not_null_stg_purchase_orders_ordered_qty ................... [RUN]
[0m01:45:14.203501 [debug] [Thread-9 (]: Began compiling node test.zero_to_one_chain.not_null_fact_orders_order_number.0a96e65a85
[0m01:45:14.204039 [debug] [Thread-3 (]: Re-using an available connection from the pool (formerly test.zero_to_one_chain.assert_otd_valid_range, now test.zero_to_one_chain.not_null_stg_inventory_material_number.96e453ef23)
[0m01:45:14.204618 [debug] [Thread-8 (]: Re-using an available connection from the pool (formerly test.zero_to_one_chain.not_null_fact_orders_is_otif.fde79c6dd9, now test.zero_to_one_chain.not_null_stg_inventory_plant_code.2a0d383d2b)
[0m01:45:14.205221 [debug] [Thread-7 (]: Began compiling node test.zero_to_one_chain.not_null_fact_purchase_orders_landed_cost_usd.49b7b40f29
[0m01:45:14.205738 [debug] [Thread-5 (]: Began compiling node test.zero_to_one_chain.not_null_fact_purchase_orders_po_number.7571b8f5cc
[0m01:45:14.206309 [debug] [Thread-6 (]: Re-using an available connection from the pool (formerly test.zero_to_one_chain.not_null_dim_supplier_supplier_id.725f2b9f7b, now test.zero_to_one_chain.not_null_stg_purchase_orders_ordered_qty.cbabec5c40)
[0m01:45:14.212937 [debug] [Thread-9 (]: Writing injected SQL for node "test.zero_to_one_chain.not_null_fact_orders_order_number.0a96e65a85"
[0m01:45:14.213538 [debug] [Thread-3 (]: Began compiling node test.zero_to_one_chain.not_null_stg_inventory_material_number.96e453ef23
[0m01:45:14.214102 [debug] [Thread-8 (]: Began compiling node test.zero_to_one_chain.not_null_stg_inventory_plant_code.2a0d383d2b
[0m01:45:14.219675 [debug] [Thread-7 (]: Writing injected SQL for node "test.zero_to_one_chain.not_null_fact_purchase_orders_landed_cost_usd.49b7b40f29"
[0m01:45:14.225465 [debug] [Thread-5 (]: Writing injected SQL for node "test.zero_to_one_chain.not_null_fact_purchase_orders_po_number.7571b8f5cc"
[0m01:45:14.226088 [debug] [Thread-6 (]: Began compiling node test.zero_to_one_chain.not_null_stg_purchase_orders_ordered_qty.cbabec5c40
[0m01:45:14.233747 [debug] [Thread-3 (]: Writing injected SQL for node "test.zero_to_one_chain.not_null_stg_inventory_material_number.96e453ef23"
[0m01:45:14.234382 [debug] [Thread-9 (]: Began executing node test.zero_to_one_chain.not_null_fact_orders_order_number.0a96e65a85
[0m01:45:14.240063 [debug] [Thread-8 (]: Writing injected SQL for node "test.zero_to_one_chain.not_null_stg_inventory_plant_code.2a0d383d2b"
[0m01:45:14.241129 [debug] [Thread-7 (]: Began executing node test.zero_to_one_chain.not_null_fact_purchase_orders_landed_cost_usd.49b7b40f29
[0m01:45:14.247035 [debug] [Thread-5 (]: Began executing node test.zero_to_one_chain.not_null_fact_purchase_orders_po_number.7571b8f5cc
[0m01:45:14.247409 [debug] [Thread-6 (]: Writing injected SQL for node "test.zero_to_one_chain.not_null_stg_purchase_orders_ordered_qty.cbabec5c40"
[0m01:45:14.248240 [debug] [Thread-2 (]: SQL status: SUCCESS 1 in 0.638 seconds
[0m01:45:14.252624 [debug] [Thread-9 (]: Writing runtime sql for node "test.zero_to_one_chain.not_null_fact_orders_order_number.0a96e65a85"
[0m01:45:14.253432 [debug] [Thread-3 (]: Began executing node test.zero_to_one_chain.not_null_stg_inventory_material_number.96e453ef23
[0m01:45:14.257568 [debug] [Thread-7 (]: Writing runtime sql for node "test.zero_to_one_chain.not_null_fact_purchase_orders_landed_cost_usd.49b7b40f29"
[0m01:45:14.258182 [debug] [Thread-8 (]: Began executing node test.zero_to_one_chain.not_null_stg_inventory_plant_code.2a0d383d2b
[0m01:45:14.263199 [debug] [Thread-5 (]: Writing runtime sql for node "test.zero_to_one_chain.not_null_fact_purchase_orders_po_number.7571b8f5cc"
[0m01:45:14.265778 [info ] [Thread-2 (]: 1 of 22 PASS assert_no_negative_quantities ..................................... [[32mPASS[0m in 0.80s]
[0m01:45:14.266456 [debug] [Thread-6 (]: Began executing node test.zero_to_one_chain.not_null_stg_purchase_orders_ordered_qty.cbabec5c40
[0m01:45:14.270560 [debug] [Thread-3 (]: Writing runtime sql for node "test.zero_to_one_chain.not_null_stg_inventory_material_number.96e453ef23"
[0m01:45:14.271522 [debug] [Thread-9 (]: Using snowflake connection "test.zero_to_one_chain.not_null_fact_orders_order_number.0a96e65a85"
[0m01:45:14.275701 [debug] [Thread-8 (]: Writing runtime sql for node "test.zero_to_one_chain.not_null_stg_inventory_plant_code.2a0d383d2b"
[0m01:45:14.276785 [debug] [Thread-7 (]: Using snowflake connection "test.zero_to_one_chain.not_null_fact_purchase_orders_landed_cost_usd.49b7b40f29"
[0m01:45:14.277859 [debug] [Thread-2 (]: Finished running node test.zero_to_one_chain.assert_no_negative_quantities
[0m01:45:14.278884 [debug] [Thread-5 (]: Using snowflake connection "test.zero_to_one_chain.not_null_fact_purchase_orders_po_number.7571b8f5cc"
[0m01:45:14.282694 [debug] [Thread-6 (]: Writing runtime sql for node "test.zero_to_one_chain.not_null_stg_purchase_orders_ordered_qty.cbabec5c40"
[0m01:45:14.283627 [debug] [Thread-9 (]: On test.zero_to_one_chain.not_null_fact_orders_order_number.0a96e65a85: /* {"app": "dbt", "dbt_version": "1.9.4", "profile_name": "zero_to_one_chain", "target_name": "dev", "node_id": "test.zero_to_one_chain.not_null_fact_orders_order_number.0a96e65a85"} */
select
      count(*) as failures,
      count(*) != 0 as should_warn,
      count(*) != 0 as should_error
    from (
      
    
    



select order_number
from ZERO_TO_ONE_CHAIN.PUBLIC_L5_CORE.fact_orders
where order_number is null



      
    ) dbt_internal_test
[0m01:45:14.284628 [debug] [Thread-3 (]: Using snowflake connection "test.zero_to_one_chain.not_null_stg_inventory_material_number.96e453ef23"
[0m01:45:14.285580 [debug] [Thread-7 (]: On test.zero_to_one_chain.not_null_fact_purchase_orders_landed_cost_usd.49b7b40f29: /* {"app": "dbt", "dbt_version": "1.9.4", "profile_name": "zero_to_one_chain", "target_name": "dev", "node_id": "test.zero_to_one_chain.not_null_fact_purchase_orders_landed_cost_usd.49b7b40f29"} */
select
      count(*) as failures,
      count(*) != 0 as should_warn,
      count(*) != 0 as should_error
    from (
      
    
    



select landed_cost_usd
from ZERO_TO_ONE_CHAIN.PUBLIC_L5_CORE.fact_purchase_orders
where landed_cost_usd is null



      
    ) dbt_internal_test
[0m01:45:14.286545 [debug] [Thread-8 (]: Using snowflake connection "test.zero_to_one_chain.not_null_stg_inventory_plant_code.2a0d383d2b"
[0m01:45:14.287193 [debug] [Thread-2 (]: Began running node test.zero_to_one_chain.not_null_stg_purchase_orders_po_number.6cfffa2ad5
[0m01:45:14.287876 [debug] [Thread-5 (]: On test.zero_to_one_chain.not_null_fact_purchase_orders_po_number.7571b8f5cc: /* {"app": "dbt", "dbt_version": "1.9.4", "profile_name": "zero_to_one_chain", "target_name": "dev", "node_id": "test.zero_to_one_chain.not_null_fact_purchase_orders_po_number.7571b8f5cc"} */
select
      count(*) as failures,
      count(*) != 0 as should_warn,
      count(*) != 0 as should_error
    from (
      
    
    



select po_number
from ZERO_TO_ONE_CHAIN.PUBLIC_L5_CORE.fact_purchase_orders
where po_number is null



      
    ) dbt_internal_test
[0m01:45:14.288666 [debug] [Thread-9 (]: Opening a new connection, currently in state init
[0m01:45:14.289680 [debug] [Thread-6 (]: Using snowflake connection "test.zero_to_one_chain.not_null_stg_purchase_orders_ordered_qty.cbabec5c40"
[0m01:45:14.290228 [debug] [Thread-3 (]: On test.zero_to_one_chain.not_null_stg_inventory_material_number.96e453ef23: /* {"app": "dbt", "dbt_version": "1.9.4", "profile_name": "zero_to_one_chain", "target_name": "dev", "node_id": "test.zero_to_one_chain.not_null_stg_inventory_material_number.96e453ef23"} */
select
      count(*) as failures,
      count(*) != 0 as should_warn,
      count(*) != 0 as should_error
    from (
      
    
    



select material_number
from ZERO_TO_ONE_CHAIN.PUBLIC_L2_STAGE.stg_inventory
where material_number is null



      
    ) dbt_internal_test
[0m01:45:14.290763 [debug] [Thread-7 (]: Opening a new connection, currently in state init
[0m01:45:14.291326 [debug] [Thread-8 (]: On test.zero_to_one_chain.not_null_stg_inventory_plant_code.2a0d383d2b: /* {"app": "dbt", "dbt_version": "1.9.4", "profile_name": "zero_to_one_chain", "target_name": "dev", "node_id": "test.zero_to_one_chain.not_null_stg_inventory_plant_code.2a0d383d2b"} */
select
      count(*) as failures,
      count(*) != 0 as should_warn,
      count(*) != 0 as should_error
    from (
      
    
    



select plant_code
from ZERO_TO_ONE_CHAIN.PUBLIC_L2_STAGE.stg_inventory
where plant_code is null



      
    ) dbt_internal_test
[0m01:45:14.291905 [info ] [Thread-2 (]: 15 of 22 START test not_null_stg_purchase_orders_po_number ..................... [RUN]
[0m01:45:14.292439 [debug] [Thread-5 (]: Opening a new connection, currently in state init
[0m01:45:14.293306 [debug] [Thread-6 (]: On test.zero_to_one_chain.not_null_stg_purchase_orders_ordered_qty.cbabec5c40: /* {"app": "dbt", "dbt_version": "1.9.4", "profile_name": "zero_to_one_chain", "target_name": "dev", "node_id": "test.zero_to_one_chain.not_null_stg_purchase_orders_ordered_qty.cbabec5c40"} */
select
      count(*) as failures,
      count(*) != 0 as should_warn,
      count(*) != 0 as should_error
    from (
      
    
    



select ordered_qty
from ZERO_TO_ONE_CHAIN.PUBLIC_L2_STAGE.stg_purchase_orders
where ordered_qty is null



      
    ) dbt_internal_test
[0m01:45:14.293934 [debug] [Thread-3 (]: Opening a new connection, currently in state init
[0m01:45:14.294623 [debug] [Thread-8 (]: Opening a new connection, currently in state init
[0m01:45:14.295279 [debug] [Thread-2 (]: Re-using an available connection from the pool (formerly test.zero_to_one_chain.assert_no_negative_quantities, now test.zero_to_one_chain.not_null_stg_purchase_orders_po_number.6cfffa2ad5)
[0m01:45:14.295998 [debug] [Thread-6 (]: Opening a new connection, currently in state init
[0m01:45:14.296927 [debug] [Thread-2 (]: Began compiling node test.zero_to_one_chain.not_null_stg_purchase_orders_po_number.6cfffa2ad5
[0m01:45:14.303080 [debug] [Thread-2 (]: Writing injected SQL for node "test.zero_to_one_chain.not_null_stg_purchase_orders_po_number.6cfffa2ad5"
[0m01:45:14.303790 [debug] [Thread-2 (]: Began executing node test.zero_to_one_chain.not_null_stg_purchase_orders_po_number.6cfffa2ad5
[0m01:45:14.389688 [debug] [Thread-2 (]: Writing runtime sql for node "test.zero_to_one_chain.not_null_stg_purchase_orders_po_number.6cfffa2ad5"
[0m01:45:14.391874 [debug] [Thread-2 (]: Using snowflake connection "test.zero_to_one_chain.not_null_stg_purchase_orders_po_number.6cfffa2ad5"
[0m01:45:14.392889 [debug] [Thread-2 (]: On test.zero_to_one_chain.not_null_stg_purchase_orders_po_number.6cfffa2ad5: /* {"app": "dbt", "dbt_version": "1.9.4", "profile_name": "zero_to_one_chain", "target_name": "dev", "node_id": "test.zero_to_one_chain.not_null_stg_purchase_orders_po_number.6cfffa2ad5"} */
select
      count(*) as failures,
      count(*) != 0 as should_warn,
      count(*) != 0 as should_error
    from (
      
    
    



select po_number
from ZERO_TO_ONE_CHAIN.PUBLIC_L2_STAGE.stg_purchase_orders
where po_number is null



      
    ) dbt_internal_test
[0m01:45:14.393736 [debug] [Thread-2 (]: Opening a new connection, currently in state init
[0m01:45:14.416548 [debug] [Thread-4 (]: SQL status: SUCCESS 1 in 0.804 seconds
[0m01:45:14.419294 [info ] [Thread-4 (]: 3 of 22 PASS assert_referential_integrity_supplier ............................. [[32mPASS[0m in 0.95s]
[0m01:45:14.420394 [debug] [Thread-4 (]: Finished running node test.zero_to_one_chain.assert_referential_integrity_supplier
[0m01:45:14.421198 [debug] [Thread-4 (]: Began running node test.zero_to_one_chain.not_null_stg_purchase_orders_supplier_id.3842a0bc2e
[0m01:45:14.421835 [info ] [Thread-4 (]: 16 of 22 START test not_null_stg_purchase_orders_supplier_id ................... [RUN]
[0m01:45:14.422507 [debug] [Thread-4 (]: Re-using an available connection from the pool (formerly test.zero_to_one_chain.assert_referential_integrity_supplier, now test.zero_to_one_chain.not_null_stg_purchase_orders_supplier_id.3842a0bc2e)
[0m01:45:14.423047 [debug] [Thread-4 (]: Began compiling node test.zero_to_one_chain.not_null_stg_purchase_orders_supplier_id.3842a0bc2e
[0m01:45:14.428940 [debug] [Thread-4 (]: Writing injected SQL for node "test.zero_to_one_chain.not_null_stg_purchase_orders_supplier_id.3842a0bc2e"
[0m01:45:14.429920 [debug] [Thread-4 (]: Began executing node test.zero_to_one_chain.not_null_stg_purchase_orders_supplier_id.3842a0bc2e
[0m01:45:14.475268 [debug] [Thread-4 (]: Writing runtime sql for node "test.zero_to_one_chain.not_null_stg_purchase_orders_supplier_id.3842a0bc2e"
[0m01:45:14.484059 [debug] [Thread-4 (]: Using snowflake connection "test.zero_to_one_chain.not_null_stg_purchase_orders_supplier_id.3842a0bc2e"
[0m01:45:14.484662 [debug] [Thread-4 (]: On test.zero_to_one_chain.not_null_stg_purchase_orders_supplier_id.3842a0bc2e: /* {"app": "dbt", "dbt_version": "1.9.4", "profile_name": "zero_to_one_chain", "target_name": "dev", "node_id": "test.zero_to_one_chain.not_null_stg_purchase_orders_supplier_id.3842a0bc2e"} */
select
      count(*) as failures,
      count(*) != 0 as should_warn,
      count(*) != 0 as should_error
    from (
      
    
    



select supplier_id
from ZERO_TO_ONE_CHAIN.PUBLIC_L2_STAGE.stg_purchase_orders
where supplier_id is null



      
    ) dbt_internal_test
[0m01:45:14.485276 [debug] [Thread-4 (]: Opening a new connection, currently in state init
[0m01:45:14.811552 [debug] [Thread-9 (]: SQL status: SUCCESS 1 in 0.523 seconds
[0m01:45:14.814100 [info ] [Thread-9 (]: 9 of 22 PASS not_null_fact_orders_order_number ................................. [[32mPASS[0m in 0.61s]
[0m01:45:14.814937 [debug] [Thread-9 (]: Finished running node test.zero_to_one_chain.not_null_fact_orders_order_number.0a96e65a85
[0m01:45:14.815583 [debug] [Thread-9 (]: Began running node test.zero_to_one_chain.not_null_stg_sales_orders_customer_id.29e63e9d51
[0m01:45:14.816225 [info ] [Thread-9 (]: 17 of 22 START test not_null_stg_sales_orders_customer_id ...................... [RUN]
[0m01:45:14.816934 [debug] [Thread-9 (]: Re-using an available connection from the pool (formerly test.zero_to_one_chain.not_null_fact_orders_order_number.0a96e65a85, now test.zero_to_one_chain.not_null_stg_sales_orders_customer_id.29e63e9d51)
[0m01:45:14.817481 [debug] [Thread-9 (]: Began compiling node test.zero_to_one_chain.not_null_stg_sales_orders_customer_id.29e63e9d51
[0m01:45:14.824981 [debug] [Thread-9 (]: Writing injected SQL for node "test.zero_to_one_chain.not_null_stg_sales_orders_customer_id.29e63e9d51"
[0m01:45:14.825765 [debug] [Thread-5 (]: SQL status: SUCCESS 1 in 0.533 seconds
[0m01:45:14.828288 [info ] [Thread-5 (]: 11 of 22 PASS not_null_fact_purchase_orders_po_number .......................... [[32mPASS[0m in 0.63s]
[0m01:45:14.828942 [debug] [Thread-9 (]: Began executing node test.zero_to_one_chain.not_null_stg_sales_orders_customer_id.29e63e9d51
[0m01:45:14.829758 [debug] [Thread-7 (]: SQL status: SUCCESS 1 in 0.539 seconds
[0m01:45:14.830476 [debug] [Thread-5 (]: Finished running node test.zero_to_one_chain.not_null_fact_purchase_orders_po_number.7571b8f5cc
[0m01:45:14.834763 [debug] [Thread-9 (]: Writing runtime sql for node "test.zero_to_one_chain.not_null_stg_sales_orders_customer_id.29e63e9d51"
[0m01:45:14.837137 [info ] [Thread-7 (]: 10 of 22 PASS not_null_fact_purchase_orders_landed_cost_usd .................... [[32mPASS[0m in 0.64s]
[0m01:45:14.837866 [debug] [Thread-5 (]: Began running node test.zero_to_one_chain.not_null_stg_sales_orders_order_number.1ba1c4bbd7
[0m01:45:14.838970 [debug] [Thread-7 (]: Finished running node test.zero_to_one_chain.not_null_fact_purchase_orders_landed_cost_usd.49b7b40f29
[0m01:45:14.839999 [debug] [Thread-9 (]: Using snowflake connection "test.zero_to_one_chain.not_null_stg_sales_orders_customer_id.29e63e9d51"
[0m01:45:14.840576 [info ] [Thread-5 (]: 18 of 22 START test not_null_stg_sales_orders_order_number ..................... [RUN]
[0m01:45:14.841324 [debug] [Thread-7 (]: Began running node test.zero_to_one_chain.not_null_stg_sales_orders_ordered_qty.b61e702a52
[0m01:45:14.841956 [debug] [Thread-9 (]: On test.zero_to_one_chain.not_null_stg_sales_orders_customer_id.29e63e9d51: /* {"app": "dbt", "dbt_version": "1.9.4", "profile_name": "zero_to_one_chain", "target_name": "dev", "node_id": "test.zero_to_one_chain.not_null_stg_sales_orders_customer_id.29e63e9d51"} */
select
      count(*) as failures,
      count(*) != 0 as should_warn,
      count(*) != 0 as should_error
    from (
      
    
    



select customer_id
from ZERO_TO_ONE_CHAIN.PUBLIC_L2_STAGE.stg_sales_orders
where customer_id is null



      
    ) dbt_internal_test
[0m01:45:14.842686 [debug] [Thread-5 (]: Re-using an available connection from the pool (formerly test.zero_to_one_chain.not_null_fact_purchase_orders_po_number.7571b8f5cc, now test.zero_to_one_chain.not_null_stg_sales_orders_order_number.1ba1c4bbd7)
[0m01:45:14.843441 [debug] [Thread-2 (]: SQL status: SUCCESS 1 in 0.450 seconds
[0m01:45:14.844020 [info ] [Thread-7 (]: 19 of 22 START test not_null_stg_sales_orders_ordered_qty ...................... [RUN]
[0m01:45:14.844612 [debug] [Thread-9 (]: Opening a new connection, currently in state init
[0m01:45:14.845259 [debug] [Thread-5 (]: Began compiling node test.zero_to_one_chain.not_null_stg_sales_orders_order_number.1ba1c4bbd7
[0m01:45:14.847459 [info ] [Thread-2 (]: 15 of 22 PASS not_null_stg_purchase_orders_po_number ........................... [[32mPASS[0m in 0.55s]
[0m01:45:14.848140 [debug] [Thread-7 (]: Re-using an available connection from the pool (formerly test.zero_to_one_chain.not_null_fact_purchase_orders_landed_cost_usd.49b7b40f29, now test.zero_to_one_chain.not_null_stg_sales_orders_ordered_qty.b61e702a52)
[0m01:45:14.854311 [debug] [Thread-5 (]: Writing injected SQL for node "test.zero_to_one_chain.not_null_stg_sales_orders_order_number.1ba1c4bbd7"
[0m01:45:14.855179 [debug] [Thread-6 (]: SQL status: SUCCESS 1 in 0.559 seconds
[0m01:45:14.855914 [debug] [Thread-2 (]: Finished running node test.zero_to_one_chain.not_null_stg_purchase_orders_po_number.6cfffa2ad5
[0m01:45:14.856478 [debug] [Thread-7 (]: Began compiling node test.zero_to_one_chain.not_null_stg_sales_orders_ordered_qty.b61e702a52
[0m01:45:14.859087 [info ] [Thread-6 (]: 14 of 22 PASS not_null_stg_purchase_orders_ordered_qty ......................... [[32mPASS[0m in 0.65s]
[0m01:45:14.859754 [debug] [Thread-5 (]: Began executing node test.zero_to_one_chain.not_null_stg_sales_orders_order_number.1ba1c4bbd7
[0m01:45:14.860370 [debug] [Thread-2 (]: Began running node test.zero_to_one_chain.not_null_stg_shipments_shipment_id.13d2043380
[0m01:45:14.866664 [debug] [Thread-7 (]: Writing injected SQL for node "test.zero_to_one_chain.not_null_stg_sales_orders_ordered_qty.b61e702a52"
[0m01:45:14.867435 [debug] [Thread-6 (]: Finished running node test.zero_to_one_chain.not_null_stg_purchase_orders_ordered_qty.cbabec5c40
[0m01:45:14.871289 [debug] [Thread-5 (]: Writing runtime sql for node "test.zero_to_one_chain.not_null_stg_sales_orders_order_number.1ba1c4bbd7"
[0m01:45:14.872349 [info ] [Thread-2 (]: 20 of 22 START test not_null_stg_shipments_shipment_id ......................... [RUN]
[0m01:45:14.873752 [debug] [Thread-6 (]: Began running node test.zero_to_one_chain.unique_dim_supplier_supplier_id.f38497a628
[0m01:45:14.874529 [debug] [Thread-7 (]: Began executing node test.zero_to_one_chain.not_null_stg_sales_orders_ordered_qty.b61e702a52
[0m01:45:14.875351 [debug] [Thread-2 (]: Re-using an available connection from the pool (formerly test.zero_to_one_chain.not_null_stg_purchase_orders_po_number.6cfffa2ad5, now test.zero_to_one_chain.not_null_stg_shipments_shipment_id.13d2043380)
[0m01:45:14.876422 [debug] [Thread-5 (]: Using snowflake connection "test.zero_to_one_chain.not_null_stg_sales_orders_order_number.1ba1c4bbd7"
[0m01:45:14.876996 [info ] [Thread-6 (]: 21 of 22 START test unique_dim_supplier_supplier_id ............................ [RUN]
[0m01:45:14.882732 [debug] [Thread-7 (]: Writing runtime sql for node "test.zero_to_one_chain.not_null_stg_sales_orders_ordered_qty.b61e702a52"
[0m01:45:14.883375 [debug] [Thread-2 (]: Began compiling node test.zero_to_one_chain.not_null_stg_shipments_shipment_id.13d2043380
[0m01:45:14.883968 [debug] [Thread-5 (]: On test.zero_to_one_chain.not_null_stg_sales_orders_order_number.1ba1c4bbd7: /* {"app": "dbt", "dbt_version": "1.9.4", "profile_name": "zero_to_one_chain", "target_name": "dev", "node_id": "test.zero_to_one_chain.not_null_stg_sales_orders_order_number.1ba1c4bbd7"} */
select
      count(*) as failures,
      count(*) != 0 as should_warn,
      count(*) != 0 as should_error
    from (
      
    
    



select order_number
from ZERO_TO_ONE_CHAIN.PUBLIC_L2_STAGE.stg_sales_orders
where order_number is null



      
    ) dbt_internal_test
[0m01:45:14.884624 [debug] [Thread-6 (]: Re-using an available connection from the pool (formerly test.zero_to_one_chain.not_null_stg_purchase_orders_ordered_qty.cbabec5c40, now test.zero_to_one_chain.unique_dim_supplier_supplier_id.f38497a628)
[0m01:45:14.891282 [debug] [Thread-7 (]: Using snowflake connection "test.zero_to_one_chain.not_null_stg_sales_orders_ordered_qty.b61e702a52"
[0m01:45:14.891640 [debug] [Thread-2 (]: Writing injected SQL for node "test.zero_to_one_chain.not_null_stg_shipments_shipment_id.13d2043380"
[0m01:45:14.892196 [debug] [Thread-5 (]: Opening a new connection, currently in state init
[0m01:45:14.892775 [debug] [Thread-6 (]: Began compiling node test.zero_to_one_chain.unique_dim_supplier_supplier_id.f38497a628
[0m01:45:14.893348 [debug] [Thread-7 (]: On test.zero_to_one_chain.not_null_stg_sales_orders_ordered_qty.b61e702a52: /* {"app": "dbt", "dbt_version": "1.9.4", "profile_name": "zero_to_one_chain", "target_name": "dev", "node_id": "test.zero_to_one_chain.not_null_stg_sales_orders_ordered_qty.b61e702a52"} */
select
      count(*) as failures,
      count(*) != 0 as should_warn,
      count(*) != 0 as should_error
    from (
      
    
    



select ordered_qty
from ZERO_TO_ONE_CHAIN.PUBLIC_L2_STAGE.stg_sales_orders
where ordered_qty is null



      
    ) dbt_internal_test
[0m01:45:14.894340 [debug] [Thread-2 (]: Began executing node test.zero_to_one_chain.not_null_stg_shipments_shipment_id.13d2043380
[0m01:45:14.902543 [debug] [Thread-6 (]: Writing injected SQL for node "test.zero_to_one_chain.unique_dim_supplier_supplier_id.f38497a628"
[0m01:45:14.903169 [debug] [Thread-7 (]: Opening a new connection, currently in state init
[0m01:45:14.907032 [debug] [Thread-2 (]: Writing runtime sql for node "test.zero_to_one_chain.not_null_stg_shipments_shipment_id.13d2043380"
[0m01:45:14.908014 [debug] [Thread-6 (]: Began executing node test.zero_to_one_chain.unique_dim_supplier_supplier_id.f38497a628
[0m01:45:14.912455 [debug] [Thread-6 (]: Writing runtime sql for node "test.zero_to_one_chain.unique_dim_supplier_supplier_id.f38497a628"
[0m01:45:14.920373 [debug] [Thread-2 (]: Using snowflake connection "test.zero_to_one_chain.not_null_stg_shipments_shipment_id.13d2043380"
[0m01:45:14.921993 [debug] [Thread-2 (]: On test.zero_to_one_chain.not_null_stg_shipments_shipment_id.13d2043380: /* {"app": "dbt", "dbt_version": "1.9.4", "profile_name": "zero_to_one_chain", "target_name": "dev", "node_id": "test.zero_to_one_chain.not_null_stg_shipments_shipment_id.13d2043380"} */
select
      count(*) as failures,
      count(*) != 0 as should_warn,
      count(*) != 0 as should_error
    from (
      
    
    



select shipment_id
from ZERO_TO_ONE_CHAIN.PUBLIC_L2_STAGE.stg_shipments
where shipment_id is null



      
    ) dbt_internal_test
[0m01:45:14.923159 [debug] [Thread-6 (]: Using snowflake connection "test.zero_to_one_chain.unique_dim_supplier_supplier_id.f38497a628"
[0m01:45:14.923644 [debug] [Thread-2 (]: Opening a new connection, currently in state init
[0m01:45:14.924226 [debug] [Thread-6 (]: On test.zero_to_one_chain.unique_dim_supplier_supplier_id.f38497a628: /* {"app": "dbt", "dbt_version": "1.9.4", "profile_name": "zero_to_one_chain", "target_name": "dev", "node_id": "test.zero_to_one_chain.unique_dim_supplier_supplier_id.f38497a628"} */
select
      count(*) as failures,
      count(*) != 0 as should_warn,
      count(*) != 0 as should_error
    from (
      
    
    

select
    supplier_id as unique_field,
    count(*) as n_records

from ZERO_TO_ONE_CHAIN.PUBLIC_L5_CORE.dim_supplier
where supplier_id is not null
group by supplier_id
having count(*) > 1



      
    ) dbt_internal_test
[0m01:45:14.924963 [debug] [Thread-6 (]: Opening a new connection, currently in state init
[0m01:45:14.958255 [debug] [Thread-4 (]: SQL status: SUCCESS 1 in 0.473 seconds
[0m01:45:14.961369 [error] [Thread-4 (]: 16 of 22 FAIL 150 not_null_stg_purchase_orders_supplier_id ..................... [[31mFAIL 150[0m in 0.54s]
[0m01:45:14.971421 [debug] [Thread-4 (]: Finished running node test.zero_to_one_chain.not_null_stg_purchase_orders_supplier_id.3842a0bc2e
[0m01:45:14.972104 [debug] [Thread-4 (]: Began running node test.zero_to_one_chain.unique_stg_shipments_shipment_id.61ce1cfa9c
[0m01:45:14.972806 [info ] [Thread-4 (]: 22 of 22 START test unique_stg_shipments_shipment_id ........................... [RUN]
[0m01:45:14.974029 [debug] [Thread-4 (]: Re-using an available connection from the pool (formerly test.zero_to_one_chain.not_null_stg_purchase_orders_supplier_id.3842a0bc2e, now test.zero_to_one_chain.unique_stg_shipments_shipment_id.61ce1cfa9c)
[0m01:45:14.981505 [debug] [Thread-4 (]: Began compiling node test.zero_to_one_chain.unique_stg_shipments_shipment_id.61ce1cfa9c
[0m01:45:14.987487 [debug] [Thread-4 (]: Writing injected SQL for node "test.zero_to_one_chain.unique_stg_shipments_shipment_id.61ce1cfa9c"
[0m01:45:15.006264 [debug] [Thread-4 (]: Began executing node test.zero_to_one_chain.unique_stg_shipments_shipment_id.61ce1cfa9c
[0m01:45:15.010655 [debug] [Thread-4 (]: Writing runtime sql for node "test.zero_to_one_chain.unique_stg_shipments_shipment_id.61ce1cfa9c"
[0m01:45:15.011952 [debug] [Thread-4 (]: Using snowflake connection "test.zero_to_one_chain.unique_stg_shipments_shipment_id.61ce1cfa9c"
[0m01:45:15.012500 [debug] [Thread-4 (]: On test.zero_to_one_chain.unique_stg_shipments_shipment_id.61ce1cfa9c: /* {"app": "dbt", "dbt_version": "1.9.4", "profile_name": "zero_to_one_chain", "target_name": "dev", "node_id": "test.zero_to_one_chain.unique_stg_shipments_shipment_id.61ce1cfa9c"} */
select
      count(*) as failures,
      count(*) != 0 as should_warn,
      count(*) != 0 as should_error
    from (
      
    
    

select
    shipment_id as unique_field,
    count(*) as n_records

from ZERO_TO_ONE_CHAIN.PUBLIC_L2_STAGE.stg_shipments
where shipment_id is not null
group by shipment_id
having count(*) > 1



      
    ) dbt_internal_test
[0m01:45:15.013091 [debug] [Thread-4 (]: Opening a new connection, currently in state init
[0m01:45:15.114932 [debug] [Thread-8 (]: SQL status: SUCCESS 1 in 0.820 seconds
[0m01:45:15.117465 [info ] [Thread-8 (]: 13 of 22 PASS not_null_stg_inventory_plant_code ................................ [[32mPASS[0m in 0.91s]
[0m01:45:15.118278 [debug] [Thread-8 (]: Finished running node test.zero_to_one_chain.not_null_stg_inventory_plant_code.2a0d383d2b
[0m01:45:15.147346 [debug] [Thread-3 (]: SQL status: SUCCESS 1 in 0.853 seconds
[0m01:45:15.149989 [info ] [Thread-3 (]: 12 of 22 PASS not_null_stg_inventory_material_number ........................... [[32mPASS[0m in 0.95s]
[0m01:45:15.151449 [debug] [Thread-3 (]: Finished running node test.zero_to_one_chain.not_null_stg_inventory_material_number.96e453ef23
[0m01:45:15.341433 [debug] [Thread-6 (]: SQL status: SUCCESS 1 in 0.416 seconds
[0m01:45:15.343943 [info ] [Thread-6 (]: 21 of 22 PASS unique_dim_supplier_supplier_id .................................. [[32mPASS[0m in 0.46s]
[0m01:45:15.344814 [debug] [Thread-6 (]: Finished running node test.zero_to_one_chain.unique_dim_supplier_supplier_id.f38497a628
[0m01:45:15.380557 [debug] [Thread-2 (]: SQL status: SUCCESS 1 in 0.457 seconds
[0m01:45:15.383011 [info ] [Thread-2 (]: 20 of 22 PASS not_null_stg_shipments_shipment_id ............................... [[32mPASS[0m in 0.51s]
[0m01:45:15.383824 [debug] [Thread-2 (]: Finished running node test.zero_to_one_chain.not_null_stg_shipments_shipment_id.13d2043380
[0m01:45:15.392705 [debug] [Thread-7 (]: SQL status: SUCCESS 1 in 0.489 seconds
[0m01:45:15.393555 [debug] [Thread-5 (]: SQL status: SUCCESS 1 in 0.501 seconds
[0m01:45:15.395911 [info ] [Thread-7 (]: 19 of 22 PASS not_null_stg_sales_orders_ordered_qty ............................ [[32mPASS[0m in 0.55s]
[0m01:45:15.398187 [info ] [Thread-5 (]: 18 of 22 PASS not_null_stg_sales_orders_order_number ........................... [[32mPASS[0m in 0.56s]
[0m01:45:15.399015 [debug] [Thread-7 (]: Finished running node test.zero_to_one_chain.not_null_stg_sales_orders_ordered_qty.b61e702a52
[0m01:45:15.399706 [debug] [Thread-5 (]: Finished running node test.zero_to_one_chain.not_null_stg_sales_orders_order_number.1ba1c4bbd7
[0m01:45:15.452583 [debug] [Thread-9 (]: SQL status: SUCCESS 1 in 0.608 seconds
[0m01:45:15.455039 [info ] [Thread-9 (]: 17 of 22 PASS not_null_stg_sales_orders_customer_id ............................ [[32mPASS[0m in 0.64s]
[0m01:45:15.455861 [debug] [Thread-9 (]: Finished running node test.zero_to_one_chain.not_null_stg_sales_orders_customer_id.29e63e9d51
[0m01:45:15.641933 [debug] [Thread-4 (]: SQL status: SUCCESS 1 in 0.629 seconds
[0m01:45:15.644329 [info ] [Thread-4 (]: 22 of 22 PASS unique_stg_shipments_shipment_id ................................. [[32mPASS[0m in 0.67s]
[0m01:45:15.645160 [debug] [Thread-4 (]: Finished running node test.zero_to_one_chain.unique_stg_shipments_shipment_id.61ce1cfa9c
[0m01:45:15.649811 [debug] [Dummy-1   ]: Connection 'master' was properly closed.
[0m01:45:15.650547 [debug] [Dummy-1   ]: Connection 'test.zero_to_one_chain.not_null_stg_shipments_shipment_id.13d2043380' was properly closed.
[0m01:45:15.651431 [debug] [Dummy-1   ]: Connection 'test.zero_to_one_chain.not_null_stg_inventory_material_number.96e453ef23' was properly closed.
[0m01:45:15.651964 [debug] [Dummy-1   ]: Connection 'test.zero_to_one_chain.unique_stg_shipments_shipment_id.61ce1cfa9c' was properly closed.
[0m01:45:15.652419 [debug] [Dummy-1   ]: Connection 'test.zero_to_one_chain.not_null_stg_sales_orders_order_number.1ba1c4bbd7' was properly closed.
[0m01:45:15.652923 [debug] [Dummy-1   ]: Connection 'test.zero_to_one_chain.unique_dim_supplier_supplier_id.f38497a628' was properly closed.
[0m01:45:15.653321 [debug] [Dummy-1   ]: Connection 'test.zero_to_one_chain.not_null_stg_sales_orders_ordered_qty.b61e702a52' was properly closed.
[0m01:45:15.653727 [debug] [Dummy-1   ]: Connection 'test.zero_to_one_chain.not_null_stg_inventory_plant_code.2a0d383d2b' was properly closed.
[0m01:45:15.654113 [debug] [Dummy-1   ]: Connection 'test.zero_to_one_chain.not_null_stg_sales_orders_customer_id.29e63e9d51' was properly closed.
[0m01:45:15.654644 [info ] [Dummy-1   ]: 
[0m01:45:15.655194 [info ] [Dummy-1   ]: Finished running 22 data tests in 0 hours 0 minutes and 3.38 seconds (3.38s).
[0m01:45:15.658440 [debug] [Dummy-1   ]: Command end result
[0m01:45:15.687895 [debug] [Dummy-1   ]: Wrote artifact WritableManifest to /tmp/dbt/target/manifest.json
[0m01:45:15.689970 [debug] [Dummy-1   ]: Wrote artifact SemanticManifest to /tmp/dbt/target/semantic_manifest.json
[0m01:45:15.697975 [debug] [Dummy-1   ]: Wrote artifact RunExecutionResult to /tmp/dbt/target/run_results.json
[0m01:45:15.698524 [info ] [Dummy-1   ]: 
[0m01:45:15.699140 [info ] [Dummy-1   ]: [31mCompleted with 1 error, 0 partial successes, and 0 warnings:[0m
[0m01:45:15.699641 [info ] [Dummy-1   ]: 
[0m01:45:15.700278 [error] [Dummy-1   ]: [31mFailure in test not_null_stg_purchase_orders_supplier_id (models/staging/schema.yml)[0m
[0m01:45:15.700909 [error] [Dummy-1   ]:   Got 150 results, configured to fail if != 0
[0m01:45:15.701356 [info ] [Dummy-1   ]: 
[0m01:45:15.701870 [info ] [Dummy-1   ]:   compiled code at target/compiled/zero_to_one_chain/models/staging/schema.yml/not_null_stg_purchase_orders_supplier_id.sql
[0m01:45:15.702361 [info ] [Dummy-1   ]: 
[0m01:45:15.702823 [info ] [Dummy-1   ]: Done. PASS=21 WARN=0 ERROR=1 SKIP=0 TOTAL=22
[0m01:45:15.704584 [debug] [Dummy-1   ]: Resource report: {"command_name": "test", "command_success": false, "command_wall_clock_time": 4.8682623, "process_in_blocks": "0", "process_kernel_time": 0.93, "process_mem_max_rss": "499900", "process_out_blocks": "0", "process_user_time": 4.97}
[0m01:45:15.705248 [debug] [Dummy-1   ]: Command `cli test` failed at 01:45:15.705009 after 4.87 seconds
[0m01:45:15.705766 [debug] [Dummy-1   ]: Flushing usage events


============================== 01:45:54.769122 | 74135cb8-96c5-4202-8ad2-776144dcc333 ==============================
[0m01:45:54.769122 [info ] [Dummy-1   ]: Running with dbt=1.9.4
[0m01:45:54.770008 [debug] [Dummy-1   ]: running dbt with arguments {'printer_width': '80', 'indirect_selection': 'eager', 'log_cache_events': 'False', 'write_json': 'True', 'partial_parse': 'True', 'cache_selected_only': 'False', 'warn_error': 'None', 'version_check': 'True', 'fail_fast': 'False', 'log_path': '/tmp/dbt/logs', 'debug': 'False', 'profiles_dir': '/tmp/dbt_effective_profiles_v8x_jzzt', 'use_colors': 'True', 'use_experimental_parser': 'False', 'empty': 'None', 'quiet': 'False', 'no_print': 'None', 'warn_error_options': 'WarnErrorOptions(include=[], exclude=[])', 'invocation_command': 'dbt ', 'static_parser': 'True', 'log_format': 'default', 'target_path': 'None', 'introspect': 'True', 'send_anonymous_usage_stats': 'False'}
[0m01:45:54.960992 [info ] [Dummy-1   ]: State adapter: dbt-state v0.0.0 is disabled
[0m01:45:55.049789 [info ] [Dummy-1   ]: Registered adapter: snowflake=1.9.2
[0m01:45:55.586014 [debug] [Dummy-1   ]: checksum: 53ed91fada2233efb98368d1716b44ab532c83a9c293cf1890b7905d5b45fb25, vars: {}, profile: , target: dev, version: 1.9.4
[0m01:45:55.818224 [debug] [Dummy-1   ]: Partial parsing enabled: 0 files deleted, 0 files added, 1 files changed.
[0m01:45:55.819297 [debug] [Dummy-1   ]: Partial parsing: updated file: zero_to_one_chain://models/staging/schema.yml
[0m01:45:56.435796 [warn ] [Dummy-1   ]: [[33mWARNING[0m]: Configuration paths exist in your dbt_project.yml file which do not apply to any resources.
There are 1 unused configuration paths:
- models.zero_to_one_chain.metrics
[0m01:45:56.552120 [debug] [Dummy-1   ]: Wrote artifact WritableManifest to /tmp/dbt/target/manifest.json
[0m01:45:56.554149 [debug] [Dummy-1   ]: Wrote artifact SemanticManifest to /tmp/dbt/target/semantic_manifest.json
[0m01:45:56.611640 [info ] [Dummy-1   ]: Found 7 models, 22 data tests, 11 sources, 474 macros
[0m01:45:56.614897 [info ] [Dummy-1   ]: 
[0m01:45:56.615424 [info ] [Dummy-1   ]: Concurrency: 8 threads (target='dev')
[0m01:45:56.615927 [info ] [Dummy-1   ]: 
[0m01:45:56.616628 [debug] [Dummy-1   ]: Acquiring new snowflake connection 'master'
[0m01:45:56.624430 [debug] [ThreadPool]: Acquiring new snowflake connection 'list_ZERO_TO_ONE_CHAIN_PUBLIC_L2_STAGE'
[0m01:45:56.626248 [debug] [ThreadPool]: Acquiring new snowflake connection 'list_ZERO_TO_ONE_CHAIN_PUBLIC_L5_CORE'
[0m01:45:56.716857 [debug] [ThreadPool]: Using snowflake connection "list_ZERO_TO_ONE_CHAIN_PUBLIC_L2_STAGE"
[0m01:45:56.717587 [debug] [ThreadPool]: Using snowflake connection "list_ZERO_TO_ONE_CHAIN_PUBLIC_L5_CORE"
[0m01:45:56.718123 [debug] [ThreadPool]: On list_ZERO_TO_ONE_CHAIN_PUBLIC_L2_STAGE: /* {"app": "dbt", "dbt_version": "1.9.4", "profile_name": "zero_to_one_chain", "target_name": "dev", "connection_name": "list_ZERO_TO_ONE_CHAIN_PUBLIC_L2_STAGE"} */
alter session set quoted_identifiers_ignore_case = false;
[0m01:45:56.718635 [debug] [ThreadPool]: On list_ZERO_TO_ONE_CHAIN_PUBLIC_L5_CORE: /* {"app": "dbt", "dbt_version": "1.9.4", "profile_name": "zero_to_one_chain", "target_name": "dev", "connection_name": "list_ZERO_TO_ONE_CHAIN_PUBLIC_L5_CORE"} */
alter session set quoted_identifiers_ignore_case = false;
[0m01:45:56.719133 [debug] [ThreadPool]: Opening a new connection, currently in state init
[0m01:45:56.719539 [debug] [ThreadPool]: Opening a new connection, currently in state init
[0m01:45:57.160900 [debug] [ThreadPool]: SQL status: SUCCESS 1 in 0.442 seconds
[0m01:45:57.165501 [debug] [ThreadPool]: Using snowflake connection "list_ZERO_TO_ONE_CHAIN_PUBLIC_L2_STAGE"
[0m01:45:57.166075 [debug] [ThreadPool]: On list_ZERO_TO_ONE_CHAIN_PUBLIC_L2_STAGE: /* {"app": "dbt", "dbt_version": "1.9.4", "profile_name": "zero_to_one_chain", "target_name": "dev", "connection_name": "list_ZERO_TO_ONE_CHAIN_PUBLIC_L2_STAGE"} */
show objects in ZERO_TO_ONE_CHAIN.PUBLIC_L2_STAGE
    limit 10000
    
;
[0m01:45:57.166846 [debug] [ThreadPool]: SQL status: SUCCESS 1 in 0.447 seconds
[0m01:45:57.169036 [debug] [ThreadPool]: Using snowflake connection "list_ZERO_TO_ONE_CHAIN_PUBLIC_L5_CORE"
[0m01:45:57.169808 [debug] [ThreadPool]: On list_ZERO_TO_ONE_CHAIN_PUBLIC_L5_CORE: /* {"app": "dbt", "dbt_version": "1.9.4", "profile_name": "zero_to_one_chain", "target_name": "dev", "connection_name": "list_ZERO_TO_ONE_CHAIN_PUBLIC_L5_CORE"} */
show objects in ZERO_TO_ONE_CHAIN.PUBLIC_L5_CORE
    limit 10000
    
;
[0m01:45:57.264224 [debug] [ThreadPool]: SQL status: SUCCESS 3 in 0.094 seconds
[0m01:45:57.266377 [debug] [ThreadPool]: Using snowflake connection "list_ZERO_TO_ONE_CHAIN_PUBLIC_L5_CORE"
[0m01:45:57.266899 [debug] [ThreadPool]: On list_ZERO_TO_ONE_CHAIN_PUBLIC_L5_CORE: /* {"app": "dbt", "dbt_version": "1.9.4", "profile_name": "zero_to_one_chain", "target_name": "dev", "connection_name": "list_ZERO_TO_ONE_CHAIN_PUBLIC_L5_CORE"} */
alter session unset quoted_identifiers_ignore_case;
[0m01:45:57.281852 [debug] [ThreadPool]: SQL status: SUCCESS 4 in 0.114 seconds
[0m01:45:57.284007 [debug] [ThreadPool]: Using snowflake connection "list_ZERO_TO_ONE_CHAIN_PUBLIC_L2_STAGE"
[0m01:45:57.284500 [debug] [ThreadPool]: On list_ZERO_TO_ONE_CHAIN_PUBLIC_L2_STAGE: /* {"app": "dbt", "dbt_version": "1.9.4", "profile_name": "zero_to_one_chain", "target_name": "dev", "connection_name": "list_ZERO_TO_ONE_CHAIN_PUBLIC_L2_STAGE"} */
alter session unset quoted_identifiers_ignore_case;
[0m01:45:57.332388 [debug] [ThreadPool]: SQL status: SUCCESS 1 in 0.065 seconds
[0m01:45:57.342599 [debug] [ThreadPool]: SQL status: SUCCESS 1 in 0.058 seconds
[0m01:45:57.361049 [debug] [Thread-2 (]: Began running node test.zero_to_one_chain.assert_no_negative_quantities
[0m01:45:57.361659 [debug] [Thread-3 (]: Began running node test.zero_to_one_chain.assert_otd_valid_range
[0m01:45:57.362222 [debug] [Thread-4 (]: Began running node test.zero_to_one_chain.assert_referential_integrity_supplier
[0m01:45:57.362802 [debug] [Thread-5 (]: Began running node test.zero_to_one_chain.not_null_dim_supplier_blended_risk_score.17b51bd051
[0m01:45:57.363345 [debug] [Thread-6 (]: Began running node test.zero_to_one_chain.not_null_dim_supplier_supplier_id.725f2b9f7b
[0m01:45:57.364067 [debug] [Thread-7 (]: Began running node test.zero_to_one_chain.not_null_fact_orders_is_on_time.37c0ce34f9
[0m01:45:57.364566 [info ] [Thread-2 (]: 1 of 22 START test assert_no_negative_quantities ............................... [RUN]
[0m01:45:57.365184 [debug] [Thread-8 (]: Began running node test.zero_to_one_chain.not_null_fact_orders_is_otif.fde79c6dd9
[0m01:45:57.365731 [debug] [Thread-9 (]: Began running node test.zero_to_one_chain.not_null_fact_orders_net_value_usd.6d0944dfb9
[0m01:45:57.366274 [info ] [Thread-3 (]: 2 of 22 START test assert_otd_valid_range ...................................... [RUN]
[0m01:45:57.366872 [info ] [Thread-4 (]: 3 of 22 START test assert_referential_integrity_supplier ....................... [RUN]
[0m01:45:57.367452 [info ] [Thread-5 (]: 4 of 22 START test not_null_dim_supplier_blended_risk_score .................... [RUN]
[0m01:45:57.368106 [info ] [Thread-6 (]: 5 of 22 START test not_null_dim_supplier_supplier_id ........................... [RUN]
[0m01:45:57.368692 [info ] [Thread-7 (]: 6 of 22 START test not_null_fact_orders_is_on_time ............................. [RUN]
[0m01:45:57.369387 [debug] [Thread-2 (]: Re-using an available connection from the pool (formerly list_ZERO_TO_ONE_CHAIN_PUBLIC_L5_CORE, now test.zero_to_one_chain.assert_no_negative_quantities)
[0m01:45:57.369911 [info ] [Thread-8 (]: 7 of 22 START test not_null_fact_orders_is_otif ................................ [RUN]
[0m01:45:57.370488 [info ] [Thread-9 (]: 8 of 22 START test not_null_fact_orders_net_value_usd .......................... [RUN]
[0m01:45:57.371102 [debug] [Thread-3 (]: Re-using an available connection from the pool (formerly list_ZERO_TO_ONE_CHAIN_PUBLIC_L2_STAGE, now test.zero_to_one_chain.assert_otd_valid_range)
[0m01:45:57.371851 [debug] [Thread-4 (]: Acquiring new snowflake connection 'test.zero_to_one_chain.assert_referential_integrity_supplier'
[0m01:45:57.372479 [debug] [Thread-5 (]: Acquiring new snowflake connection 'test.zero_to_one_chain.not_null_dim_supplier_blended_risk_score.17b51bd051'
[0m01:45:57.373115 [debug] [Thread-6 (]: Acquiring new snowflake connection 'test.zero_to_one_chain.not_null_dim_supplier_supplier_id.725f2b9f7b'
[0m01:45:57.373751 [debug] [Thread-7 (]: Acquiring new snowflake connection 'test.zero_to_one_chain.not_null_fact_orders_is_on_time.37c0ce34f9'
[0m01:45:57.374254 [debug] [Thread-2 (]: Began compiling node test.zero_to_one_chain.assert_no_negative_quantities
[0m01:45:57.374854 [debug] [Thread-8 (]: Acquiring new snowflake connection 'test.zero_to_one_chain.not_null_fact_orders_is_otif.fde79c6dd9'
[0m01:45:57.375464 [debug] [Thread-9 (]: Acquiring new snowflake connection 'test.zero_to_one_chain.not_null_fact_orders_net_value_usd.6d0944dfb9'
[0m01:45:57.376053 [debug] [Thread-3 (]: Began compiling node test.zero_to_one_chain.assert_otd_valid_range
[0m01:45:57.376539 [debug] [Thread-4 (]: Began compiling node test.zero_to_one_chain.assert_referential_integrity_supplier
[0m01:45:57.377041 [debug] [Thread-5 (]: Began compiling node test.zero_to_one_chain.not_null_dim_supplier_blended_risk_score.17b51bd051
[0m01:45:57.377555 [debug] [Thread-6 (]: Began compiling node test.zero_to_one_chain.not_null_dim_supplier_supplier_id.725f2b9f7b
[0m01:45:57.378052 [debug] [Thread-7 (]: Began compiling node test.zero_to_one_chain.not_null_fact_orders_is_on_time.37c0ce34f9
[0m01:45:57.387529 [debug] [Thread-2 (]: Writing injected SQL for node "test.zero_to_one_chain.assert_no_negative_quantities"
[0m01:45:57.388220 [debug] [Thread-8 (]: Began compiling node test.zero_to_one_chain.not_null_fact_orders_is_otif.fde79c6dd9
[0m01:45:57.388801 [debug] [Thread-9 (]: Began compiling node test.zero_to_one_chain.not_null_fact_orders_net_value_usd.6d0944dfb9
[0m01:45:57.393040 [debug] [Thread-3 (]: Writing injected SQL for node "test.zero_to_one_chain.assert_otd_valid_range"
[0m01:45:57.397369 [debug] [Thread-4 (]: Writing injected SQL for node "test.zero_to_one_chain.assert_referential_integrity_supplier"
[0m01:45:57.411127 [debug] [Thread-5 (]: Writing injected SQL for node "test.zero_to_one_chain.not_null_dim_supplier_blended_risk_score.17b51bd051"
[0m01:45:57.417040 [debug] [Thread-6 (]: Writing injected SQL for node "test.zero_to_one_chain.not_null_dim_supplier_supplier_id.725f2b9f7b"
[0m01:45:57.423838 [debug] [Thread-7 (]: Writing injected SQL for node "test.zero_to_one_chain.not_null_fact_orders_is_on_time.37c0ce34f9"
[0m01:45:57.429381 [debug] [Thread-8 (]: Writing injected SQL for node "test.zero_to_one_chain.not_null_fact_orders_is_otif.fde79c6dd9"
[0m01:45:57.430150 [debug] [Thread-2 (]: Began executing node test.zero_to_one_chain.assert_no_negative_quantities
[0m01:45:57.435409 [debug] [Thread-9 (]: Writing injected SQL for node "test.zero_to_one_chain.not_null_fact_orders_net_value_usd.6d0944dfb9"
[0m01:45:57.436692 [debug] [Thread-3 (]: Began executing node test.zero_to_one_chain.assert_otd_valid_range
[0m01:45:57.437425 [debug] [Thread-4 (]: Began executing node test.zero_to_one_chain.assert_referential_integrity_supplier
[0m01:45:57.438226 [debug] [Thread-5 (]: Began executing node test.zero_to_one_chain.not_null_dim_supplier_blended_risk_score.17b51bd051
[0m01:45:57.439223 [debug] [Thread-6 (]: Began executing node test.zero_to_one_chain.not_null_dim_supplier_supplier_id.725f2b9f7b
[0m01:45:57.440092 [debug] [Thread-7 (]: Began executing node test.zero_to_one_chain.not_null_fact_orders_is_on_time.37c0ce34f9
[0m01:45:57.452031 [debug] [Thread-8 (]: Began executing node test.zero_to_one_chain.not_null_fact_orders_is_otif.fde79c6dd9
[0m01:45:57.462346 [debug] [Thread-2 (]: Writing runtime sql for node "test.zero_to_one_chain.assert_no_negative_quantities"
[0m01:45:57.467974 [debug] [Thread-3 (]: Writing runtime sql for node "test.zero_to_one_chain.assert_otd_valid_range"
[0m01:45:57.468756 [debug] [Thread-9 (]: Began executing node test.zero_to_one_chain.not_null_fact_orders_net_value_usd.6d0944dfb9
[0m01:45:57.548360 [debug] [Thread-4 (]: Writing runtime sql for node "test.zero_to_one_chain.assert_referential_integrity_supplier"
[0m01:45:57.552237 [debug] [Thread-5 (]: Writing runtime sql for node "test.zero_to_one_chain.not_null_dim_supplier_blended_risk_score.17b51bd051"
[0m01:45:57.555849 [debug] [Thread-6 (]: Writing runtime sql for node "test.zero_to_one_chain.not_null_dim_supplier_supplier_id.725f2b9f7b"
[0m01:45:57.559408 [debug] [Thread-7 (]: Writing runtime sql for node "test.zero_to_one_chain.not_null_fact_orders_is_on_time.37c0ce34f9"
[0m01:45:57.564105 [debug] [Thread-8 (]: Writing runtime sql for node "test.zero_to_one_chain.not_null_fact_orders_is_otif.fde79c6dd9"
[0m01:45:57.565660 [debug] [Thread-2 (]: Using snowflake connection "test.zero_to_one_chain.assert_no_negative_quantities"
[0m01:45:57.569230 [debug] [Thread-9 (]: Writing runtime sql for node "test.zero_to_one_chain.not_null_fact_orders_net_value_usd.6d0944dfb9"
[0m01:45:57.570285 [debug] [Thread-3 (]: Using snowflake connection "test.zero_to_one_chain.assert_otd_valid_range"
[0m01:45:57.571915 [debug] [Thread-4 (]: Using snowflake connection "test.zero_to_one_chain.assert_referential_integrity_supplier"
[0m01:45:57.573095 [debug] [Thread-5 (]: Using snowflake connection "test.zero_to_one_chain.not_null_dim_supplier_blended_risk_score.17b51bd051"
[0m01:45:57.574302 [debug] [Thread-6 (]: Using snowflake connection "test.zero_to_one_chain.not_null_dim_supplier_supplier_id.725f2b9f7b"
[0m01:45:57.575726 [debug] [Thread-7 (]: Using snowflake connection "test.zero_to_one_chain.not_null_fact_orders_is_on_time.37c0ce34f9"
[0m01:45:57.576469 [debug] [Thread-2 (]: On test.zero_to_one_chain.assert_no_negative_quantities: /* {"app": "dbt", "dbt_version": "1.9.4", "profile_name": "zero_to_one_chain", "target_name": "dev", "node_id": "test.zero_to_one_chain.assert_no_negative_quantities"} */
select
      count(*) as failures,
      count(*) != 0 as should_warn,
      count(*) != 0 as should_error
    from (
      -- Test: no negative quantities should exist in staged purchase orders
SELECT po_number, ordered_qty
FROM ZERO_TO_ONE_CHAIN.PUBLIC_L2_STAGE.stg_purchase_orders
WHERE ordered_qty < 0
      
    ) dbt_internal_test
[0m01:45:57.577403 [debug] [Thread-8 (]: Using snowflake connection "test.zero_to_one_chain.not_null_fact_orders_is_otif.fde79c6dd9"
[0m01:45:57.578148 [debug] [Thread-3 (]: On test.zero_to_one_chain.assert_otd_valid_range: /* {"app": "dbt", "dbt_version": "1.9.4", "profile_name": "zero_to_one_chain", "target_name": "dev", "node_id": "test.zero_to_one_chain.assert_otd_valid_range"} */
select
      count(*) as failures,
      count(*) != 0 as should_warn,
      count(*) != 0 as should_error
    from (
      -- Test: OTD % should be between 0 and 100 for all completed orders
SELECT order_number,
       CASE WHEN is_on_time THEN 1 ELSE 0 END AS otd_val
FROM ZERO_TO_ONE_CHAIN.PUBLIC_L5_CORE.fact_orders
WHERE CASE WHEN is_on_time THEN 1 ELSE 0 END NOT BETWEEN 0 AND 1
      
    ) dbt_internal_test
[0m01:45:57.579061 [debug] [Thread-9 (]: Using snowflake connection "test.zero_to_one_chain.not_null_fact_orders_net_value_usd.6d0944dfb9"
[0m01:45:57.579643 [debug] [Thread-4 (]: On test.zero_to_one_chain.assert_referential_integrity_supplier: /* {"app": "dbt", "dbt_version": "1.9.4", "profile_name": "zero_to_one_chain", "target_name": "dev", "node_id": "test.zero_to_one_chain.assert_referential_integrity_supplier"} */
select
      count(*) as failures,
      count(*) != 0 as should_warn,
      count(*) != 0 as should_error
    from (
      -- Test: every supplier in fact_purchase_orders should exist in dim_supplier
SELECT DISTINCT fpo.supplier_id
FROM ZERO_TO_ONE_CHAIN.PUBLIC_L5_CORE.fact_purchase_orders fpo
LEFT JOIN ZERO_TO_ONE_CHAIN.PUBLIC_L5_CORE.dim_supplier ds ON ds.supplier_id = fpo.supplier_id
WHERE ds.supplier_id IS NULL AND fpo.supplier_id IS NOT NULL
      
    ) dbt_internal_test
[0m01:45:57.580319 [debug] [Thread-5 (]: On test.zero_to_one_chain.not_null_dim_supplier_blended_risk_score.17b51bd051: /* {"app": "dbt", "dbt_version": "1.9.4", "profile_name": "zero_to_one_chain", "target_name": "dev", "node_id": "test.zero_to_one_chain.not_null_dim_supplier_blended_risk_score.17b51bd051"} */
select
      count(*) as failures,
      count(*) != 0 as should_warn,
      count(*) != 0 as should_error
    from (
      
    
    



select blended_risk_score
from ZERO_TO_ONE_CHAIN.PUBLIC_L5_CORE.dim_supplier
where blended_risk_score is null



      
    ) dbt_internal_test
[0m01:45:57.580876 [debug] [Thread-6 (]: On test.zero_to_one_chain.not_null_dim_supplier_supplier_id.725f2b9f7b: /* {"app": "dbt", "dbt_version": "1.9.4", "profile_name": "zero_to_one_chain", "target_name": "dev", "node_id": "test.zero_to_one_chain.not_null_dim_supplier_supplier_id.725f2b9f7b"} */
select
      count(*) as failures,
      count(*) != 0 as should_warn,
      count(*) != 0 as should_error
    from (
      
    
    



select supplier_id
from ZERO_TO_ONE_CHAIN.PUBLIC_L5_CORE.dim_supplier
where supplier_id is null



      
    ) dbt_internal_test
[0m01:45:57.581472 [debug] [Thread-7 (]: On test.zero_to_one_chain.not_null_fact_orders_is_on_time.37c0ce34f9: /* {"app": "dbt", "dbt_version": "1.9.4", "profile_name": "zero_to_one_chain", "target_name": "dev", "node_id": "test.zero_to_one_chain.not_null_fact_orders_is_on_time.37c0ce34f9"} */
select
      count(*) as failures,
      count(*) != 0 as should_warn,
      count(*) != 0 as should_error
    from (
      
    
    



select is_on_time
from ZERO_TO_ONE_CHAIN.PUBLIC_L5_CORE.fact_orders
where is_on_time is null



      
    ) dbt_internal_test
[0m01:45:57.582011 [debug] [Thread-2 (]: Opening a new connection, currently in state init
[0m01:45:57.582555 [debug] [Thread-8 (]: On test.zero_to_one_chain.not_null_fact_orders_is_otif.fde79c6dd9: /* {"app": "dbt", "dbt_version": "1.9.4", "profile_name": "zero_to_one_chain", "target_name": "dev", "node_id": "test.zero_to_one_chain.not_null_fact_orders_is_otif.fde79c6dd9"} */
select
      count(*) as failures,
      count(*) != 0 as should_warn,
      count(*) != 0 as should_error
    from (
      
    
    



select is_otif
from ZERO_TO_ONE_CHAIN.PUBLIC_L5_CORE.fact_orders
where is_otif is null



      
    ) dbt_internal_test
[0m01:45:57.583115 [debug] [Thread-3 (]: Opening a new connection, currently in state init
[0m01:45:57.583743 [debug] [Thread-9 (]: On test.zero_to_one_chain.not_null_fact_orders_net_value_usd.6d0944dfb9: /* {"app": "dbt", "dbt_version": "1.9.4", "profile_name": "zero_to_one_chain", "target_name": "dev", "node_id": "test.zero_to_one_chain.not_null_fact_orders_net_value_usd.6d0944dfb9"} */
select
      count(*) as failures,
      count(*) != 0 as should_warn,
      count(*) != 0 as should_error
    from (
      
    
    



select net_value_usd
from ZERO_TO_ONE_CHAIN.PUBLIC_L5_CORE.fact_orders
where net_value_usd is null



      
    ) dbt_internal_test
[0m01:45:57.584267 [debug] [Thread-4 (]: Opening a new connection, currently in state init
[0m01:45:57.584757 [debug] [Thread-5 (]: Opening a new connection, currently in state init
[0m01:45:57.585228 [debug] [Thread-6 (]: Opening a new connection, currently in state init
[0m01:45:57.585691 [debug] [Thread-7 (]: Opening a new connection, currently in state init
[0m01:45:57.586513 [debug] [Thread-8 (]: Opening a new connection, currently in state init
[0m01:45:57.587126 [debug] [Thread-9 (]: Opening a new connection, currently in state init
[0m01:45:58.001206 [debug] [Thread-6 (]: SQL status: SUCCESS 1 in 0.416 seconds
[0m01:45:58.002144 [debug] [Thread-5 (]: SQL status: SUCCESS 1 in 0.417 seconds
[0m01:45:58.008427 [debug] [Thread-8 (]: SQL status: SUCCESS 1 in 0.422 seconds
[0m01:45:58.012092 [info ] [Thread-6 (]: 5 of 22 PASS not_null_dim_supplier_supplier_id ................................. [[32mPASS[0m in 0.64s]
[0m01:45:58.012934 [debug] [Thread-3 (]: SQL status: SUCCESS 1 in 0.430 seconds
[0m01:45:58.013622 [debug] [Thread-4 (]: SQL status: SUCCESS 1 in 0.429 seconds
[0m01:45:58.014335 [debug] [Thread-7 (]: SQL status: SUCCESS 1 in 0.429 seconds
[0m01:45:58.016501 [info ] [Thread-5 (]: 4 of 22 PASS not_null_dim_supplier_blended_risk_score .......................... [[32mPASS[0m in 0.64s]
[0m01:45:58.018549 [info ] [Thread-8 (]: 7 of 22 PASS not_null_fact_orders_is_otif ...................................... [[32mPASS[0m in 0.64s]
[0m01:45:58.019377 [debug] [Thread-6 (]: Finished running node test.zero_to_one_chain.not_null_dim_supplier_supplier_id.725f2b9f7b
[0m01:45:58.021438 [info ] [Thread-3 (]: 2 of 22 PASS assert_otd_valid_range ............................................ [[32mPASS[0m in 0.65s]
[0m01:45:58.023472 [info ] [Thread-4 (]: 3 of 22 PASS assert_referential_integrity_supplier ............................. [[32mPASS[0m in 0.65s]
[0m01:45:58.025600 [info ] [Thread-7 (]: 6 of 22 PASS not_null_fact_orders_is_on_time ................................... [[32mPASS[0m in 0.65s]
[0m01:45:58.026446 [debug] [Thread-5 (]: Finished running node test.zero_to_one_chain.not_null_dim_supplier_blended_risk_score.17b51bd051
[0m01:45:58.027153 [debug] [Thread-8 (]: Finished running node test.zero_to_one_chain.not_null_fact_orders_is_otif.fde79c6dd9
[0m01:45:58.027872 [debug] [Thread-6 (]: Began running node test.zero_to_one_chain.not_null_fact_orders_order_number.0a96e65a85
[0m01:45:58.028666 [debug] [Thread-3 (]: Finished running node test.zero_to_one_chain.assert_otd_valid_range
[0m01:45:58.029359 [debug] [Thread-4 (]: Finished running node test.zero_to_one_chain.assert_referential_integrity_supplier
[0m01:45:58.030000 [debug] [Thread-7 (]: Finished running node test.zero_to_one_chain.not_null_fact_orders_is_on_time.37c0ce34f9
[0m01:45:58.030647 [debug] [Thread-5 (]: Began running node test.zero_to_one_chain.not_null_fact_purchase_orders_landed_cost_usd.49b7b40f29
[0m01:45:58.031618 [debug] [Thread-9 (]: SQL status: SUCCESS 1 in 0.444 seconds
[0m01:45:58.032299 [debug] [Thread-8 (]: Began running node test.zero_to_one_chain.not_null_fact_purchase_orders_po_number.7571b8f5cc
[0m01:45:58.032937 [info ] [Thread-6 (]: 9 of 22 START test not_null_fact_orders_order_number ........................... [RUN]
[0m01:45:58.033585 [debug] [Thread-3 (]: Began running node test.zero_to_one_chain.not_null_stg_inventory_material_number.96e453ef23
[0m01:45:58.034260 [debug] [Thread-4 (]: Began running node test.zero_to_one_chain.not_null_stg_inventory_plant_code.2a0d383d2b
[0m01:45:58.034933 [debug] [Thread-7 (]: Began running node test.zero_to_one_chain.not_null_stg_purchase_orders_ordered_qty.cbabec5c40
[0m01:45:58.035589 [info ] [Thread-5 (]: 10 of 22 START test not_null_fact_purchase_orders_landed_cost_usd .............. [RUN]
[0m01:45:58.037911 [info ] [Thread-9 (]: 8 of 22 PASS not_null_fact_orders_net_value_usd ................................ [[32mPASS[0m in 0.66s]
[0m01:45:58.038571 [info ] [Thread-8 (]: 11 of 22 START test not_null_fact_purchase_orders_po_number .................... [RUN]
[0m01:45:58.039243 [debug] [Thread-6 (]: Re-using an available connection from the pool (formerly test.zero_to_one_chain.not_null_dim_supplier_supplier_id.725f2b9f7b, now test.zero_to_one_chain.not_null_fact_orders_order_number.0a96e65a85)
[0m01:45:58.039891 [info ] [Thread-3 (]: 12 of 22 START test not_null_stg_inventory_material_number ..................... [RUN]
[0m01:45:58.040496 [info ] [Thread-4 (]: 13 of 22 START test not_null_stg_inventory_plant_code .......................... [RUN]
[0m01:45:58.041072 [info ] [Thread-7 (]: 14 of 22 START test not_null_stg_purchase_orders_ordered_qty ................... [RUN]
[0m01:45:58.041752 [debug] [Thread-5 (]: Re-using an available connection from the pool (formerly test.zero_to_one_chain.not_null_dim_supplier_blended_risk_score.17b51bd051, now test.zero_to_one_chain.not_null_fact_purchase_orders_landed_cost_usd.49b7b40f29)
[0m01:45:58.042452 [debug] [Thread-9 (]: Finished running node test.zero_to_one_chain.not_null_fact_orders_net_value_usd.6d0944dfb9
[0m01:45:58.043052 [debug] [Thread-8 (]: Re-using an available connection from the pool (formerly test.zero_to_one_chain.not_null_fact_orders_is_otif.fde79c6dd9, now test.zero_to_one_chain.not_null_fact_purchase_orders_po_number.7571b8f5cc)
[0m01:45:58.043599 [debug] [Thread-6 (]: Began compiling node test.zero_to_one_chain.not_null_fact_orders_order_number.0a96e65a85
[0m01:45:58.044283 [debug] [Thread-3 (]: Re-using an available connection from the pool (formerly test.zero_to_one_chain.assert_otd_valid_range, now test.zero_to_one_chain.not_null_stg_inventory_material_number.96e453ef23)
[0m01:45:58.044880 [debug] [Thread-4 (]: Re-using an available connection from the pool (formerly test.zero_to_one_chain.assert_referential_integrity_supplier, now test.zero_to_one_chain.not_null_stg_inventory_plant_code.2a0d383d2b)
[0m01:45:58.045434 [debug] [Thread-7 (]: Re-using an available connection from the pool (formerly test.zero_to_one_chain.not_null_fact_orders_is_on_time.37c0ce34f9, now test.zero_to_one_chain.not_null_stg_purchase_orders_ordered_qty.cbabec5c40)
[0m01:45:58.045964 [debug] [Thread-5 (]: Began compiling node test.zero_to_one_chain.not_null_fact_purchase_orders_landed_cost_usd.49b7b40f29
[0m01:45:58.046543 [debug] [Thread-9 (]: Began running node test.zero_to_one_chain.not_null_stg_purchase_orders_po_number.6cfffa2ad5
[0m01:45:58.047120 [debug] [Thread-8 (]: Began compiling node test.zero_to_one_chain.not_null_fact_purchase_orders_po_number.7571b8f5cc
[0m01:45:58.053274 [debug] [Thread-6 (]: Writing injected SQL for node "test.zero_to_one_chain.not_null_fact_orders_order_number.0a96e65a85"
[0m01:45:58.053957 [debug] [Thread-3 (]: Began compiling node test.zero_to_one_chain.not_null_stg_inventory_material_number.96e453ef23
[0m01:45:58.054495 [debug] [Thread-4 (]: Began compiling node test.zero_to_one_chain.not_null_stg_inventory_plant_code.2a0d383d2b
[0m01:45:58.054999 [debug] [Thread-7 (]: Began compiling node test.zero_to_one_chain.not_null_stg_purchase_orders_ordered_qty.cbabec5c40
[0m01:45:58.061761 [debug] [Thread-5 (]: Writing injected SQL for node "test.zero_to_one_chain.not_null_fact_purchase_orders_landed_cost_usd.49b7b40f29"
[0m01:45:58.062363 [info ] [Thread-9 (]: 15 of 22 START test not_null_stg_purchase_orders_po_number ..................... [RUN]
[0m01:45:58.067385 [debug] [Thread-8 (]: Writing injected SQL for node "test.zero_to_one_chain.not_null_fact_purchase_orders_po_number.7571b8f5cc"
[0m01:45:58.073073 [debug] [Thread-3 (]: Writing injected SQL for node "test.zero_to_one_chain.not_null_stg_inventory_material_number.96e453ef23"
[0m01:45:58.073709 [debug] [Thread-6 (]: Began executing node test.zero_to_one_chain.not_null_fact_orders_order_number.0a96e65a85
[0m01:45:58.078799 [debug] [Thread-4 (]: Writing injected SQL for node "test.zero_to_one_chain.not_null_stg_inventory_plant_code.2a0d383d2b"
[0m01:45:58.084791 [debug] [Thread-2 (]: SQL status: SUCCESS 1 in 0.503 seconds
[0m01:45:58.085176 [debug] [Thread-7 (]: Writing injected SQL for node "test.zero_to_one_chain.not_null_stg_purchase_orders_ordered_qty.cbabec5c40"
[0m01:45:58.086033 [debug] [Thread-9 (]: Re-using an available connection from the pool (formerly test.zero_to_one_chain.not_null_fact_orders_net_value_usd.6d0944dfb9, now test.zero_to_one_chain.not_null_stg_purchase_orders_po_number.6cfffa2ad5)
[0m01:45:58.086628 [debug] [Thread-5 (]: Began executing node test.zero_to_one_chain.not_null_fact_purchase_orders_landed_cost_usd.49b7b40f29
[0m01:45:58.087527 [debug] [Thread-8 (]: Began executing node test.zero_to_one_chain.not_null_fact_purchase_orders_po_number.7571b8f5cc
[0m01:45:58.093601 [debug] [Thread-6 (]: Writing runtime sql for node "test.zero_to_one_chain.not_null_fact_orders_order_number.0a96e65a85"
[0m01:45:58.094201 [debug] [Thread-3 (]: Began executing node test.zero_to_one_chain.not_null_stg_inventory_material_number.96e453ef23
[0m01:45:58.096707 [info ] [Thread-2 (]: 1 of 22 PASS assert_no_negative_quantities ..................................... [[32mPASS[0m in 0.73s]
[0m01:45:58.097352 [debug] [Thread-4 (]: Began executing node test.zero_to_one_chain.not_null_stg_inventory_plant_code.2a0d383d2b
[0m01:45:58.098051 [debug] [Thread-9 (]: Began compiling node test.zero_to_one_chain.not_null_stg_purchase_orders_po_number.6cfffa2ad5
[0m01:45:58.098581 [debug] [Thread-7 (]: Began executing node test.zero_to_one_chain.not_null_stg_purchase_orders_ordered_qty.cbabec5c40
[0m01:45:58.102324 [debug] [Thread-5 (]: Writing runtime sql for node "test.zero_to_one_chain.not_null_fact_purchase_orders_landed_cost_usd.49b7b40f29"
[0m01:45:58.105932 [debug] [Thread-8 (]: Writing runtime sql for node "test.zero_to_one_chain.not_null_fact_purchase_orders_po_number.7571b8f5cc"
[0m01:45:58.110008 [debug] [Thread-3 (]: Writing runtime sql for node "test.zero_to_one_chain.not_null_stg_inventory_material_number.96e453ef23"
[0m01:45:58.110994 [debug] [Thread-6 (]: Using snowflake connection "test.zero_to_one_chain.not_null_fact_orders_order_number.0a96e65a85"
[0m01:45:58.111725 [debug] [Thread-2 (]: Finished running node test.zero_to_one_chain.assert_no_negative_quantities
[0m01:45:58.115126 [debug] [Thread-4 (]: Writing runtime sql for node "test.zero_to_one_chain.not_null_stg_inventory_plant_code.2a0d383d2b"
[0m01:45:58.121689 [debug] [Thread-9 (]: Writing injected SQL for node "test.zero_to_one_chain.not_null_stg_purchase_orders_po_number.6cfffa2ad5"
[0m01:45:58.125280 [debug] [Thread-7 (]: Writing runtime sql for node "test.zero_to_one_chain.not_null_stg_purchase_orders_ordered_qty.cbabec5c40"
[0m01:45:58.126818 [debug] [Thread-5 (]: Using snowflake connection "test.zero_to_one_chain.not_null_fact_purchase_orders_landed_cost_usd.49b7b40f29"
[0m01:45:58.128120 [debug] [Thread-8 (]: Using snowflake connection "test.zero_to_one_chain.not_null_fact_purchase_orders_po_number.7571b8f5cc"
[0m01:45:58.128743 [debug] [Thread-6 (]: On test.zero_to_one_chain.not_null_fact_orders_order_number.0a96e65a85: /* {"app": "dbt", "dbt_version": "1.9.4", "profile_name": "zero_to_one_chain", "target_name": "dev", "node_id": "test.zero_to_one_chain.not_null_fact_orders_order_number.0a96e65a85"} */
select
      count(*) as failures,
      count(*) != 0 as should_warn,
      count(*) != 0 as should_error
    from (
      
    
    



select order_number
from ZERO_TO_ONE_CHAIN.PUBLIC_L5_CORE.fact_orders
where order_number is null



      
    ) dbt_internal_test
[0m01:45:58.129681 [debug] [Thread-3 (]: Using snowflake connection "test.zero_to_one_chain.not_null_stg_inventory_material_number.96e453ef23"
[0m01:45:58.130298 [debug] [Thread-2 (]: Began running node test.zero_to_one_chain.not_null_stg_purchase_orders_supplier_id.3842a0bc2e
[0m01:45:58.131647 [debug] [Thread-4 (]: Using snowflake connection "test.zero_to_one_chain.not_null_stg_inventory_plant_code.2a0d383d2b"
[0m01:45:58.132737 [debug] [Thread-9 (]: Began executing node test.zero_to_one_chain.not_null_stg_purchase_orders_po_number.6cfffa2ad5
[0m01:45:58.133401 [debug] [Thread-5 (]: On test.zero_to_one_chain.not_null_fact_purchase_orders_landed_cost_usd.49b7b40f29: /* {"app": "dbt", "dbt_version": "1.9.4", "profile_name": "zero_to_one_chain", "target_name": "dev", "node_id": "test.zero_to_one_chain.not_null_fact_purchase_orders_landed_cost_usd.49b7b40f29"} */
select
      count(*) as failures,
      count(*) != 0 as should_warn,
      count(*) != 0 as should_error
    from (
      
    
    



select landed_cost_usd
from ZERO_TO_ONE_CHAIN.PUBLIC_L5_CORE.fact_purchase_orders
where landed_cost_usd is null



      
    ) dbt_internal_test
[0m01:45:58.134350 [debug] [Thread-7 (]: Using snowflake connection "test.zero_to_one_chain.not_null_stg_purchase_orders_ordered_qty.cbabec5c40"
[0m01:45:58.134867 [debug] [Thread-8 (]: On test.zero_to_one_chain.not_null_fact_purchase_orders_po_number.7571b8f5cc: /* {"app": "dbt", "dbt_version": "1.9.4", "profile_name": "zero_to_one_chain", "target_name": "dev", "node_id": "test.zero_to_one_chain.not_null_fact_purchase_orders_po_number.7571b8f5cc"} */
select
      count(*) as failures,
      count(*) != 0 as should_warn,
      count(*) != 0 as should_error
    from (
      
    
    



select po_number
from ZERO_TO_ONE_CHAIN.PUBLIC_L5_CORE.fact_purchase_orders
where po_number is null



      
    ) dbt_internal_test
[0m01:45:58.135379 [debug] [Thread-6 (]: Opening a new connection, currently in state init
[0m01:45:58.135976 [debug] [Thread-3 (]: On test.zero_to_one_chain.not_null_stg_inventory_material_number.96e453ef23: /* {"app": "dbt", "dbt_version": "1.9.4", "profile_name": "zero_to_one_chain", "target_name": "dev", "node_id": "test.zero_to_one_chain.not_null_stg_inventory_material_number.96e453ef23"} */
select
      count(*) as failures,
      count(*) != 0 as should_warn,
      count(*) != 0 as should_error
    from (
      
    
    



select material_number
from ZERO_TO_ONE_CHAIN.PUBLIC_L2_STAGE.stg_inventory
where material_number is null



      
    ) dbt_internal_test
[0m01:45:58.136522 [info ] [Thread-2 (]: 16 of 22 START test not_null_stg_purchase_orders_supplier_id ................... [RUN]
[0m01:45:58.137080 [debug] [Thread-4 (]: On test.zero_to_one_chain.not_null_stg_inventory_plant_code.2a0d383d2b: /* {"app": "dbt", "dbt_version": "1.9.4", "profile_name": "zero_to_one_chain", "target_name": "dev", "node_id": "test.zero_to_one_chain.not_null_stg_inventory_plant_code.2a0d383d2b"} */
select
      count(*) as failures,
      count(*) != 0 as should_warn,
      count(*) != 0 as should_error
    from (
      
    
    



select plant_code
from ZERO_TO_ONE_CHAIN.PUBLIC_L2_STAGE.stg_inventory
where plant_code is null



      
    ) dbt_internal_test
[0m01:45:58.140715 [debug] [Thread-9 (]: Writing runtime sql for node "test.zero_to_one_chain.not_null_stg_purchase_orders_po_number.6cfffa2ad5"
[0m01:45:58.141252 [debug] [Thread-5 (]: Opening a new connection, currently in state init
[0m01:45:58.141767 [debug] [Thread-7 (]: On test.zero_to_one_chain.not_null_stg_purchase_orders_ordered_qty.cbabec5c40: /* {"app": "dbt", "dbt_version": "1.9.4", "profile_name": "zero_to_one_chain", "target_name": "dev", "node_id": "test.zero_to_one_chain.not_null_stg_purchase_orders_ordered_qty.cbabec5c40"} */
select
      count(*) as failures,
      count(*) != 0 as should_warn,
      count(*) != 0 as should_error
    from (
      
    
    



select ordered_qty
from ZERO_TO_ONE_CHAIN.PUBLIC_L2_STAGE.stg_purchase_orders
where ordered_qty is null



      
    ) dbt_internal_test
[0m01:45:58.142252 [debug] [Thread-8 (]: Opening a new connection, currently in state init
[0m01:45:58.142955 [debug] [Thread-3 (]: Opening a new connection, currently in state init
[0m01:45:58.143638 [debug] [Thread-2 (]: Re-using an available connection from the pool (formerly test.zero_to_one_chain.assert_no_negative_quantities, now test.zero_to_one_chain.not_null_stg_purchase_orders_supplier_id.3842a0bc2e)
[0m01:45:58.144239 [debug] [Thread-4 (]: Opening a new connection, currently in state init
[0m01:45:58.145419 [debug] [Thread-9 (]: Using snowflake connection "test.zero_to_one_chain.not_null_stg_purchase_orders_po_number.6cfffa2ad5"
[0m01:45:58.145960 [debug] [Thread-7 (]: Opening a new connection, currently in state init
[0m01:45:58.146834 [debug] [Thread-2 (]: Began compiling node test.zero_to_one_chain.not_null_stg_purchase_orders_supplier_id.3842a0bc2e
[0m01:45:58.147600 [debug] [Thread-9 (]: On test.zero_to_one_chain.not_null_stg_purchase_orders_po_number.6cfffa2ad5: /* {"app": "dbt", "dbt_version": "1.9.4", "profile_name": "zero_to_one_chain", "target_name": "dev", "node_id": "test.zero_to_one_chain.not_null_stg_purchase_orders_po_number.6cfffa2ad5"} */
select
      count(*) as failures,
      count(*) != 0 as should_warn,
      count(*) != 0 as should_error
    from (
      
    
    



select po_number
from ZERO_TO_ONE_CHAIN.PUBLIC_L2_STAGE.stg_purchase_orders
where po_number is null



      
    ) dbt_internal_test
[0m01:45:58.153496 [debug] [Thread-2 (]: Writing injected SQL for node "test.zero_to_one_chain.not_null_stg_purchase_orders_supplier_id.3842a0bc2e"
[0m01:45:58.154095 [debug] [Thread-9 (]: Opening a new connection, currently in state init
[0m01:45:58.154980 [debug] [Thread-2 (]: Began executing node test.zero_to_one_chain.not_null_stg_purchase_orders_supplier_id.3842a0bc2e
[0m01:45:58.158774 [debug] [Thread-2 (]: Writing runtime sql for node "test.zero_to_one_chain.not_null_stg_purchase_orders_supplier_id.3842a0bc2e"
[0m01:45:58.159951 [debug] [Thread-2 (]: Using snowflake connection "test.zero_to_one_chain.not_null_stg_purchase_orders_supplier_id.3842a0bc2e"
[0m01:45:58.160489 [debug] [Thread-2 (]: On test.zero_to_one_chain.not_null_stg_purchase_orders_supplier_id.3842a0bc2e: /* {"app": "dbt", "dbt_version": "1.9.4", "profile_name": "zero_to_one_chain", "target_name": "dev", "node_id": "test.zero_to_one_chain.not_null_stg_purchase_orders_supplier_id.3842a0bc2e"} */
select
      count(*) as failures,
      count(*) != 0 as should_warn,
      count(*) != 0 as should_error
    from (
      
    
    



select supplier_id
from ZERO_TO_ONE_CHAIN.PUBLIC_L2_STAGE.stg_purchase_orders
where supplier_id is null



      
    ) dbt_internal_test
[0m01:45:58.160964 [debug] [Thread-2 (]: Opening a new connection, currently in state init
[0m01:45:58.491607 [debug] [Thread-5 (]: SQL status: SUCCESS 1 in 0.350 seconds
[0m01:45:58.494666 [info ] [Thread-5 (]: 10 of 22 PASS not_null_fact_purchase_orders_landed_cost_usd .................... [[32mPASS[0m in 0.45s]
[0m01:45:58.495470 [debug] [Thread-5 (]: Finished running node test.zero_to_one_chain.not_null_fact_purchase_orders_landed_cost_usd.49b7b40f29
[0m01:45:58.496182 [debug] [Thread-5 (]: Began running node test.zero_to_one_chain.not_null_stg_sales_orders_customer_id.29e63e9d51
[0m01:45:58.496821 [info ] [Thread-5 (]: 17 of 22 START test not_null_stg_sales_orders_customer_id ...................... [RUN]
[0m01:45:58.497452 [debug] [Thread-5 (]: Re-using an available connection from the pool (formerly test.zero_to_one_chain.not_null_fact_purchase_orders_landed_cost_usd.49b7b40f29, now test.zero_to_one_chain.not_null_stg_sales_orders_customer_id.29e63e9d51)
[0m01:45:58.498001 [debug] [Thread-5 (]: Began compiling node test.zero_to_one_chain.not_null_stg_sales_orders_customer_id.29e63e9d51
[0m01:45:58.504157 [debug] [Thread-5 (]: Writing injected SQL for node "test.zero_to_one_chain.not_null_stg_sales_orders_customer_id.29e63e9d51"
[0m01:45:58.504880 [debug] [Thread-6 (]: SQL status: SUCCESS 1 in 0.369 seconds
[0m01:45:58.507163 [info ] [Thread-6 (]: 9 of 22 PASS not_null_fact_orders_order_number ................................. [[32mPASS[0m in 0.47s]
[0m01:45:58.507854 [debug] [Thread-5 (]: Began executing node test.zero_to_one_chain.not_null_stg_sales_orders_customer_id.29e63e9d51
[0m01:45:58.508479 [debug] [Thread-6 (]: Finished running node test.zero_to_one_chain.not_null_fact_orders_order_number.0a96e65a85
[0m01:45:58.512249 [debug] [Thread-5 (]: Writing runtime sql for node "test.zero_to_one_chain.not_null_stg_sales_orders_customer_id.29e63e9d51"
[0m01:45:58.512904 [debug] [Thread-6 (]: Began running node test.zero_to_one_chain.not_null_stg_sales_orders_order_number.1ba1c4bbd7
[0m01:45:58.513760 [info ] [Thread-6 (]: 18 of 22 START test not_null_stg_sales_orders_order_number ..................... [RUN]
[0m01:45:58.514721 [debug] [Thread-5 (]: Using snowflake connection "test.zero_to_one_chain.not_null_stg_sales_orders_customer_id.29e63e9d51"
[0m01:45:58.515318 [debug] [Thread-6 (]: Re-using an available connection from the pool (formerly test.zero_to_one_chain.not_null_fact_orders_order_number.0a96e65a85, now test.zero_to_one_chain.not_null_stg_sales_orders_order_number.1ba1c4bbd7)
[0m01:45:58.515976 [debug] [Thread-5 (]: On test.zero_to_one_chain.not_null_stg_sales_orders_customer_id.29e63e9d51: /* {"app": "dbt", "dbt_version": "1.9.4", "profile_name": "zero_to_one_chain", "target_name": "dev", "node_id": "test.zero_to_one_chain.not_null_stg_sales_orders_customer_id.29e63e9d51"} */
select
      count(*) as failures,
      count(*) != 0 as should_warn,
      count(*) != 0 as should_error
    from (
      
    
    



select customer_id
from ZERO_TO_ONE_CHAIN.PUBLIC_L2_STAGE.stg_sales_orders
where customer_id is null



      
    ) dbt_internal_test
[0m01:45:58.516537 [debug] [Thread-6 (]: Began compiling node test.zero_to_one_chain.not_null_stg_sales_orders_order_number.1ba1c4bbd7
[0m01:45:58.517021 [debug] [Thread-5 (]: Opening a new connection, currently in state init
[0m01:45:58.522443 [debug] [Thread-6 (]: Writing injected SQL for node "test.zero_to_one_chain.not_null_stg_sales_orders_order_number.1ba1c4bbd7"
[0m01:45:58.523342 [debug] [Thread-6 (]: Began executing node test.zero_to_one_chain.not_null_stg_sales_orders_order_number.1ba1c4bbd7
[0m01:45:58.528369 [debug] [Thread-6 (]: Writing runtime sql for node "test.zero_to_one_chain.not_null_stg_sales_orders_order_number.1ba1c4bbd7"
[0m01:45:58.529952 [debug] [Thread-6 (]: Using snowflake connection "test.zero_to_one_chain.not_null_stg_sales_orders_order_number.1ba1c4bbd7"
[0m01:45:58.530471 [debug] [Thread-6 (]: On test.zero_to_one_chain.not_null_stg_sales_orders_order_number.1ba1c4bbd7: /* {"app": "dbt", "dbt_version": "1.9.4", "profile_name": "zero_to_one_chain", "target_name": "dev", "node_id": "test.zero_to_one_chain.not_null_stg_sales_orders_order_number.1ba1c4bbd7"} */
select
      count(*) as failures,
      count(*) != 0 as should_warn,
      count(*) != 0 as should_error
    from (
      
    
    



select order_number
from ZERO_TO_ONE_CHAIN.PUBLIC_L2_STAGE.stg_sales_orders
where order_number is null



      
    ) dbt_internal_test
[0m01:45:58.530943 [debug] [Thread-6 (]: Opening a new connection, currently in state init
[0m01:45:58.565499 [debug] [Thread-2 (]: SQL status: SUCCESS 1 in 0.404 seconds
[0m01:45:58.566250 [debug] [Thread-9 (]: SQL status: SUCCESS 1 in 0.412 seconds
[0m01:45:58.568760 [warn ] [Thread-2 (]: 16 of 22 WARN 150 not_null_stg_purchase_orders_supplier_id ..................... [[33mWARN 150[0m in 0.42s]
[0m01:45:58.570880 [info ] [Thread-9 (]: 15 of 22 PASS not_null_stg_purchase_orders_po_number ........................... [[32mPASS[0m in 0.48s]
[0m01:45:58.571737 [debug] [Thread-2 (]: Finished running node test.zero_to_one_chain.not_null_stg_purchase_orders_supplier_id.3842a0bc2e
[0m01:45:58.572412 [debug] [Thread-9 (]: Finished running node test.zero_to_one_chain.not_null_stg_purchase_orders_po_number.6cfffa2ad5
[0m01:45:58.573005 [debug] [Thread-2 (]: Began running node test.zero_to_one_chain.not_null_stg_sales_orders_ordered_qty.b61e702a52
[0m01:45:58.573752 [debug] [Thread-9 (]: Began running node test.zero_to_one_chain.not_null_stg_shipments_shipment_id.13d2043380
[0m01:45:58.574396 [info ] [Thread-2 (]: 19 of 22 START test not_null_stg_sales_orders_ordered_qty ...................... [RUN]
[0m01:45:58.575044 [info ] [Thread-9 (]: 20 of 22 START test not_null_stg_shipments_shipment_id ......................... [RUN]
[0m01:45:58.575818 [debug] [Thread-2 (]: Re-using an available connection from the pool (formerly test.zero_to_one_chain.not_null_stg_purchase_orders_supplier_id.3842a0bc2e, now test.zero_to_one_chain.not_null_stg_sales_orders_ordered_qty.b61e702a52)
[0m01:45:58.576432 [debug] [Thread-9 (]: Re-using an available connection from the pool (formerly test.zero_to_one_chain.not_null_stg_purchase_orders_po_number.6cfffa2ad5, now test.zero_to_one_chain.not_null_stg_shipments_shipment_id.13d2043380)
[0m01:45:58.576961 [debug] [Thread-2 (]: Began compiling node test.zero_to_one_chain.not_null_stg_sales_orders_ordered_qty.b61e702a52
[0m01:45:58.577494 [debug] [Thread-9 (]: Began compiling node test.zero_to_one_chain.not_null_stg_shipments_shipment_id.13d2043380
[0m01:45:58.583294 [debug] [Thread-2 (]: Writing injected SQL for node "test.zero_to_one_chain.not_null_stg_sales_orders_ordered_qty.b61e702a52"
[0m01:45:58.588626 [debug] [Thread-9 (]: Writing injected SQL for node "test.zero_to_one_chain.not_null_stg_shipments_shipment_id.13d2043380"
[0m01:45:58.589433 [debug] [Thread-8 (]: SQL status: SUCCESS 1 in 0.447 seconds
[0m01:45:58.590510 [debug] [Thread-2 (]: Began executing node test.zero_to_one_chain.not_null_stg_sales_orders_ordered_qty.b61e702a52
[0m01:45:58.592777 [info ] [Thread-8 (]: 11 of 22 PASS not_null_fact_purchase_orders_po_number .......................... [[32mPASS[0m in 0.55s]
[0m01:45:58.593941 [debug] [Thread-9 (]: Began executing node test.zero_to_one_chain.not_null_stg_shipments_shipment_id.13d2043380
[0m01:45:58.608183 [debug] [Thread-7 (]: SQL status: SUCCESS 1 in 0.462 seconds
[0m01:45:58.609122 [debug] [Thread-4 (]: SQL status: SUCCESS 1 in 0.465 seconds
[0m01:45:58.613458 [debug] [Thread-2 (]: Writing runtime sql for node "test.zero_to_one_chain.not_null_stg_sales_orders_ordered_qty.b61e702a52"
[0m01:45:58.614413 [debug] [Thread-8 (]: Finished running node test.zero_to_one_chain.not_null_fact_purchase_orders_po_number.7571b8f5cc
[0m01:45:58.615276 [debug] [Thread-3 (]: SQL status: SUCCESS 1 in 0.472 seconds
[0m01:45:58.619089 [debug] [Thread-9 (]: Writing runtime sql for node "test.zero_to_one_chain.not_null_stg_shipments_shipment_id.13d2043380"
[0m01:45:58.621344 [info ] [Thread-7 (]: 14 of 22 PASS not_null_stg_purchase_orders_ordered_qty ......................... [[32mPASS[0m in 0.58s]
[0m01:45:58.623407 [info ] [Thread-4 (]: 13 of 22 PASS not_null_stg_inventory_plant_code ................................ [[32mPASS[0m in 0.58s]
[0m01:45:58.624425 [debug] [Thread-8 (]: Began running node test.zero_to_one_chain.unique_dim_supplier_supplier_id.f38497a628
[0m01:45:58.625470 [debug] [Thread-2 (]: Using snowflake connection "test.zero_to_one_chain.not_null_stg_sales_orders_ordered_qty.b61e702a52"
[0m01:45:58.627430 [info ] [Thread-3 (]: 12 of 22 PASS not_null_stg_inventory_material_number ........................... [[32mPASS[0m in 0.58s]
[0m01:45:58.628587 [debug] [Thread-7 (]: Finished running node test.zero_to_one_chain.not_null_stg_purchase_orders_ordered_qty.cbabec5c40
[0m01:45:58.629515 [debug] [Thread-9 (]: Using snowflake connection "test.zero_to_one_chain.not_null_stg_shipments_shipment_id.13d2043380"
[0m01:45:58.630186 [debug] [Thread-4 (]: Finished running node test.zero_to_one_chain.not_null_stg_inventory_plant_code.2a0d383d2b
[0m01:45:58.630722 [info ] [Thread-8 (]: 21 of 22 START test unique_dim_supplier_supplier_id ............................ [RUN]
[0m01:45:58.631331 [debug] [Thread-2 (]: On test.zero_to_one_chain.not_null_stg_sales_orders_ordered_qty.b61e702a52: /* {"app": "dbt", "dbt_version": "1.9.4", "profile_name": "zero_to_one_chain", "target_name": "dev", "node_id": "test.zero_to_one_chain.not_null_stg_sales_orders_ordered_qty.b61e702a52"} */
select
      count(*) as failures,
      count(*) != 0 as should_warn,
      count(*) != 0 as should_error
    from (
      
    
    



select ordered_qty
from ZERO_TO_ONE_CHAIN.PUBLIC_L2_STAGE.stg_sales_orders
where ordered_qty is null



      
    ) dbt_internal_test
[0m01:45:58.632065 [debug] [Thread-3 (]: Finished running node test.zero_to_one_chain.not_null_stg_inventory_material_number.96e453ef23
[0m01:45:58.632692 [debug] [Thread-7 (]: Began running node test.zero_to_one_chain.unique_stg_shipments_shipment_id.61ce1cfa9c
[0m01:45:58.633336 [debug] [Thread-9 (]: On test.zero_to_one_chain.not_null_stg_shipments_shipment_id.13d2043380: /* {"app": "dbt", "dbt_version": "1.9.4", "profile_name": "zero_to_one_chain", "target_name": "dev", "node_id": "test.zero_to_one_chain.not_null_stg_shipments_shipment_id.13d2043380"} */
select
      count(*) as failures,
      count(*) != 0 as should_warn,
      count(*) != 0 as should_error
    from (
      
    
    



select shipment_id
from ZERO_TO_ONE_CHAIN.PUBLIC_L2_STAGE.stg_shipments
where shipment_id is null



      
    ) dbt_internal_test
[0m01:45:58.634137 [debug] [Thread-8 (]: Re-using an available connection from the pool (formerly test.zero_to_one_chain.not_null_fact_purchase_orders_po_number.7571b8f5cc, now test.zero_to_one_chain.unique_dim_supplier_supplier_id.f38497a628)
[0m01:45:58.634694 [debug] [Thread-2 (]: Opening a new connection, currently in state init
[0m01:45:58.635513 [info ] [Thread-7 (]: 22 of 22 START test unique_stg_shipments_shipment_id ........................... [RUN]
[0m01:45:58.636187 [debug] [Thread-9 (]: Opening a new connection, currently in state init
[0m01:45:58.636733 [debug] [Thread-8 (]: Began compiling node test.zero_to_one_chain.unique_dim_supplier_supplier_id.f38497a628
[0m01:45:58.637447 [debug] [Thread-7 (]: Re-using an available connection from the pool (formerly test.zero_to_one_chain.not_null_stg_purchase_orders_ordered_qty.cbabec5c40, now test.zero_to_one_chain.unique_stg_shipments_shipment_id.61ce1cfa9c)
[0m01:45:58.646879 [debug] [Thread-8 (]: Writing injected SQL for node "test.zero_to_one_chain.unique_dim_supplier_supplier_id.f38497a628"
[0m01:45:58.647497 [debug] [Thread-7 (]: Began compiling node test.zero_to_one_chain.unique_stg_shipments_shipment_id.61ce1cfa9c
[0m01:45:58.653481 [debug] [Thread-8 (]: Began executing node test.zero_to_one_chain.unique_dim_supplier_supplier_id.f38497a628
[0m01:45:58.652958 [debug] [Thread-7 (]: Writing injected SQL for node "test.zero_to_one_chain.unique_stg_shipments_shipment_id.61ce1cfa9c"
[0m01:45:58.657132 [debug] [Thread-8 (]: Writing runtime sql for node "test.zero_to_one_chain.unique_dim_supplier_supplier_id.f38497a628"
[0m01:45:58.658024 [debug] [Thread-7 (]: Began executing node test.zero_to_one_chain.unique_stg_shipments_shipment_id.61ce1cfa9c
[0m01:45:58.661827 [debug] [Thread-7 (]: Writing runtime sql for node "test.zero_to_one_chain.unique_stg_shipments_shipment_id.61ce1cfa9c"
[0m01:45:58.662870 [debug] [Thread-8 (]: Using snowflake connection "test.zero_to_one_chain.unique_dim_supplier_supplier_id.f38497a628"
[0m01:45:58.663553 [debug] [Thread-8 (]: On test.zero_to_one_chain.unique_dim_supplier_supplier_id.f38497a628: /* {"app": "dbt", "dbt_version": "1.9.4", "profile_name": "zero_to_one_chain", "target_name": "dev", "node_id": "test.zero_to_one_chain.unique_dim_supplier_supplier_id.f38497a628"} */
select
      count(*) as failures,
      count(*) != 0 as should_warn,
      count(*) != 0 as should_error
    from (
      
    
    

select
    supplier_id as unique_field,
    count(*) as n_records

from ZERO_TO_ONE_CHAIN.PUBLIC_L5_CORE.dim_supplier
where supplier_id is not null
group by supplier_id
having count(*) > 1



      
    ) dbt_internal_test
[0m01:45:58.664627 [debug] [Thread-7 (]: Using snowflake connection "test.zero_to_one_chain.unique_stg_shipments_shipment_id.61ce1cfa9c"
[0m01:45:58.665142 [debug] [Thread-8 (]: Opening a new connection, currently in state init
[0m01:45:58.665703 [debug] [Thread-7 (]: On test.zero_to_one_chain.unique_stg_shipments_shipment_id.61ce1cfa9c: /* {"app": "dbt", "dbt_version": "1.9.4", "profile_name": "zero_to_one_chain", "target_name": "dev", "node_id": "test.zero_to_one_chain.unique_stg_shipments_shipment_id.61ce1cfa9c"} */
select
      count(*) as failures,
      count(*) != 0 as should_warn,
      count(*) != 0 as should_error
    from (
      
    
    

select
    shipment_id as unique_field,
    count(*) as n_records

from ZERO_TO_ONE_CHAIN.PUBLIC_L2_STAGE.stg_shipments
where shipment_id is not null
group by shipment_id
having count(*) > 1



      
    ) dbt_internal_test
[0m01:45:58.666355 [debug] [Thread-7 (]: Opening a new connection, currently in state init
[0m01:45:58.973454 [debug] [Thread-5 (]: SQL status: SUCCESS 1 in 0.456 seconds
[0m01:45:58.975840 [info ] [Thread-5 (]: 17 of 22 PASS not_null_stg_sales_orders_customer_id ............................ [[32mPASS[0m in 0.48s]
[0m01:45:58.976578 [debug] [Thread-5 (]: Finished running node test.zero_to_one_chain.not_null_stg_sales_orders_customer_id.29e63e9d51
[0m01:45:58.980564 [debug] [Thread-6 (]: SQL status: SUCCESS 1 in 0.450 seconds
[0m01:45:58.982596 [info ] [Thread-6 (]: 18 of 22 PASS not_null_stg_sales_orders_order_number ........................... [[32mPASS[0m in 0.47s]
[0m01:45:58.983312 [debug] [Thread-6 (]: Finished running node test.zero_to_one_chain.not_null_stg_sales_orders_order_number.1ba1c4bbd7
[0m01:45:59.030122 [debug] [Thread-8 (]: SQL status: SUCCESS 1 in 0.365 seconds
[0m01:45:59.032441 [info ] [Thread-8 (]: 21 of 22 PASS unique_dim_supplier_supplier_id .................................. [[32mPASS[0m in 0.40s]
[0m01:45:59.033197 [debug] [Thread-8 (]: Finished running node test.zero_to_one_chain.unique_dim_supplier_supplier_id.f38497a628
[0m01:45:59.049772 [debug] [Thread-2 (]: SQL status: SUCCESS 1 in 0.415 seconds
[0m01:45:59.052085 [info ] [Thread-2 (]: 19 of 22 PASS not_null_stg_sales_orders_ordered_qty ............................ [[32mPASS[0m in 0.48s]
[0m01:45:59.052811 [debug] [Thread-2 (]: Finished running node test.zero_to_one_chain.not_null_stg_sales_orders_ordered_qty.b61e702a52
[0m01:45:59.080736 [debug] [Thread-9 (]: SQL status: SUCCESS 1 in 0.444 seconds
[0m01:45:59.081525 [debug] [Thread-7 (]: SQL status: SUCCESS 1 in 0.415 seconds
[0m01:45:59.083871 [info ] [Thread-9 (]: 20 of 22 PASS not_null_stg_shipments_shipment_id ............................... [[32mPASS[0m in 0.51s]
[0m01:45:59.086026 [info ] [Thread-7 (]: 22 of 22 PASS unique_stg_shipments_shipment_id ................................. [[32mPASS[0m in 0.45s]
[0m01:45:59.086799 [debug] [Thread-9 (]: Finished running node test.zero_to_one_chain.not_null_stg_shipments_shipment_id.13d2043380
[0m01:45:59.087469 [debug] [Thread-7 (]: Finished running node test.zero_to_one_chain.unique_stg_shipments_shipment_id.61ce1cfa9c
[0m01:45:59.092251 [debug] [Dummy-1   ]: Connection 'master' was properly closed.
[0m01:45:59.093046 [debug] [Dummy-1   ]: Connection 'test.zero_to_one_chain.not_null_stg_inventory_material_number.96e453ef23' was properly closed.
[0m01:45:59.093952 [debug] [Dummy-1   ]: Connection 'test.zero_to_one_chain.not_null_stg_sales_orders_ordered_qty.b61e702a52' was properly closed.
[0m01:45:59.094497 [debug] [Dummy-1   ]: Connection 'test.zero_to_one_chain.not_null_stg_inventory_plant_code.2a0d383d2b' was properly closed.
[0m01:45:59.094938 [debug] [Dummy-1   ]: Connection 'test.zero_to_one_chain.not_null_stg_sales_orders_customer_id.29e63e9d51' was properly closed.
[0m01:45:59.095399 [debug] [Dummy-1   ]: Connection 'test.zero_to_one_chain.not_null_stg_sales_orders_order_number.1ba1c4bbd7' was properly closed.
[0m01:45:59.095900 [debug] [Dummy-1   ]: Connection 'test.zero_to_one_chain.unique_stg_shipments_shipment_id.61ce1cfa9c' was properly closed.
[0m01:45:59.096321 [debug] [Dummy-1   ]: Connection 'test.zero_to_one_chain.unique_dim_supplier_supplier_id.f38497a628' was properly closed.
[0m01:45:59.096715 [debug] [Dummy-1   ]: Connection 'test.zero_to_one_chain.not_null_stg_shipments_shipment_id.13d2043380' was properly closed.
[0m01:45:59.097241 [info ] [Dummy-1   ]: 
[0m01:45:59.097754 [info ] [Dummy-1   ]: Finished running 22 data tests in 0 hours 0 minutes and 2.48 seconds (2.48s).
[0m01:45:59.100908 [debug] [Dummy-1   ]: Command end result
[0m01:45:59.129397 [debug] [Dummy-1   ]: Wrote artifact WritableManifest to /tmp/dbt/target/manifest.json
[0m01:45:59.131515 [debug] [Dummy-1   ]: Wrote artifact SemanticManifest to /tmp/dbt/target/semantic_manifest.json
[0m01:45:59.139151 [debug] [Dummy-1   ]: Wrote artifact RunExecutionResult to /tmp/dbt/target/run_results.json
[0m01:45:59.139714 [info ] [Dummy-1   ]: 
[0m01:45:59.140328 [info ] [Dummy-1   ]: [33mCompleted with 1 warning:[0m
[0m01:45:59.140848 [info ] [Dummy-1   ]: 
[0m01:45:59.141511 [warn ] [Dummy-1   ]: [33mWarning in test not_null_stg_purchase_orders_supplier_id (models/staging/schema.yml)[0m
[0m01:45:59.142089 [warn ] [Dummy-1   ]: Got 150 results, configured to warn if != 0
[0m01:45:59.142525 [info ] [Dummy-1   ]: 
[0m01:45:59.143006 [info ] [Dummy-1   ]:   compiled code at target/compiled/zero_to_one_chain/models/staging/schema.yml/not_null_stg_purchase_orders_supplier_id.sql
[0m01:45:59.143489 [info ] [Dummy-1   ]: 
[0m01:45:59.144050 [info ] [Dummy-1   ]: Done. PASS=21 WARN=1 ERROR=0 SKIP=0 TOTAL=22
[0m01:45:59.145806 [debug] [Dummy-1   ]: Resource report: {"command_name": "test", "command_success": true, "command_wall_clock_time": 4.4492717, "process_in_blocks": "0", "process_kernel_time": 0.94, "process_mem_max_rss": "551596", "process_out_blocks": "0", "process_user_time": 5.4}
[0m01:45:59.146423 [debug] [Dummy-1   ]: Command `cli test` succeeded at 01:45:59.146169 after 4.45 seconds
[0m01:45:59.146943 [debug] [Dummy-1   ]: Flushing usage events


============================== 02:23:29.305343 | 8e0af314-e92f-407f-aba9-8d259062ac73 ==============================
[0m02:23:29.305343 [info ] [Dummy-1   ]: Running with dbt=1.9.4
[0m02:23:29.306190 [debug] [Dummy-1   ]: running dbt with arguments {'printer_width': '80', 'indirect_selection': 'eager', 'log_cache_events': 'False', 'write_json': 'True', 'partial_parse': 'True', 'cache_selected_only': 'False', 'profiles_dir': '/tmp/dbt_effective_profiles_9f0ppod0', 'fail_fast': 'False', 'version_check': 'True', 'log_path': '/tmp/dbt/logs', 'debug': 'False', 'warn_error': 'None', 'use_colors': 'True', 'use_experimental_parser': 'False', 'no_print': 'None', 'quiet': 'False', 'empty': 'False', 'log_format': 'default', 'introspect': 'True', 'static_parser': 'True', 'invocation_command': 'dbt ', 'target_path': 'None', 'warn_error_options': 'WarnErrorOptions(include=[], exclude=[])', 'send_anonymous_usage_stats': 'False'}
[0m02:23:29.498510 [info ] [Dummy-1   ]: State adapter: dbt-state v0.0.0 is disabled
[0m02:23:29.588217 [info ] [Dummy-1   ]: Registered adapter: snowflake=1.9.2
[0m02:23:30.162330 [debug] [Dummy-1   ]: checksum: 53ed91fada2233efb98368d1716b44ab532c83a9c293cf1890b7905d5b45fb25, vars: {}, profile: , target: dev, version: 1.9.4
[0m02:23:30.411009 [debug] [Dummy-1   ]: Partial parsing enabled: 0 files deleted, 0 files added, 1 files changed.
[0m02:23:30.412961 [debug] [Dummy-1   ]: Partial parsing: updated file: zero_to_one_chain://models/sources.yml
[0m02:23:31.347579 [warn ] [Dummy-1   ]: [[33mWARNING[0m]: Configuration paths exist in your dbt_project.yml file which do not apply to any resources.
There are 1 unused configuration paths:
- models.zero_to_one_chain.metrics
[0m02:23:31.466846 [debug] [Dummy-1   ]: Wrote artifact WritableManifest to /tmp/dbt/target/manifest.json
[0m02:23:31.469154 [debug] [Dummy-1   ]: Wrote artifact SemanticManifest to /tmp/dbt/target/semantic_manifest.json
[0m02:23:31.515851 [info ] [Dummy-1   ]: Found 7 models, 22 data tests, 11 sources, 474 macros
[0m02:23:31.519438 [info ] [Dummy-1   ]: 
[0m02:23:31.520171 [info ] [Dummy-1   ]: Concurrency: 8 threads (target='dev')
[0m02:23:31.520685 [info ] [Dummy-1   ]: 
[0m02:23:31.521477 [debug] [Dummy-1   ]: Acquiring new snowflake connection 'master'
[0m02:23:31.528293 [debug] [ThreadPool]: Acquiring new snowflake connection 'list_ZERO_TO_ONE_CHAIN'
[0m02:23:31.530249 [debug] [ThreadPool]: Acquiring new snowflake connection 'list_ZERO_TO_ONE_CHAIN'
[0m02:23:31.648826 [debug] [ThreadPool]: Using snowflake connection "list_ZERO_TO_ONE_CHAIN"
[0m02:23:31.649641 [debug] [ThreadPool]: Using snowflake connection "list_ZERO_TO_ONE_CHAIN"
[0m02:23:31.650387 [debug] [ThreadPool]: On list_ZERO_TO_ONE_CHAIN: /* {"app": "dbt", "dbt_version": "1.9.4", "profile_name": "zero_to_one_chain", "target_name": "dev", "connection_name": "list_ZERO_TO_ONE_CHAIN"} */
show terse schemas in database ZERO_TO_ONE_CHAIN
    limit 10000
[0m02:23:31.651096 [debug] [ThreadPool]: On list_ZERO_TO_ONE_CHAIN: /* {"app": "dbt", "dbt_version": "1.9.4", "profile_name": "zero_to_one_chain", "target_name": "dev", "connection_name": "list_ZERO_TO_ONE_CHAIN"} */
show terse schemas in database ZERO_TO_ONE_CHAIN
    limit 10000
[0m02:23:31.651681 [debug] [ThreadPool]: Opening a new connection, currently in state init
[0m02:23:31.652324 [debug] [ThreadPool]: Opening a new connection, currently in state init
[0m02:23:31.996423 [debug] [ThreadPool]: SQL status: SUCCESS 15 in 0.344 seconds
[0m02:23:31.997436 [debug] [ThreadPool]: SQL status: SUCCESS 15 in 0.346 seconds
[0m02:23:32.004813 [debug] [ThreadPool]: Acquiring new snowflake connection 'list_ZERO_TO_ONE_CHAIN_PUBLIC_L2_STAGE'
[0m02:23:32.006828 [debug] [ThreadPool]: Re-using an available connection from the pool (formerly list_ZERO_TO_ONE_CHAIN, now list_ZERO_TO_ONE_CHAIN_PUBLIC_L5_CORE)
[0m02:23:32.113782 [debug] [ThreadPool]: Using snowflake connection "list_ZERO_TO_ONE_CHAIN_PUBLIC_L2_STAGE"
[0m02:23:32.117607 [debug] [ThreadPool]: Using snowflake connection "list_ZERO_TO_ONE_CHAIN_PUBLIC_L5_CORE"
[0m02:23:32.118236 [debug] [ThreadPool]: On list_ZERO_TO_ONE_CHAIN_PUBLIC_L2_STAGE: /* {"app": "dbt", "dbt_version": "1.9.4", "profile_name": "zero_to_one_chain", "target_name": "dev", "connection_name": "list_ZERO_TO_ONE_CHAIN_PUBLIC_L2_STAGE"} */
alter session set quoted_identifiers_ignore_case = false;
[0m02:23:32.118802 [debug] [ThreadPool]: On list_ZERO_TO_ONE_CHAIN_PUBLIC_L5_CORE: /* {"app": "dbt", "dbt_version": "1.9.4", "profile_name": "zero_to_one_chain", "target_name": "dev", "connection_name": "list_ZERO_TO_ONE_CHAIN_PUBLIC_L5_CORE"} */
alter session set quoted_identifiers_ignore_case = false;
[0m02:23:32.119351 [debug] [ThreadPool]: Opening a new connection, currently in state init
[0m02:23:32.119857 [debug] [ThreadPool]: Opening a new connection, currently in state init
[0m02:23:32.434887 [debug] [ThreadPool]: SQL status: SUCCESS 1 in 0.315 seconds
[0m02:23:32.435804 [debug] [ThreadPool]: SQL status: SUCCESS 1 in 0.316 seconds
[0m02:23:32.441028 [debug] [ThreadPool]: Using snowflake connection "list_ZERO_TO_ONE_CHAIN_PUBLIC_L2_STAGE"
[0m02:23:32.443346 [debug] [ThreadPool]: Using snowflake connection "list_ZERO_TO_ONE_CHAIN_PUBLIC_L5_CORE"
[0m02:23:32.444168 [debug] [ThreadPool]: On list_ZERO_TO_ONE_CHAIN_PUBLIC_L2_STAGE: /* {"app": "dbt", "dbt_version": "1.9.4", "profile_name": "zero_to_one_chain", "target_name": "dev", "connection_name": "list_ZERO_TO_ONE_CHAIN_PUBLIC_L2_STAGE"} */
show objects in ZERO_TO_ONE_CHAIN.PUBLIC_L2_STAGE
    limit 10000
    
;
[0m02:23:32.444819 [debug] [ThreadPool]: On list_ZERO_TO_ONE_CHAIN_PUBLIC_L5_CORE: /* {"app": "dbt", "dbt_version": "1.9.4", "profile_name": "zero_to_one_chain", "target_name": "dev", "connection_name": "list_ZERO_TO_ONE_CHAIN_PUBLIC_L5_CORE"} */
show objects in ZERO_TO_ONE_CHAIN.PUBLIC_L5_CORE
    limit 10000
    
;
[0m02:23:32.510664 [debug] [ThreadPool]: SQL status: SUCCESS 3 in 0.065 seconds
[0m02:23:32.511650 [debug] [ThreadPool]: SQL status: SUCCESS 4 in 0.066 seconds
[0m02:23:32.513926 [debug] [ThreadPool]: Using snowflake connection "list_ZERO_TO_ONE_CHAIN_PUBLIC_L5_CORE"
[0m02:23:32.515990 [debug] [ThreadPool]: Using snowflake connection "list_ZERO_TO_ONE_CHAIN_PUBLIC_L2_STAGE"
[0m02:23:32.516726 [debug] [ThreadPool]: On list_ZERO_TO_ONE_CHAIN_PUBLIC_L5_CORE: /* {"app": "dbt", "dbt_version": "1.9.4", "profile_name": "zero_to_one_chain", "target_name": "dev", "connection_name": "list_ZERO_TO_ONE_CHAIN_PUBLIC_L5_CORE"} */
alter session unset quoted_identifiers_ignore_case;
[0m02:23:32.517224 [debug] [ThreadPool]: On list_ZERO_TO_ONE_CHAIN_PUBLIC_L2_STAGE: /* {"app": "dbt", "dbt_version": "1.9.4", "profile_name": "zero_to_one_chain", "target_name": "dev", "connection_name": "list_ZERO_TO_ONE_CHAIN_PUBLIC_L2_STAGE"} */
alter session unset quoted_identifiers_ignore_case;
[0m02:23:32.569882 [debug] [ThreadPool]: SQL status: SUCCESS 1 in 0.052 seconds
[0m02:23:32.574037 [debug] [ThreadPool]: SQL status: SUCCESS 1 in 0.056 seconds
[0m02:23:32.592806 [debug] [Thread-2 (]: Began running node model.zero_to_one_chain.dim_supplier
[0m02:23:32.593511 [debug] [Thread-3 (]: Began running node model.zero_to_one_chain.stg_inventory
[0m02:23:32.594167 [debug] [Thread-4 (]: Began running node model.zero_to_one_chain.stg_purchase_orders
[0m02:23:32.594815 [debug] [Thread-5 (]: Began running node model.zero_to_one_chain.stg_sales_orders
[0m02:23:32.595490 [debug] [Thread-6 (]: Began running node model.zero_to_one_chain.stg_shipments
[0m02:23:32.596349 [info ] [Thread-2 (]: 1 of 7 START sql table model PUBLIC_L5_CORE.dim_supplier ....................... [RUN]
[0m02:23:32.597152 [info ] [Thread-3 (]: 2 of 7 START sql view model PUBLIC_L2_STAGE.stg_inventory ...................... [RUN]
[0m02:23:32.597879 [info ] [Thread-4 (]: 3 of 7 START sql view model PUBLIC_L2_STAGE.stg_purchase_orders ................ [RUN]
[0m02:23:32.598544 [info ] [Thread-5 (]: 4 of 7 START sql view model PUBLIC_L2_STAGE.stg_sales_orders ................... [RUN]
[0m02:23:32.599265 [info ] [Thread-6 (]: 5 of 7 START sql view model PUBLIC_L2_STAGE.stg_shipments ...................... [RUN]
[0m02:23:32.600104 [debug] [Thread-2 (]: Re-using an available connection from the pool (formerly list_ZERO_TO_ONE_CHAIN_PUBLIC_L2_STAGE, now model.zero_to_one_chain.dim_supplier)
[0m02:23:32.600752 [debug] [Thread-3 (]: Re-using an available connection from the pool (formerly list_ZERO_TO_ONE_CHAIN_PUBLIC_L5_CORE, now model.zero_to_one_chain.stg_inventory)
[0m02:23:32.601668 [debug] [Thread-4 (]: Re-using an available connection from the pool (formerly list_ZERO_TO_ONE_CHAIN, now model.zero_to_one_chain.stg_purchase_orders)
[0m02:23:32.602415 [debug] [Thread-5 (]: Acquiring new snowflake connection 'model.zero_to_one_chain.stg_sales_orders'
[0m02:23:32.603125 [debug] [Thread-6 (]: Acquiring new snowflake connection 'model.zero_to_one_chain.stg_shipments'
[0m02:23:32.603694 [debug] [Thread-2 (]: Began compiling node model.zero_to_one_chain.dim_supplier
[0m02:23:32.604302 [debug] [Thread-3 (]: Began compiling node model.zero_to_one_chain.stg_inventory
[0m02:23:32.604810 [debug] [Thread-4 (]: Began compiling node model.zero_to_one_chain.stg_purchase_orders
[0m02:23:32.605286 [debug] [Thread-5 (]: Began compiling node model.zero_to_one_chain.stg_sales_orders
[0m02:23:32.605897 [debug] [Thread-6 (]: Began compiling node model.zero_to_one_chain.stg_shipments
[0m02:23:32.615490 [debug] [Thread-2 (]: Writing injected SQL for node "model.zero_to_one_chain.dim_supplier"
[0m02:23:32.620589 [debug] [Thread-3 (]: Writing injected SQL for node "model.zero_to_one_chain.stg_inventory"
[0m02:23:32.627589 [debug] [Thread-4 (]: Writing injected SQL for node "model.zero_to_one_chain.stg_purchase_orders"
[0m02:23:32.632847 [debug] [Thread-5 (]: Writing injected SQL for node "model.zero_to_one_chain.stg_sales_orders"
[0m02:23:32.637983 [debug] [Thread-6 (]: Writing injected SQL for node "model.zero_to_one_chain.stg_shipments"
[0m02:23:32.639039 [debug] [Thread-2 (]: Began executing node model.zero_to_one_chain.dim_supplier
[0m02:23:32.639927 [debug] [Thread-3 (]: Began executing node model.zero_to_one_chain.stg_inventory
[0m02:23:32.640881 [debug] [Thread-4 (]: Began executing node model.zero_to_one_chain.stg_purchase_orders
[0m02:23:32.641759 [debug] [Thread-5 (]: Began executing node model.zero_to_one_chain.stg_sales_orders
[0m02:23:32.647810 [debug] [Thread-6 (]: Began executing node model.zero_to_one_chain.stg_shipments
[0m02:23:32.677875 [debug] [Thread-2 (]: Writing runtime sql for node "model.zero_to_one_chain.dim_supplier"
[0m02:23:32.720974 [debug] [Thread-3 (]: Writing runtime sql for node "model.zero_to_one_chain.stg_inventory"
[0m02:23:32.737317 [debug] [Thread-4 (]: Writing runtime sql for node "model.zero_to_one_chain.stg_purchase_orders"
[0m02:23:32.742018 [debug] [Thread-5 (]: Writing runtime sql for node "model.zero_to_one_chain.stg_sales_orders"
[0m02:23:32.746821 [debug] [Thread-6 (]: Writing runtime sql for node "model.zero_to_one_chain.stg_shipments"
[0m02:23:32.750290 [debug] [Thread-2 (]: Using snowflake connection "model.zero_to_one_chain.dim_supplier"
[0m02:23:32.752756 [debug] [Thread-3 (]: Using snowflake connection "model.zero_to_one_chain.stg_inventory"
[0m02:23:32.755940 [debug] [Thread-4 (]: Using snowflake connection "model.zero_to_one_chain.stg_purchase_orders"
[0m02:23:32.759215 [debug] [Thread-5 (]: Using snowflake connection "model.zero_to_one_chain.stg_sales_orders"
[0m02:23:32.760005 [debug] [Thread-2 (]: On model.zero_to_one_chain.dim_supplier: /* {"app": "dbt", "dbt_version": "1.9.4", "profile_name": "zero_to_one_chain", "target_name": "dev", "node_id": "model.zero_to_one_chain.dim_supplier"} */
create or replace transient table ZERO_TO_ONE_CHAIN.PUBLIC_L5_CORE.dim_supplier
         as
        (-- Conformed supplier dimension: golden record from ERP + SRM entity resolution


WITH erp AS (
    SELECT * FROM ZERO_TO_ONE_CHAIN.L1_INGESTION.RAW_ERP_VENDORS
),
srm AS (
    SELECT * FROM ZERO_TO_ONE_CHAIN.L1_INGESTION.RAW_SRM_SUPPLIERS
),
crosswalk AS (
    SELECT
        e.vendor_code AS supplier_id,
        e.vendor_name AS supplier_name,
        e.vendor_region AS region,
        e.country_code AS country,
        e.vendor_tier AS tier,
        e.vendor_status AS erp_status,
        e.primary_category,
        e.certifications,
        e.onboarding_date,
        e.annual_spend_usd_mm,
        e.avg_lead_time_days AS lead_time_days,
        e.historical_otd_pct AS otd_pct,
        e.defect_rate_ppm AS defect_ppm,
        e.financial_risk_score,
        e.geopolitical_risk_score,
        e.payment_terms,
        e.company_size,
        e.employee_count,
        e.dual_source_available,
        e.last_audit_date,
        e.last_audit_result,
        s.quality_score,
        s.delivery_reliability_pct,
        s.responsiveness_score,
        s.innovation_score,
        s.sustainability_score,
        s.cost_competitiveness_idx,
        s.esg_compliance_status,
        s.carbon_intensity_score,
        s.concentration_risk,
        ROUND(
            COALESCE(e.financial_risk_score, 3) * 0.3 +
            COALESCE(e.geopolitical_risk_score, 3) * 0.2 +
            (10 - COALESCE(s.quality_score, 70) / 10) * 0.25 +
            (10 - COALESCE(s.delivery_reliability_pct, 70) / 10) * 0.25
        , 2) AS blended_risk_score,
        CASE
            WHEN e.vendor_code = s.erp_vendor_ref THEN 'EXACT_KEY'
            ELSE 'FUZZY'
        END AS match_method
    FROM erp e
    LEFT JOIN srm s ON e.vendor_code = s.erp_vendor_ref
)
SELECT * FROM crosswalk
        );
[0m02:23:32.762412 [debug] [Thread-6 (]: Using snowflake connection "model.zero_to_one_chain.stg_shipments"
[0m02:23:32.763141 [debug] [Thread-3 (]: On model.zero_to_one_chain.stg_inventory: /* {"app": "dbt", "dbt_version": "1.9.4", "profile_name": "zero_to_one_chain", "target_name": "dev", "node_id": "model.zero_to_one_chain.stg_inventory"} */
create or replace   view ZERO_TO_ONE_CHAIN.PUBLIC_L2_STAGE.stg_inventory
  
   as (
    -- Staged inventory snapshots


SELECT
    snapshot_date::DATE AS snapshot_date,
    UPPER(TRIM(plant_code)) AS plant_code,
    UPPER(TRIM(material_number)) AS material_number,
    UPPER(TRIM(storage_location)) AS storage_location,
    GREATEST(on_hand_qty, 0) AS on_hand_qty,
    GREATEST(allocated_qty, 0) AS allocated_qty,
    GREATEST(on_hand_qty - allocated_qty, 0) AS available_qty,
    GREATEST(in_transit_qty, 0) AS in_transit_qty,
    GREATEST(on_order_qty, 0) AS on_order_qty,
    GREATEST(quarantine_qty, 0) AS quarantine_qty,
    unit_cost_usd,
    ROUND(GREATEST(on_hand_qty, 0) * unit_cost_usd, 2) AS inventory_value_usd,
    reorder_point,
    safety_stock_qty,
    CASE
        WHEN on_hand_qty <= 0 THEN 'STOCKOUT'
        WHEN on_hand_qty <= reorder_point THEN 'BELOW_ROP'
        WHEN on_hand_qty <= safety_stock_qty THEN 'BELOW_SAFETY'
        ELSE 'ADEQUATE'
    END AS stock_status,
    days_on_hand,
    UPPER(TRIM(abc_classification)) AS abc_class,
    turnover_ratio,
    obsolescence_risk_pct,
    carrying_cost_usd_daily,
    _loaded_at,
    _source_system
FROM ZERO_TO_ONE_CHAIN.L1_INGESTION.RAW_ERP_INVENTORY_SNAPSHOTS
  );
[0m02:23:32.763918 [debug] [Thread-4 (]: On model.zero_to_one_chain.stg_purchase_orders: /* {"app": "dbt", "dbt_version": "1.9.4", "profile_name": "zero_to_one_chain", "target_name": "dev", "node_id": "model.zero_to_one_chain.stg_purchase_orders"} */
create or replace   view ZERO_TO_ONE_CHAIN.PUBLIC_L2_STAGE.stg_purchase_orders
  
   as (
    -- Staged purchase orders: typed, normalized, standardized OTD logic


SELECT
    po_number,
    po_header_id,
    line_number,
    po_date::DATE AS po_date,
    UPPER(TRIM(po_type)) AS po_type,
    UPPER(TRIM(po_status)) AS po_status,
    UPPER(TRIM(vendor_code)) AS supplier_id,
    UPPER(TRIM(receiving_plant)) AS plant_code,
    UPPER(TRIM(material_number)) AS material_number,
    UPPER(TRIM(material_group)) AS material_group,
    GREATEST(ordered_qty, 0) AS ordered_qty,
    GREATEST(received_qty, 0) AS received_qty,
    GREATEST(rejected_qty, 0) AS rejected_qty,
    UPPER(TRIM(uom)) AS uom,
    unit_price AS unit_price_local,
    UPPER(TRIM(price_currency)) AS price_currency,
    fx_rate_to_usd,
    ROUND(unit_price / NULLIF(fx_rate_to_usd, 0), 4) AS unit_price_usd,
    ROUND(ordered_qty * unit_price / NULLIF(fx_rate_to_usd, 0), 2) AS extended_price_usd,
    discount_pct,
    freight_cost_usd,
    duty_cost_usd,
    handling_cost_usd,
    ROUND(
        ordered_qty * unit_price / NULLIF(fx_rate_to_usd, 0)
        + COALESCE(freight_cost_usd, 0)
        + COALESCE(duty_cost_usd, 0)
        + COALESCE(handling_cost_usd, 0), 2
    ) AS landed_cost_usd,
    requested_delivery_date::DATE AS requested_delivery_date,
    confirmed_delivery_date::DATE AS confirmed_delivery_date,
    actual_delivery_date::DATE AS actual_delivery_date,
    DATEDIFF(DAY, confirmed_delivery_date, actual_delivery_date) AS delivery_variance_days,
    CASE WHEN actual_delivery_date IS NOT NULL AND actual_delivery_date <= confirmed_delivery_date THEN TRUE ELSE FALSE END AS is_on_time,
    CASE WHEN actual_delivery_date IS NOT NULL AND received_qty >= ordered_qty THEN TRUE ELSE FALSE END AS is_in_full,
    CASE WHEN actual_delivery_date IS NOT NULL AND actual_delivery_date <= confirmed_delivery_date AND received_qty >= ordered_qty THEN TRUE ELSE FALSE END AS is_otif,
    UPPER(TRIM(priority)) AS priority,
    UPPER(TRIM(order_source)) AS order_source,
    cost_center,
    project_code,
    _loaded_at,
    _source_system
FROM ZERO_TO_ONE_CHAIN.L1_INGESTION.RAW_ERP_PURCHASE_ORDERS
  );
[0m02:23:32.764825 [debug] [Thread-5 (]: On model.zero_to_one_chain.stg_sales_orders: /* {"app": "dbt", "dbt_version": "1.9.4", "profile_name": "zero_to_one_chain", "target_name": "dev", "node_id": "model.zero_to_one_chain.stg_sales_orders"} */
create or replace   view ZERO_TO_ONE_CHAIN.PUBLIC_L2_STAGE.stg_sales_orders
  
   as (
    -- Staged sales orders: standardized OTD/OTIF/fill rate definitions


SELECT
    order_number,
    order_header_id,
    line_item,
    order_date::DATE AS order_date,
    UPPER(TRIM(order_type)) AS order_type,
    UPPER(TRIM(order_status)) AS order_status,
    UPPER(TRIM(customer_id)) AS customer_id,
    UPPER(TRIM(shipping_plant)) AS plant_code,
    UPPER(TRIM(material_number)) AS material_number,
    GREATEST(ordered_qty, 0) AS ordered_qty,
    GREATEST(shipped_qty, 0) AS shipped_qty,
    GREATEST(delivered_qty, 0) AS delivered_qty,
    UPPER(TRIM(uom)) AS uom,
    unit_price_usd,
    ROUND(ordered_qty * unit_price_usd, 2) AS line_value_usd,
    discount_pct,
    ROUND(ordered_qty * unit_price_usd * (1 - COALESCE(discount_pct, 0) / 100), 2) AS net_value_usd,
    requested_delivery_date::DATE AS requested_delivery_date,
    committed_delivery_date::DATE AS committed_delivery_date,
    actual_delivery_date::DATE AS actual_delivery_date,
    DATEDIFF(DAY, committed_delivery_date, actual_delivery_date) AS delivery_variance_days,
    CASE WHEN actual_delivery_date IS NOT NULL AND actual_delivery_date <= committed_delivery_date THEN TRUE ELSE FALSE END AS is_on_time,
    CASE WHEN delivered_qty >= ordered_qty THEN TRUE ELSE FALSE END AS is_in_full,
    CASE WHEN actual_delivery_date IS NOT NULL AND actual_delivery_date <= committed_delivery_date AND delivered_qty >= ordered_qty THEN TRUE ELSE FALSE END AS is_otif,
    DIV0(delivered_qty, ordered_qty) * 100 AS fill_rate_pct,
    UPPER(TRIM(ship_to_region)) AS ship_to_region,
    UPPER(TRIM(ship_to_country)) AS ship_to_country,
    UPPER(TRIM(shipping_method)) AS shipping_method,
    shipment_ref,
    freight_charge_usd,
    UPPER(TRIM(service_level)) AS service_level,
    UPPER(TRIM(priority)) AS priority,
    UPPER(TRIM(channel)) AS channel,
    _loaded_at,
    _source_system
FROM ZERO_TO_ONE_CHAIN.L1_INGESTION.RAW_ERP_SALES_ORDERS
  );
[0m02:23:32.765430 [debug] [Thread-2 (]: Opening a new connection, currently in state init
[0m02:23:32.766079 [debug] [Thread-6 (]: On model.zero_to_one_chain.stg_shipments: /* {"app": "dbt", "dbt_version": "1.9.4", "profile_name": "zero_to_one_chain", "target_name": "dev", "node_id": "model.zero_to_one_chain.stg_shipments"} */
create or replace   view ZERO_TO_ONE_CHAIN.PUBLIC_L2_STAGE.stg_shipments
  
   as (
    -- Staged shipments from TMS


SELECT
    shipment_id,
    bill_of_lading,
    ship_date::DATE AS ship_date,
    estimated_arrival::DATE AS estimated_arrival,
    actual_arrival::DATE AS actual_arrival,
    UPPER(TRIM(shipment_status)) AS shipment_status,
    UPPER(TRIM(transport_mode)) AS transport_mode,
    UPPER(TRIM(carrier_name)) AS carrier_name,
    UPPER(TRIM(carrier_code)) AS carrier_code,
    UPPER(TRIM(origin_plant)) AS origin_plant,
    UPPER(TRIM(destination_plant)) AS destination_plant,
    UPPER(TRIM(origin_region)) AS origin_region,
    UPPER(TRIM(destination_region)) AS destination_region,
    GREATEST(gross_weight_kg, 0) AS gross_weight_kg,
    GREATEST(volume_cbm, 0) AS volume_cbm,
    GREATEST(package_count, 0) AS package_count,
    freight_cost_usd,
    insurance_cost_usd,
    customs_duty_usd,
    handling_charges_usd,
    ROUND(COALESCE(freight_cost_usd,0) + COALESCE(insurance_cost_usd,0) + COALESCE(customs_duty_usd,0) + COALESCE(handling_charges_usd,0), 2) AS total_logistics_cost_usd,
    UPPER(TRIM(incoterm)) AS incoterm,
    transit_exceptions_count,
    co2_emissions_kg,
    CASE WHEN actual_arrival IS NOT NULL AND actual_arrival <= estimated_arrival THEN TRUE ELSE FALSE END AS is_on_time,
    CASE WHEN actual_arrival IS NOT NULL THEN DATEDIFF(DAY, estimated_arrival, actual_arrival) ELSE NULL END AS delay_days,
    reference_po,
    _loaded_at,
    _source_system
FROM ZERO_TO_ONE_CHAIN.L1_INGESTION.RAW_TMS_SHIPMENTS
  );
[0m02:23:32.766693 [debug] [Thread-3 (]: Opening a new connection, currently in state init
[0m02:23:32.767256 [debug] [Thread-4 (]: Opening a new connection, currently in state init
[0m02:23:32.767804 [debug] [Thread-5 (]: Opening a new connection, currently in state init
[0m02:23:32.768607 [debug] [Thread-6 (]: Opening a new connection, currently in state init
[0m02:23:33.300139 [debug] [Thread-6 (]: SQL status: SUCCESS 1 in 0.531 seconds
[0m02:23:33.310341 [debug] [Thread-3 (]: SQL status: SUCCESS 1 in 0.544 seconds
[0m02:23:33.322420 [debug] [Thread-5 (]: SQL status: SUCCESS 1 in 0.554 seconds
[0m02:23:33.334987 [info ] [Thread-6 (]: 5 of 7 OK created sql view model PUBLIC_L2_STAGE.stg_shipments ................. [[32mSUCCESS 1[0m in 0.73s]
[0m02:23:33.335822 [info ] [Thread-3 (]: 2 of 7 OK created sql view model PUBLIC_L2_STAGE.stg_inventory ................. [[32mSUCCESS 1[0m in 0.73s]
[0m02:23:33.336686 [info ] [Thread-5 (]: 4 of 7 OK created sql view model PUBLIC_L2_STAGE.stg_sales_orders .............. [[32mSUCCESS 1[0m in 0.73s]
[0m02:23:33.337480 [debug] [Thread-6 (]: Finished running node model.zero_to_one_chain.stg_shipments
[0m02:23:33.338320 [debug] [Thread-3 (]: Finished running node model.zero_to_one_chain.stg_inventory
[0m02:23:33.339168 [debug] [Thread-4 (]: SQL status: SUCCESS 1 in 0.572 seconds
[0m02:23:33.339896 [debug] [Thread-5 (]: Finished running node model.zero_to_one_chain.stg_sales_orders
[0m02:23:33.343457 [info ] [Thread-4 (]: 3 of 7 OK created sql view model PUBLIC_L2_STAGE.stg_purchase_orders ........... [[32mSUCCESS 1[0m in 0.74s]
[0m02:23:33.344699 [debug] [Thread-8 (]: Began running node model.zero_to_one_chain.fact_orders
[0m02:23:33.345433 [debug] [Thread-4 (]: Finished running node model.zero_to_one_chain.stg_purchase_orders
[0m02:23:33.346157 [info ] [Thread-8 (]: 6 of 7 START sql table model PUBLIC_L5_CORE.fact_orders ........................ [RUN]
[0m02:23:33.347220 [debug] [Thread-7 (]: Began running node model.zero_to_one_chain.fact_purchase_orders
[0m02:23:33.347951 [debug] [Thread-8 (]: Acquiring new snowflake connection 'model.zero_to_one_chain.fact_orders'
[0m02:23:33.348675 [info ] [Thread-7 (]: 7 of 7 START sql table model PUBLIC_L5_CORE.fact_purchase_orders ............... [RUN]
[0m02:23:33.349232 [debug] [Thread-8 (]: Began compiling node model.zero_to_one_chain.fact_orders
[0m02:23:33.349885 [debug] [Thread-7 (]: Acquiring new snowflake connection 'model.zero_to_one_chain.fact_purchase_orders'
[0m02:23:33.355079 [debug] [Thread-8 (]: Writing injected SQL for node "model.zero_to_one_chain.fact_orders"
[0m02:23:33.355738 [debug] [Thread-7 (]: Began compiling node model.zero_to_one_chain.fact_purchase_orders
[0m02:23:33.360987 [debug] [Thread-7 (]: Writing injected SQL for node "model.zero_to_one_chain.fact_purchase_orders"
[0m02:23:33.361591 [debug] [Thread-8 (]: Began executing node model.zero_to_one_chain.fact_orders
[0m02:23:33.366096 [debug] [Thread-8 (]: Writing runtime sql for node "model.zero_to_one_chain.fact_orders"
[0m02:23:33.366679 [debug] [Thread-7 (]: Began executing node model.zero_to_one_chain.fact_purchase_orders
[0m02:23:33.371381 [debug] [Thread-7 (]: Writing runtime sql for node "model.zero_to_one_chain.fact_purchase_orders"
[0m02:23:33.373015 [debug] [Thread-8 (]: Using snowflake connection "model.zero_to_one_chain.fact_orders"
[0m02:23:33.373922 [debug] [Thread-8 (]: On model.zero_to_one_chain.fact_orders: /* {"app": "dbt", "dbt_version": "1.9.4", "profile_name": "zero_to_one_chain", "target_name": "dev", "node_id": "model.zero_to_one_chain.fact_orders"} */
create or replace transient table ZERO_TO_ONE_CHAIN.PUBLIC_L5_CORE.fact_orders
         as
        (-- Conformed fact: sales orders with standardized OTD/OTIF


SELECT
    order_number,
    order_header_id,
    line_item,
    order_date,
    order_type,
    order_status,
    customer_id,
    plant_code,
    material_number,
    ordered_qty,
    shipped_qty,
    delivered_qty,
    uom,
    unit_price_usd,
    line_value_usd,
    discount_pct,
    net_value_usd,
    requested_delivery_date,
    committed_delivery_date,
    actual_delivery_date,
    delivery_variance_days,
    is_on_time,
    is_in_full,
    is_otif,
    fill_rate_pct,
    ship_to_region,
    ship_to_country,
    shipping_method,
    shipment_ref,
    freight_charge_usd,
    service_level,
    priority,
    channel
FROM ZERO_TO_ONE_CHAIN.PUBLIC_L2_STAGE.stg_sales_orders
        );
[0m02:23:33.375453 [debug] [Thread-7 (]: Using snowflake connection "model.zero_to_one_chain.fact_purchase_orders"
[0m02:23:33.376079 [debug] [Thread-8 (]: Opening a new connection, currently in state init
[0m02:23:33.376691 [debug] [Thread-7 (]: On model.zero_to_one_chain.fact_purchase_orders: /* {"app": "dbt", "dbt_version": "1.9.4", "profile_name": "zero_to_one_chain", "target_name": "dev", "node_id": "model.zero_to_one_chain.fact_purchase_orders"} */
create or replace transient table ZERO_TO_ONE_CHAIN.PUBLIC_L5_CORE.fact_purchase_orders
         as
        (-- Conformed fact: purchase orders with landed cost


SELECT
    po_number,
    po_header_id,
    line_number,
    po_date,
    po_type,
    po_status,
    supplier_id,
    plant_code,
    material_number,
    material_group,
    ordered_qty,
    received_qty,
    rejected_qty,
    uom,
    unit_price_usd,
    extended_price_usd,
    discount_pct,
    freight_cost_usd,
    duty_cost_usd,
    handling_cost_usd,
    landed_cost_usd,
    requested_delivery_date,
    confirmed_delivery_date,
    actual_delivery_date,
    delivery_variance_days,
    is_on_time,
    is_in_full,
    is_otif,
    priority,
    order_source,
    cost_center,
    project_code
FROM ZERO_TO_ONE_CHAIN.PUBLIC_L2_STAGE.stg_purchase_orders
        );
[0m02:23:33.377394 [debug] [Thread-7 (]: Opening a new connection, currently in state init
[0m02:23:34.395138 [debug] [Thread-2 (]: SQL status: SUCCESS 1 in 1.630 seconds
[0m02:23:34.398253 [info ] [Thread-2 (]: 1 of 7 OK created sql table model PUBLIC_L5_CORE.dim_supplier .................. [[32mSUCCESS 1[0m in 1.80s]
[0m02:23:34.399053 [debug] [Thread-2 (]: Finished running node model.zero_to_one_chain.dim_supplier
[0m02:23:34.735472 [debug] [Thread-7 (]: SQL status: SUCCESS 1 in 1.358 seconds
[0m02:23:34.738448 [info ] [Thread-7 (]: 7 of 7 OK created sql table model PUBLIC_L5_CORE.fact_purchase_orders .......... [[32mSUCCESS 1[0m in 1.39s]
[0m02:23:34.739217 [debug] [Thread-7 (]: Finished running node model.zero_to_one_chain.fact_purchase_orders
[0m02:23:35.232874 [debug] [Thread-8 (]: SQL status: SUCCESS 1 in 1.857 seconds
[0m02:23:35.235761 [info ] [Thread-8 (]: 6 of 7 OK created sql table model PUBLIC_L5_CORE.fact_orders ................... [[32mSUCCESS 1[0m in 1.89s]
[0m02:23:35.236558 [debug] [Thread-8 (]: Finished running node model.zero_to_one_chain.fact_orders
[0m02:23:35.241207 [debug] [Dummy-1   ]: Connection 'master' was properly closed.
[0m02:23:35.241963 [debug] [Dummy-1   ]: Connection 'model.zero_to_one_chain.stg_purchase_orders' was properly closed.
[0m02:23:35.242448 [debug] [Dummy-1   ]: Connection 'model.zero_to_one_chain.stg_inventory' was properly closed.
[0m02:23:35.242886 [debug] [Dummy-1   ]: Connection 'model.zero_to_one_chain.dim_supplier' was properly closed.
[0m02:23:35.243309 [debug] [Dummy-1   ]: Connection 'model.zero_to_one_chain.stg_sales_orders' was properly closed.
[0m02:23:35.243759 [debug] [Dummy-1   ]: Connection 'model.zero_to_one_chain.stg_shipments' was properly closed.
[0m02:23:35.244235 [debug] [Dummy-1   ]: Connection 'model.zero_to_one_chain.fact_orders' was properly closed.
[0m02:23:35.244665 [debug] [Dummy-1   ]: Connection 'model.zero_to_one_chain.fact_purchase_orders' was properly closed.
[0m02:23:35.245194 [info ] [Dummy-1   ]: 
[0m02:23:35.245654 [info ] [Dummy-1   ]: Finished running 3 table models, 4 view models in 0 hours 0 minutes and 3.72 seconds (3.72s).
[0m02:23:35.247044 [debug] [Dummy-1   ]: Command end result
[0m02:23:35.273390 [debug] [Dummy-1   ]: Wrote artifact WritableManifest to /tmp/dbt/target/manifest.json
[0m02:23:35.275270 [debug] [Dummy-1   ]: Wrote artifact SemanticManifest to /tmp/dbt/target/semantic_manifest.json
[0m02:23:35.281393 [debug] [Dummy-1   ]: Wrote artifact RunExecutionResult to /tmp/dbt/target/run_results.json
[0m02:23:35.281879 [info ] [Dummy-1   ]: 
[0m02:23:35.282480 [info ] [Dummy-1   ]: [32mCompleted successfully[0m
[0m02:23:35.282956 [info ] [Dummy-1   ]: 
[0m02:23:35.283434 [info ] [Dummy-1   ]: Done. PASS=7 WARN=0 ERROR=0 SKIP=0 TOTAL=7
[0m02:23:35.285216 [debug] [Dummy-1   ]: Resource report: {"command_name": "run", "command_success": true, "command_wall_clock_time": 6.0532675, "process_in_blocks": "0", "process_kernel_time": 0.99, "process_mem_max_rss": "534492", "process_out_blocks": "0", "process_user_time": 5.57}
[0m02:23:35.285854 [debug] [Dummy-1   ]: Command `cli run` succeeded at 02:23:35.285588 after 6.05 seconds
[0m02:23:35.286374 [debug] [Dummy-1   ]: Flushing usage events


============================== 02:23:56.892608 | 676ed81c-83e2-45ad-902a-73beef9f0fe1 ==============================
[0m02:23:56.892608 [info ] [Dummy-1   ]: Running with dbt=1.9.4
[0m02:23:56.893516 [debug] [Dummy-1   ]: running dbt with arguments {'printer_width': '80', 'indirect_selection': 'eager', 'log_cache_events': 'False', 'write_json': 'True', 'partial_parse': 'True', 'cache_selected_only': 'False', 'warn_error': 'None', 'debug': 'False', 'fail_fast': 'False', 'log_path': '/tmp/dbt/logs', 'profiles_dir': '/tmp/dbt_effective_profiles_qncyndeu', 'version_check': 'True', 'use_colors': 'True', 'use_experimental_parser': 'False', 'empty': 'False', 'quiet': 'False', 'no_print': 'None', 'log_format': 'default', 'static_parser': 'True', 'warn_error_options': 'WarnErrorOptions(include=[], exclude=[])', 'invocation_command': 'dbt ', 'target_path': 'None', 'introspect': 'True', 'send_anonymous_usage_stats': 'False'}
[0m02:23:57.091768 [info ] [Dummy-1   ]: State adapter: dbt-state v0.0.0 is disabled
[0m02:23:57.183696 [info ] [Dummy-1   ]: Registered adapter: snowflake=1.9.2
[0m02:23:57.742830 [debug] [Dummy-1   ]: checksum: ba04dd6e7049717c661b44e3dc7028e865b97d6de4ebf564f4974302f0686bd0, vars: {}, profile: , target: uat, version: 1.9.4
[0m02:23:57.920554 [info ] [Dummy-1   ]: Unable to do partial parsing because config vars, config profile, or config target have changed
[0m02:23:57.921249 [debug] [Dummy-1   ]: previous checksum: ba04dd6e7049717c661b44e3dc7028e865b97d6de4ebf564f4974302f0686bd0, current checksum: 53ed91fada2233efb98368d1716b44ab532c83a9c293cf1890b7905d5b45fb25
[0m02:23:57.921779 [info ] [Dummy-1   ]: Unable to do partial parsing because profile has changed
[0m02:23:59.605244 [warn ] [Dummy-1   ]: [[33mWARNING[0m]: Configuration paths exist in your dbt_project.yml file which do not apply to any resources.
There are 1 unused configuration paths:
- models.zero_to_one_chain.metrics
[0m02:23:59.717888 [debug] [Dummy-1   ]: Wrote artifact WritableManifest to /tmp/dbt/target/manifest.json
[0m02:23:59.720000 [debug] [Dummy-1   ]: Wrote artifact SemanticManifest to /tmp/dbt/target/semantic_manifest.json
[0m02:23:59.762123 [info ] [Dummy-1   ]: Found 7 models, 22 data tests, 11 sources, 474 macros
[0m02:23:59.764907 [info ] [Dummy-1   ]: 
[0m02:23:59.765492 [info ] [Dummy-1   ]: Concurrency: 8 threads (target='uat')
[0m02:23:59.765941 [info ] [Dummy-1   ]: 
[0m02:23:59.766655 [debug] [Dummy-1   ]: Acquiring new snowflake connection 'master'
[0m02:23:59.773116 [debug] [ThreadPool]: Acquiring new snowflake connection 'list_ZERO_TO_ONE_CHAIN_UAT'
[0m02:23:59.774770 [debug] [ThreadPool]: Acquiring new snowflake connection 'list_ZERO_TO_ONE_CHAIN_UAT'
[0m02:23:59.863141 [debug] [ThreadPool]: Using snowflake connection "list_ZERO_TO_ONE_CHAIN_UAT"
[0m02:23:59.863820 [debug] [ThreadPool]: Using snowflake connection "list_ZERO_TO_ONE_CHAIN_UAT"
[0m02:23:59.864402 [debug] [ThreadPool]: On list_ZERO_TO_ONE_CHAIN_UAT: /* {"app": "dbt", "dbt_version": "1.9.4", "profile_name": "zero_to_one_chain", "target_name": "uat", "connection_name": "list_ZERO_TO_ONE_CHAIN_UAT"} */
show terse schemas in database ZERO_TO_ONE_CHAIN_UAT
    limit 10000
[0m02:23:59.864912 [debug] [ThreadPool]: On list_ZERO_TO_ONE_CHAIN_UAT: /* {"app": "dbt", "dbt_version": "1.9.4", "profile_name": "zero_to_one_chain", "target_name": "uat", "connection_name": "list_ZERO_TO_ONE_CHAIN_UAT"} */
show terse schemas in database ZERO_TO_ONE_CHAIN_UAT
    limit 10000
[0m02:23:59.865367 [debug] [ThreadPool]: Opening a new connection, currently in state init
[0m02:23:59.865817 [debug] [ThreadPool]: Opening a new connection, currently in state init
[0m02:24:00.154804 [debug] [ThreadPool]: SQL status: SUCCESS 11 in 0.289 seconds
[0m02:24:00.155690 [debug] [ThreadPool]: SQL status: SUCCESS 11 in 0.290 seconds
[0m02:24:00.159624 [debug] [ThreadPool]: Re-using an available connection from the pool (formerly list_ZERO_TO_ONE_CHAIN_UAT, now create_ZERO_TO_ONE_CHAIN_UAT_PUBLIC_L2_STAGE)
[0m02:24:00.160180 [debug] [ThreadPool]: Re-using an available connection from the pool (formerly list_ZERO_TO_ONE_CHAIN_UAT, now create_ZERO_TO_ONE_CHAIN_UAT_PUBLIC_L5_CORE)
[0m02:24:00.160898 [debug] [ThreadPool]: Creating schema "database: "ZERO_TO_ONE_CHAIN_UAT"
schema: "PUBLIC_L2_STAGE"
"
[0m02:24:00.161489 [debug] [ThreadPool]: Creating schema "database: "ZERO_TO_ONE_CHAIN_UAT"
schema: "PUBLIC_L5_CORE"
"
[0m02:24:00.167738 [debug] [ThreadPool]: Using snowflake connection "create_ZERO_TO_ONE_CHAIN_UAT_PUBLIC_L2_STAGE"
[0m02:24:00.171179 [debug] [ThreadPool]: Using snowflake connection "create_ZERO_TO_ONE_CHAIN_UAT_PUBLIC_L5_CORE"
[0m02:24:00.171732 [debug] [ThreadPool]: On create_ZERO_TO_ONE_CHAIN_UAT_PUBLIC_L2_STAGE: /* {"app": "dbt", "dbt_version": "1.9.4", "profile_name": "zero_to_one_chain", "target_name": "uat", "connection_name": "create_ZERO_TO_ONE_CHAIN_UAT_PUBLIC_L2_STAGE"} */
create schema if not exists ZERO_TO_ONE_CHAIN_UAT.PUBLIC_L2_STAGE
[0m02:24:00.172234 [debug] [ThreadPool]: On create_ZERO_TO_ONE_CHAIN_UAT_PUBLIC_L5_CORE: /* {"app": "dbt", "dbt_version": "1.9.4", "profile_name": "zero_to_one_chain", "target_name": "uat", "connection_name": "create_ZERO_TO_ONE_CHAIN_UAT_PUBLIC_L5_CORE"} */
create schema if not exists ZERO_TO_ONE_CHAIN_UAT.PUBLIC_L5_CORE
[0m02:24:00.172780 [debug] [ThreadPool]: Opening a new connection, currently in state init
[0m02:24:00.173261 [debug] [ThreadPool]: Opening a new connection, currently in state init
[0m02:24:00.455285 [debug] [ThreadPool]: SQL status: SUCCESS 1 in 0.282 seconds
[0m02:24:00.473656 [debug] [ThreadPool]: SQL status: SUCCESS 1 in 0.301 seconds
[0m02:24:00.477663 [debug] [ThreadPool]: Acquiring new snowflake connection 'list_ZERO_TO_ONE_CHAIN_UAT_PUBLIC_L2_STAGE'
[0m02:24:00.479224 [debug] [ThreadPool]: Re-using an available connection from the pool (formerly create_ZERO_TO_ONE_CHAIN_UAT_PUBLIC_L5_CORE, now list_ZERO_TO_ONE_CHAIN_UAT_PUBLIC_L5_CORE)
[0m02:24:00.492268 [debug] [ThreadPool]: Using snowflake connection "list_ZERO_TO_ONE_CHAIN_UAT_PUBLIC_L2_STAGE"
[0m02:24:00.497734 [debug] [ThreadPool]: Using snowflake connection "list_ZERO_TO_ONE_CHAIN_UAT_PUBLIC_L5_CORE"
[0m02:24:00.498326 [debug] [ThreadPool]: On list_ZERO_TO_ONE_CHAIN_UAT_PUBLIC_L2_STAGE: /* {"app": "dbt", "dbt_version": "1.9.4", "profile_name": "zero_to_one_chain", "target_name": "uat", "connection_name": "list_ZERO_TO_ONE_CHAIN_UAT_PUBLIC_L2_STAGE"} */
alter session set quoted_identifiers_ignore_case = false;
[0m02:24:00.498842 [debug] [ThreadPool]: On list_ZERO_TO_ONE_CHAIN_UAT_PUBLIC_L5_CORE: /* {"app": "dbt", "dbt_version": "1.9.4", "profile_name": "zero_to_one_chain", "target_name": "uat", "connection_name": "list_ZERO_TO_ONE_CHAIN_UAT_PUBLIC_L5_CORE"} */
alter session set quoted_identifiers_ignore_case = false;
[0m02:24:00.499327 [debug] [ThreadPool]: Opening a new connection, currently in state init
[0m02:24:00.499778 [debug] [ThreadPool]: Opening a new connection, currently in state init
[0m02:24:00.831470 [debug] [ThreadPool]: SQL status: SUCCESS 1 in 0.331 seconds
[0m02:24:00.835916 [debug] [ThreadPool]: Using snowflake connection "list_ZERO_TO_ONE_CHAIN_UAT_PUBLIC_L5_CORE"
[0m02:24:00.836480 [debug] [ThreadPool]: On list_ZERO_TO_ONE_CHAIN_UAT_PUBLIC_L5_CORE: /* {"app": "dbt", "dbt_version": "1.9.4", "profile_name": "zero_to_one_chain", "target_name": "uat", "connection_name": "list_ZERO_TO_ONE_CHAIN_UAT_PUBLIC_L5_CORE"} */
show objects in ZERO_TO_ONE_CHAIN_UAT.PUBLIC_L5_CORE
    limit 10000
    
;
[0m02:24:00.841484 [debug] [ThreadPool]: SQL status: SUCCESS 1 in 0.342 seconds
[0m02:24:00.843484 [debug] [ThreadPool]: Using snowflake connection "list_ZERO_TO_ONE_CHAIN_UAT_PUBLIC_L2_STAGE"
[0m02:24:00.844026 [debug] [ThreadPool]: On list_ZERO_TO_ONE_CHAIN_UAT_PUBLIC_L2_STAGE: /* {"app": "dbt", "dbt_version": "1.9.4", "profile_name": "zero_to_one_chain", "target_name": "uat", "connection_name": "list_ZERO_TO_ONE_CHAIN_UAT_PUBLIC_L2_STAGE"} */
show objects in ZERO_TO_ONE_CHAIN_UAT.PUBLIC_L2_STAGE
    limit 10000
    
;
[0m02:24:00.920709 [debug] [ThreadPool]: SQL status: SUCCESS 0 in 0.076 seconds
[0m02:24:00.921502 [debug] [ThreadPool]: SQL status: SUCCESS 0 in 0.084 seconds
[0m02:24:00.923321 [debug] [ThreadPool]: Using snowflake connection "list_ZERO_TO_ONE_CHAIN_UAT_PUBLIC_L2_STAGE"
[0m02:24:00.925372 [debug] [ThreadPool]: Using snowflake connection "list_ZERO_TO_ONE_CHAIN_UAT_PUBLIC_L5_CORE"
[0m02:24:00.925887 [debug] [ThreadPool]: On list_ZERO_TO_ONE_CHAIN_UAT_PUBLIC_L2_STAGE: /* {"app": "dbt", "dbt_version": "1.9.4", "profile_name": "zero_to_one_chain", "target_name": "uat", "connection_name": "list_ZERO_TO_ONE_CHAIN_UAT_PUBLIC_L2_STAGE"} */
alter session unset quoted_identifiers_ignore_case;
[0m02:24:00.926388 [debug] [ThreadPool]: On list_ZERO_TO_ONE_CHAIN_UAT_PUBLIC_L5_CORE: /* {"app": "dbt", "dbt_version": "1.9.4", "profile_name": "zero_to_one_chain", "target_name": "uat", "connection_name": "list_ZERO_TO_ONE_CHAIN_UAT_PUBLIC_L5_CORE"} */
alter session unset quoted_identifiers_ignore_case;
[0m02:24:00.980907 [debug] [ThreadPool]: SQL status: SUCCESS 1 in 0.054 seconds
[0m02:24:00.981579 [debug] [ThreadPool]: SQL status: SUCCESS 1 in 0.054 seconds
[0m02:24:00.998098 [debug] [Thread-2 (]: Began running node model.zero_to_one_chain.dim_supplier
[0m02:24:00.998708 [debug] [Thread-3 (]: Began running node model.zero_to_one_chain.stg_inventory
[0m02:24:00.999284 [debug] [Thread-4 (]: Began running node model.zero_to_one_chain.stg_purchase_orders
[0m02:24:00.999896 [debug] [Thread-5 (]: Began running node model.zero_to_one_chain.stg_sales_orders
[0m02:24:01.000551 [debug] [Thread-6 (]: Began running node model.zero_to_one_chain.stg_shipments
[0m02:24:01.001289 [info ] [Thread-2 (]: 1 of 7 START sql table model PUBLIC_L5_CORE.dim_supplier ....................... [RUN]
[0m02:24:01.001995 [info ] [Thread-3 (]: 2 of 7 START sql view model PUBLIC_L2_STAGE.stg_inventory ...................... [RUN]
[0m02:24:01.002665 [info ] [Thread-4 (]: 3 of 7 START sql view model PUBLIC_L2_STAGE.stg_purchase_orders ................ [RUN]
[0m02:24:01.003338 [info ] [Thread-5 (]: 4 of 7 START sql view model PUBLIC_L2_STAGE.stg_sales_orders ................... [RUN]
[0m02:24:01.004044 [info ] [Thread-6 (]: 5 of 7 START sql view model PUBLIC_L2_STAGE.stg_shipments ...................... [RUN]
[0m02:24:01.004796 [debug] [Thread-2 (]: Re-using an available connection from the pool (formerly list_ZERO_TO_ONE_CHAIN_UAT_PUBLIC_L2_STAGE, now model.zero_to_one_chain.dim_supplier)
[0m02:24:01.005353 [debug] [Thread-3 (]: Re-using an available connection from the pool (formerly list_ZERO_TO_ONE_CHAIN_UAT_PUBLIC_L5_CORE, now model.zero_to_one_chain.stg_inventory)
[0m02:24:01.006191 [debug] [Thread-4 (]: Re-using an available connection from the pool (formerly create_ZERO_TO_ONE_CHAIN_UAT_PUBLIC_L2_STAGE, now model.zero_to_one_chain.stg_purchase_orders)
[0m02:24:01.006864 [debug] [Thread-5 (]: Acquiring new snowflake connection 'model.zero_to_one_chain.stg_sales_orders'
[0m02:24:01.007554 [debug] [Thread-6 (]: Acquiring new snowflake connection 'model.zero_to_one_chain.stg_shipments'
[0m02:24:01.008090 [debug] [Thread-2 (]: Began compiling node model.zero_to_one_chain.dim_supplier
[0m02:24:01.008681 [debug] [Thread-3 (]: Began compiling node model.zero_to_one_chain.stg_inventory
[0m02:24:01.009194 [debug] [Thread-4 (]: Began compiling node model.zero_to_one_chain.stg_purchase_orders
[0m02:24:01.009722 [debug] [Thread-5 (]: Began compiling node model.zero_to_one_chain.stg_sales_orders
[0m02:24:01.010222 [debug] [Thread-6 (]: Began compiling node model.zero_to_one_chain.stg_shipments
[0m02:24:01.019547 [debug] [Thread-2 (]: Writing injected SQL for node "model.zero_to_one_chain.dim_supplier"
[0m02:24:01.024055 [debug] [Thread-3 (]: Writing injected SQL for node "model.zero_to_one_chain.stg_inventory"
[0m02:24:01.028909 [debug] [Thread-4 (]: Writing injected SQL for node "model.zero_to_one_chain.stg_purchase_orders"
[0m02:24:01.035155 [debug] [Thread-5 (]: Writing injected SQL for node "model.zero_to_one_chain.stg_sales_orders"
[0m02:24:01.039564 [debug] [Thread-6 (]: Writing injected SQL for node "model.zero_to_one_chain.stg_shipments"
[0m02:24:01.040828 [debug] [Thread-2 (]: Began executing node model.zero_to_one_chain.dim_supplier
[0m02:24:01.041603 [debug] [Thread-3 (]: Began executing node model.zero_to_one_chain.stg_inventory
[0m02:24:01.042560 [debug] [Thread-4 (]: Began executing node model.zero_to_one_chain.stg_purchase_orders
[0m02:24:01.043466 [debug] [Thread-5 (]: Began executing node model.zero_to_one_chain.stg_sales_orders
[0m02:24:01.131546 [debug] [Thread-4 (]: Writing runtime sql for node "model.zero_to_one_chain.stg_purchase_orders"
[0m02:24:01.077250 [debug] [Thread-2 (]: Writing runtime sql for node "model.zero_to_one_chain.dim_supplier"
[0m02:24:01.115560 [debug] [Thread-3 (]: Writing runtime sql for node "model.zero_to_one_chain.stg_inventory"
[0m02:24:01.060470 [debug] [Thread-6 (]: Began executing node model.zero_to_one_chain.stg_shipments
[0m02:24:01.135762 [debug] [Thread-5 (]: Writing runtime sql for node "model.zero_to_one_chain.stg_sales_orders"
[0m02:24:01.139288 [debug] [Thread-4 (]: Using snowflake connection "model.zero_to_one_chain.stg_purchase_orders"
[0m02:24:01.142164 [debug] [Thread-2 (]: Using snowflake connection "model.zero_to_one_chain.dim_supplier"
[0m02:24:01.146331 [debug] [Thread-6 (]: Writing runtime sql for node "model.zero_to_one_chain.stg_shipments"
[0m02:24:01.148282 [debug] [Thread-3 (]: Using snowflake connection "model.zero_to_one_chain.stg_inventory"
[0m02:24:01.149253 [debug] [Thread-4 (]: On model.zero_to_one_chain.stg_purchase_orders: /* {"app": "dbt", "dbt_version": "1.9.4", "profile_name": "zero_to_one_chain", "target_name": "uat", "node_id": "model.zero_to_one_chain.stg_purchase_orders"} */
create or replace   view ZERO_TO_ONE_CHAIN_UAT.PUBLIC_L2_STAGE.stg_purchase_orders
  
   as (
    -- Staged purchase orders: typed, normalized, standardized OTD logic


SELECT
    po_number,
    po_header_id,
    line_number,
    po_date::DATE AS po_date,
    UPPER(TRIM(po_type)) AS po_type,
    UPPER(TRIM(po_status)) AS po_status,
    UPPER(TRIM(vendor_code)) AS supplier_id,
    UPPER(TRIM(receiving_plant)) AS plant_code,
    UPPER(TRIM(material_number)) AS material_number,
    UPPER(TRIM(material_group)) AS material_group,
    GREATEST(ordered_qty, 0) AS ordered_qty,
    GREATEST(received_qty, 0) AS received_qty,
    GREATEST(rejected_qty, 0) AS rejected_qty,
    UPPER(TRIM(uom)) AS uom,
    unit_price AS unit_price_local,
    UPPER(TRIM(price_currency)) AS price_currency,
    fx_rate_to_usd,
    ROUND(unit_price / NULLIF(fx_rate_to_usd, 0), 4) AS unit_price_usd,
    ROUND(ordered_qty * unit_price / NULLIF(fx_rate_to_usd, 0), 2) AS extended_price_usd,
    discount_pct,
    freight_cost_usd,
    duty_cost_usd,
    handling_cost_usd,
    ROUND(
        ordered_qty * unit_price / NULLIF(fx_rate_to_usd, 0)
        + COALESCE(freight_cost_usd, 0)
        + COALESCE(duty_cost_usd, 0)
        + COALESCE(handling_cost_usd, 0), 2
    ) AS landed_cost_usd,
    requested_delivery_date::DATE AS requested_delivery_date,
    confirmed_delivery_date::DATE AS confirmed_delivery_date,
    actual_delivery_date::DATE AS actual_delivery_date,
    DATEDIFF(DAY, confirmed_delivery_date, actual_delivery_date) AS delivery_variance_days,
    CASE WHEN actual_delivery_date IS NOT NULL AND actual_delivery_date <= confirmed_delivery_date THEN TRUE ELSE FALSE END AS is_on_time,
    CASE WHEN actual_delivery_date IS NOT NULL AND received_qty >= ordered_qty THEN TRUE ELSE FALSE END AS is_in_full,
    CASE WHEN actual_delivery_date IS NOT NULL AND actual_delivery_date <= confirmed_delivery_date AND received_qty >= ordered_qty THEN TRUE ELSE FALSE END AS is_otif,
    UPPER(TRIM(priority)) AS priority,
    UPPER(TRIM(order_source)) AS order_source,
    cost_center,
    project_code,
    _loaded_at,
    _source_system
FROM ZERO_TO_ONE_CHAIN_UAT.L1_INGESTION.RAW_ERP_PURCHASE_ORDERS
  );
[0m02:24:01.152040 [debug] [Thread-5 (]: Using snowflake connection "model.zero_to_one_chain.stg_sales_orders"
[0m02:24:01.152788 [debug] [Thread-2 (]: On model.zero_to_one_chain.dim_supplier: /* {"app": "dbt", "dbt_version": "1.9.4", "profile_name": "zero_to_one_chain", "target_name": "uat", "node_id": "model.zero_to_one_chain.dim_supplier"} */
create or replace transient table ZERO_TO_ONE_CHAIN_UAT.PUBLIC_L5_CORE.dim_supplier
         as
        (-- Conformed supplier dimension: golden record from ERP + SRM entity resolution


WITH erp AS (
    SELECT * FROM ZERO_TO_ONE_CHAIN_UAT.L1_INGESTION.RAW_ERP_VENDORS
),
srm AS (
    SELECT * FROM ZERO_TO_ONE_CHAIN_UAT.L1_INGESTION.RAW_SRM_SUPPLIERS
),
crosswalk AS (
    SELECT
        e.vendor_code AS supplier_id,
        e.vendor_name AS supplier_name,
        e.vendor_region AS region,
        e.country_code AS country,
        e.vendor_tier AS tier,
        e.vendor_status AS erp_status,
        e.primary_category,
        e.certifications,
        e.onboarding_date,
        e.annual_spend_usd_mm,
        e.avg_lead_time_days AS lead_time_days,
        e.historical_otd_pct AS otd_pct,
        e.defect_rate_ppm AS defect_ppm,
        e.financial_risk_score,
        e.geopolitical_risk_score,
        e.payment_terms,
        e.company_size,
        e.employee_count,
        e.dual_source_available,
        e.last_audit_date,
        e.last_audit_result,
        s.quality_score,
        s.delivery_reliability_pct,
        s.responsiveness_score,
        s.innovation_score,
        s.sustainability_score,
        s.cost_competitiveness_idx,
        s.esg_compliance_status,
        s.carbon_intensity_score,
        s.concentration_risk,
        ROUND(
            COALESCE(e.financial_risk_score, 3) * 0.3 +
            COALESCE(e.geopolitical_risk_score, 3) * 0.2 +
            (10 - COALESCE(s.quality_score, 70) / 10) * 0.25 +
            (10 - COALESCE(s.delivery_reliability_pct, 70) / 10) * 0.25
        , 2) AS blended_risk_score,
        CASE
            WHEN e.vendor_code = s.erp_vendor_ref THEN 'EXACT_KEY'
            ELSE 'FUZZY'
        END AS match_method
    FROM erp e
    LEFT JOIN srm s ON e.vendor_code = s.erp_vendor_ref
)
SELECT * FROM crosswalk
        );
[0m02:24:01.153792 [debug] [Thread-3 (]: On model.zero_to_one_chain.stg_inventory: /* {"app": "dbt", "dbt_version": "1.9.4", "profile_name": "zero_to_one_chain", "target_name": "uat", "node_id": "model.zero_to_one_chain.stg_inventory"} */
create or replace   view ZERO_TO_ONE_CHAIN_UAT.PUBLIC_L2_STAGE.stg_inventory
  
   as (
    -- Staged inventory snapshots


SELECT
    snapshot_date::DATE AS snapshot_date,
    UPPER(TRIM(plant_code)) AS plant_code,
    UPPER(TRIM(material_number)) AS material_number,
    UPPER(TRIM(storage_location)) AS storage_location,
    GREATEST(on_hand_qty, 0) AS on_hand_qty,
    GREATEST(allocated_qty, 0) AS allocated_qty,
    GREATEST(on_hand_qty - allocated_qty, 0) AS available_qty,
    GREATEST(in_transit_qty, 0) AS in_transit_qty,
    GREATEST(on_order_qty, 0) AS on_order_qty,
    GREATEST(quarantine_qty, 0) AS quarantine_qty,
    unit_cost_usd,
    ROUND(GREATEST(on_hand_qty, 0) * unit_cost_usd, 2) AS inventory_value_usd,
    reorder_point,
    safety_stock_qty,
    CASE
        WHEN on_hand_qty <= 0 THEN 'STOCKOUT'
        WHEN on_hand_qty <= reorder_point THEN 'BELOW_ROP'
        WHEN on_hand_qty <= safety_stock_qty THEN 'BELOW_SAFETY'
        ELSE 'ADEQUATE'
    END AS stock_status,
    days_on_hand,
    UPPER(TRIM(abc_classification)) AS abc_class,
    turnover_ratio,
    obsolescence_risk_pct,
    carrying_cost_usd_daily,
    _loaded_at,
    _source_system
FROM ZERO_TO_ONE_CHAIN_UAT.L1_INGESTION.RAW_ERP_INVENTORY_SNAPSHOTS
  );
[0m02:24:01.156025 [debug] [Thread-6 (]: Using snowflake connection "model.zero_to_one_chain.stg_shipments"
[0m02:24:01.156679 [debug] [Thread-4 (]: Opening a new connection, currently in state init
[0m02:24:01.157367 [debug] [Thread-5 (]: On model.zero_to_one_chain.stg_sales_orders: /* {"app": "dbt", "dbt_version": "1.9.4", "profile_name": "zero_to_one_chain", "target_name": "uat", "node_id": "model.zero_to_one_chain.stg_sales_orders"} */
create or replace   view ZERO_TO_ONE_CHAIN_UAT.PUBLIC_L2_STAGE.stg_sales_orders
  
   as (
    -- Staged sales orders: standardized OTD/OTIF/fill rate definitions


SELECT
    order_number,
    order_header_id,
    line_item,
    order_date::DATE AS order_date,
    UPPER(TRIM(order_type)) AS order_type,
    UPPER(TRIM(order_status)) AS order_status,
    UPPER(TRIM(customer_id)) AS customer_id,
    UPPER(TRIM(shipping_plant)) AS plant_code,
    UPPER(TRIM(material_number)) AS material_number,
    GREATEST(ordered_qty, 0) AS ordered_qty,
    GREATEST(shipped_qty, 0) AS shipped_qty,
    GREATEST(delivered_qty, 0) AS delivered_qty,
    UPPER(TRIM(uom)) AS uom,
    unit_price_usd,
    ROUND(ordered_qty * unit_price_usd, 2) AS line_value_usd,
    discount_pct,
    ROUND(ordered_qty * unit_price_usd * (1 - COALESCE(discount_pct, 0) / 100), 2) AS net_value_usd,
    requested_delivery_date::DATE AS requested_delivery_date,
    committed_delivery_date::DATE AS committed_delivery_date,
    actual_delivery_date::DATE AS actual_delivery_date,
    DATEDIFF(DAY, committed_delivery_date, actual_delivery_date) AS delivery_variance_days,
    CASE WHEN actual_delivery_date IS NOT NULL AND actual_delivery_date <= committed_delivery_date THEN TRUE ELSE FALSE END AS is_on_time,
    CASE WHEN delivered_qty >= ordered_qty THEN TRUE ELSE FALSE END AS is_in_full,
    CASE WHEN actual_delivery_date IS NOT NULL AND actual_delivery_date <= committed_delivery_date AND delivered_qty >= ordered_qty THEN TRUE ELSE FALSE END AS is_otif,
    DIV0(delivered_qty, ordered_qty) * 100 AS fill_rate_pct,
    UPPER(TRIM(ship_to_region)) AS ship_to_region,
    UPPER(TRIM(ship_to_country)) AS ship_to_country,
    UPPER(TRIM(shipping_method)) AS shipping_method,
    shipment_ref,
    freight_charge_usd,
    UPPER(TRIM(service_level)) AS service_level,
    UPPER(TRIM(priority)) AS priority,
    UPPER(TRIM(channel)) AS channel,
    _loaded_at,
    _source_system
FROM ZERO_TO_ONE_CHAIN_UAT.L1_INGESTION.RAW_ERP_SALES_ORDERS
  );
[0m02:24:01.157944 [debug] [Thread-2 (]: Opening a new connection, currently in state init
[0m02:24:01.158453 [debug] [Thread-3 (]: Opening a new connection, currently in state init
[0m02:24:01.159059 [debug] [Thread-6 (]: On model.zero_to_one_chain.stg_shipments: /* {"app": "dbt", "dbt_version": "1.9.4", "profile_name": "zero_to_one_chain", "target_name": "uat", "node_id": "model.zero_to_one_chain.stg_shipments"} */
create or replace   view ZERO_TO_ONE_CHAIN_UAT.PUBLIC_L2_STAGE.stg_shipments
  
   as (
    -- Staged shipments from TMS


SELECT
    shipment_id,
    bill_of_lading,
    ship_date::DATE AS ship_date,
    estimated_arrival::DATE AS estimated_arrival,
    actual_arrival::DATE AS actual_arrival,
    UPPER(TRIM(shipment_status)) AS shipment_status,
    UPPER(TRIM(transport_mode)) AS transport_mode,
    UPPER(TRIM(carrier_name)) AS carrier_name,
    UPPER(TRIM(carrier_code)) AS carrier_code,
    UPPER(TRIM(origin_plant)) AS origin_plant,
    UPPER(TRIM(destination_plant)) AS destination_plant,
    UPPER(TRIM(origin_region)) AS origin_region,
    UPPER(TRIM(destination_region)) AS destination_region,
    GREATEST(gross_weight_kg, 0) AS gross_weight_kg,
    GREATEST(volume_cbm, 0) AS volume_cbm,
    GREATEST(package_count, 0) AS package_count,
    freight_cost_usd,
    insurance_cost_usd,
    customs_duty_usd,
    handling_charges_usd,
    ROUND(COALESCE(freight_cost_usd,0) + COALESCE(insurance_cost_usd,0) + COALESCE(customs_duty_usd,0) + COALESCE(handling_charges_usd,0), 2) AS total_logistics_cost_usd,
    UPPER(TRIM(incoterm)) AS incoterm,
    transit_exceptions_count,
    co2_emissions_kg,
    CASE WHEN actual_arrival IS NOT NULL AND actual_arrival <= estimated_arrival THEN TRUE ELSE FALSE END AS is_on_time,
    CASE WHEN actual_arrival IS NOT NULL THEN DATEDIFF(DAY, estimated_arrival, actual_arrival) ELSE NULL END AS delay_days,
    reference_po,
    _loaded_at,
    _source_system
FROM ZERO_TO_ONE_CHAIN_UAT.L1_INGESTION.RAW_TMS_SHIPMENTS
  );
[0m02:24:01.159865 [debug] [Thread-5 (]: Opening a new connection, currently in state init
[0m02:24:01.160885 [debug] [Thread-6 (]: Opening a new connection, currently in state init
[0m02:24:01.757958 [debug] [Thread-3 (]: SQL status: SUCCESS 1 in 0.599 seconds
[0m02:24:01.758758 [debug] [Thread-6 (]: SQL status: SUCCESS 1 in 0.598 seconds
[0m02:24:01.786311 [debug] [Thread-5 (]: SQL status: SUCCESS 1 in 0.626 seconds
[0m02:24:01.787077 [debug] [Thread-4 (]: SQL status: SUCCESS 1 in 0.630 seconds
[0m02:24:01.793044 [info ] [Thread-3 (]: 2 of 7 OK created sql view model PUBLIC_L2_STAGE.stg_inventory ................. [[32mSUCCESS 1[0m in 0.78s]
[0m02:24:01.793847 [info ] [Thread-6 (]: 5 of 7 OK created sql view model PUBLIC_L2_STAGE.stg_shipments ................. [[32mSUCCESS 1[0m in 0.78s]
[0m02:24:01.794598 [info ] [Thread-5 (]: 4 of 7 OK created sql view model PUBLIC_L2_STAGE.stg_sales_orders .............. [[32mSUCCESS 1[0m in 0.78s]
[0m02:24:01.795328 [info ] [Thread-4 (]: 3 of 7 OK created sql view model PUBLIC_L2_STAGE.stg_purchase_orders ........... [[32mSUCCESS 1[0m in 0.79s]
[0m02:24:01.796078 [debug] [Thread-3 (]: Finished running node model.zero_to_one_chain.stg_inventory
[0m02:24:01.796841 [debug] [Thread-6 (]: Finished running node model.zero_to_one_chain.stg_shipments
[0m02:24:01.797508 [debug] [Thread-5 (]: Finished running node model.zero_to_one_chain.stg_sales_orders
[0m02:24:01.798165 [debug] [Thread-4 (]: Finished running node model.zero_to_one_chain.stg_purchase_orders
[0m02:24:01.799697 [debug] [Thread-8 (]: Began running node model.zero_to_one_chain.fact_orders
[0m02:24:01.800700 [debug] [Thread-7 (]: Began running node model.zero_to_one_chain.fact_purchase_orders
[0m02:24:01.801377 [info ] [Thread-8 (]: 6 of 7 START sql table model PUBLIC_L5_CORE.fact_orders ........................ [RUN]
[0m02:24:01.802077 [info ] [Thread-7 (]: 7 of 7 START sql table model PUBLIC_L5_CORE.fact_purchase_orders ............... [RUN]
[0m02:24:01.802865 [debug] [Thread-8 (]: Acquiring new snowflake connection 'model.zero_to_one_chain.fact_orders'
[0m02:24:01.803570 [debug] [Thread-7 (]: Acquiring new snowflake connection 'model.zero_to_one_chain.fact_purchase_orders'
[0m02:24:01.804132 [debug] [Thread-8 (]: Began compiling node model.zero_to_one_chain.fact_orders
[0m02:24:01.804706 [debug] [Thread-7 (]: Began compiling node model.zero_to_one_chain.fact_purchase_orders
[0m02:24:01.809770 [debug] [Thread-8 (]: Writing injected SQL for node "model.zero_to_one_chain.fact_orders"
[0m02:24:01.816324 [debug] [Thread-7 (]: Writing injected SQL for node "model.zero_to_one_chain.fact_purchase_orders"
[0m02:24:01.817402 [debug] [Thread-8 (]: Began executing node model.zero_to_one_chain.fact_orders
[0m02:24:01.817976 [debug] [Thread-7 (]: Began executing node model.zero_to_one_chain.fact_purchase_orders
[0m02:24:01.821910 [debug] [Thread-8 (]: Writing runtime sql for node "model.zero_to_one_chain.fact_orders"
[0m02:24:01.825765 [debug] [Thread-7 (]: Writing runtime sql for node "model.zero_to_one_chain.fact_purchase_orders"
[0m02:24:01.827625 [debug] [Thread-8 (]: Using snowflake connection "model.zero_to_one_chain.fact_orders"
[0m02:24:01.828415 [debug] [Thread-8 (]: On model.zero_to_one_chain.fact_orders: /* {"app": "dbt", "dbt_version": "1.9.4", "profile_name": "zero_to_one_chain", "target_name": "uat", "node_id": "model.zero_to_one_chain.fact_orders"} */
create or replace transient table ZERO_TO_ONE_CHAIN_UAT.PUBLIC_L5_CORE.fact_orders
         as
        (-- Conformed fact: sales orders with standardized OTD/OTIF


SELECT
    order_number,
    order_header_id,
    line_item,
    order_date,
    order_type,
    order_status,
    customer_id,
    plant_code,
    material_number,
    ordered_qty,
    shipped_qty,
    delivered_qty,
    uom,
    unit_price_usd,
    line_value_usd,
    discount_pct,
    net_value_usd,
    requested_delivery_date,
    committed_delivery_date,
    actual_delivery_date,
    delivery_variance_days,
    is_on_time,
    is_in_full,
    is_otif,
    fill_rate_pct,
    ship_to_region,
    ship_to_country,
    shipping_method,
    shipment_ref,
    freight_charge_usd,
    service_level,
    priority,
    channel
FROM ZERO_TO_ONE_CHAIN_UAT.PUBLIC_L2_STAGE.stg_sales_orders
        );
[0m02:24:01.829904 [debug] [Thread-7 (]: Using snowflake connection "model.zero_to_one_chain.fact_purchase_orders"
[0m02:24:01.830442 [debug] [Thread-8 (]: Opening a new connection, currently in state init
[0m02:24:01.830999 [debug] [Thread-7 (]: On model.zero_to_one_chain.fact_purchase_orders: /* {"app": "dbt", "dbt_version": "1.9.4", "profile_name": "zero_to_one_chain", "target_name": "uat", "node_id": "model.zero_to_one_chain.fact_purchase_orders"} */
create or replace transient table ZERO_TO_ONE_CHAIN_UAT.PUBLIC_L5_CORE.fact_purchase_orders
         as
        (-- Conformed fact: purchase orders with landed cost


SELECT
    po_number,
    po_header_id,
    line_number,
    po_date,
    po_type,
    po_status,
    supplier_id,
    plant_code,
    material_number,
    material_group,
    ordered_qty,
    received_qty,
    rejected_qty,
    uom,
    unit_price_usd,
    extended_price_usd,
    discount_pct,
    freight_cost_usd,
    duty_cost_usd,
    handling_cost_usd,
    landed_cost_usd,
    requested_delivery_date,
    confirmed_delivery_date,
    actual_delivery_date,
    delivery_variance_days,
    is_on_time,
    is_in_full,
    is_otif,
    priority,
    order_source,
    cost_center,
    project_code
FROM ZERO_TO_ONE_CHAIN_UAT.PUBLIC_L2_STAGE.stg_purchase_orders
        );
[0m02:24:01.831676 [debug] [Thread-7 (]: Opening a new connection, currently in state init
[0m02:24:02.441842 [debug] [Thread-2 (]: SQL status: SUCCESS 1 in 1.284 seconds
[0m02:24:02.444892 [info ] [Thread-2 (]: 1 of 7 OK created sql table model PUBLIC_L5_CORE.dim_supplier .................. [[32mSUCCESS 1[0m in 1.44s]
[0m02:24:02.445656 [debug] [Thread-2 (]: Finished running node model.zero_to_one_chain.dim_supplier
[0m02:24:03.491687 [debug] [Thread-8 (]: SQL status: SUCCESS 1 in 1.661 seconds
[0m02:24:03.494977 [info ] [Thread-8 (]: 6 of 7 OK created sql table model PUBLIC_L5_CORE.fact_orders ................... [[32mSUCCESS 1[0m in 1.69s]
[0m02:24:03.495736 [debug] [Thread-8 (]: Finished running node model.zero_to_one_chain.fact_orders
[0m02:24:03.537688 [debug] [Thread-7 (]: SQL status: SUCCESS 1 in 1.706 seconds
[0m02:24:03.540904 [info ] [Thread-7 (]: 7 of 7 OK created sql table model PUBLIC_L5_CORE.fact_purchase_orders .......... [[32mSUCCESS 1[0m in 1.74s]
[0m02:24:03.541837 [debug] [Thread-7 (]: Finished running node model.zero_to_one_chain.fact_purchase_orders
[0m02:24:03.546793 [debug] [Dummy-1   ]: Connection 'master' was properly closed.
[0m02:24:03.547525 [debug] [Dummy-1   ]: Connection 'model.zero_to_one_chain.stg_purchase_orders' was properly closed.
[0m02:24:03.547978 [debug] [Dummy-1   ]: Connection 'model.zero_to_one_chain.stg_inventory' was properly closed.
[0m02:24:03.548456 [debug] [Dummy-1   ]: Connection 'model.zero_to_one_chain.dim_supplier' was properly closed.
[0m02:24:03.548872 [debug] [Dummy-1   ]: Connection 'model.zero_to_one_chain.stg_sales_orders' was properly closed.
[0m02:24:03.549278 [debug] [Dummy-1   ]: Connection 'model.zero_to_one_chain.stg_shipments' was properly closed.
[0m02:24:03.549663 [debug] [Dummy-1   ]: Connection 'model.zero_to_one_chain.fact_orders' was properly closed.
[0m02:24:03.550062 [debug] [Dummy-1   ]: Connection 'model.zero_to_one_chain.fact_purchase_orders' was properly closed.
[0m02:24:03.550641 [info ] [Dummy-1   ]: 
[0m02:24:03.551162 [info ] [Dummy-1   ]: Finished running 3 table models, 4 view models in 0 hours 0 minutes and 3.78 seconds (3.78s).
[0m02:24:03.552728 [debug] [Dummy-1   ]: Command end result
[0m02:24:03.581073 [debug] [Dummy-1   ]: Wrote artifact WritableManifest to /tmp/dbt/target/manifest.json
[0m02:24:03.583051 [debug] [Dummy-1   ]: Wrote artifact SemanticManifest to /tmp/dbt/target/semantic_manifest.json
[0m02:24:03.589144 [debug] [Dummy-1   ]: Wrote artifact RunExecutionResult to /tmp/dbt/target/run_results.json
[0m02:24:03.589609 [info ] [Dummy-1   ]: 
[0m02:24:03.590200 [info ] [Dummy-1   ]: [32mCompleted successfully[0m
[0m02:24:03.590683 [info ] [Dummy-1   ]: 
[0m02:24:03.591167 [info ] [Dummy-1   ]: Done. PASS=7 WARN=0 ERROR=0 SKIP=0 TOTAL=7
[0m02:24:03.592974 [debug] [Dummy-1   ]: Resource report: {"command_name": "run", "command_success": true, "command_wall_clock_time": 6.7769346, "process_in_blocks": "0", "process_kernel_time": 0.95, "process_mem_max_rss": "544016", "process_out_blocks": "0", "process_user_time": 6.23}
[0m02:24:03.593585 [debug] [Dummy-1   ]: Command `cli run` succeeded at 02:24:03.593332 after 6.78 seconds
[0m02:24:03.594079 [debug] [Dummy-1   ]: Flushing usage events


============================== 02:24:31.319857 | 428961fb-a62e-41af-99f1-5167bb9ff7b7 ==============================
[0m02:24:31.319857 [info ] [Dummy-1   ]: Running with dbt=1.9.4
[0m02:24:31.320779 [debug] [Dummy-1   ]: running dbt with arguments {'printer_width': '80', 'indirect_selection': 'eager', 'log_cache_events': 'False', 'write_json': 'True', 'partial_parse': 'True', 'cache_selected_only': 'False', 'warn_error': 'None', 'version_check': 'True', 'fail_fast': 'False', 'log_path': '/tmp/dbt/logs', 'debug': 'False', 'profiles_dir': '/tmp/dbt_effective_profiles_bumilt_x', 'use_colors': 'True', 'use_experimental_parser': 'False', 'no_print': 'None', 'quiet': 'False', 'empty': 'False', 'log_format': 'default', 'invocation_command': 'dbt ', 'static_parser': 'True', 'introspect': 'True', 'target_path': 'None', 'warn_error_options': 'WarnErrorOptions(include=[], exclude=[])', 'send_anonymous_usage_stats': 'False'}
[0m02:24:31.507841 [info ] [Dummy-1   ]: State adapter: dbt-state v0.0.0 is disabled
[0m02:24:31.595929 [info ] [Dummy-1   ]: Registered adapter: snowflake=1.9.2
[0m02:24:32.138619 [debug] [Dummy-1   ]: checksum: 6d8301ed5f8f0471e249cbcc8805b42bc5f78a9b258cb4e5c4b012c6ace116b4, vars: {}, profile: , target: prod, version: 1.9.4
[0m02:24:32.286678 [info ] [Dummy-1   ]: Unable to do partial parsing because config vars, config profile, or config target have changed
[0m02:24:32.287333 [debug] [Dummy-1   ]: previous checksum: 6d8301ed5f8f0471e249cbcc8805b42bc5f78a9b258cb4e5c4b012c6ace116b4, current checksum: ba04dd6e7049717c661b44e3dc7028e865b97d6de4ebf564f4974302f0686bd0
[0m02:24:32.287787 [info ] [Dummy-1   ]: Unable to do partial parsing because profile has changed
[0m02:24:33.932301 [warn ] [Dummy-1   ]: [[33mWARNING[0m]: Configuration paths exist in your dbt_project.yml file which do not apply to any resources.
There are 1 unused configuration paths:
- models.zero_to_one_chain.metrics
[0m02:24:34.044429 [debug] [Dummy-1   ]: Wrote artifact WritableManifest to /tmp/dbt/target/manifest.json
[0m02:24:34.046473 [debug] [Dummy-1   ]: Wrote artifact SemanticManifest to /tmp/dbt/target/semantic_manifest.json
[0m02:24:34.088159 [info ] [Dummy-1   ]: Found 7 models, 22 data tests, 11 sources, 474 macros
[0m02:24:34.090877 [info ] [Dummy-1   ]: 
[0m02:24:34.091421 [info ] [Dummy-1   ]: Concurrency: 8 threads (target='prod')
[0m02:24:34.091887 [info ] [Dummy-1   ]: 
[0m02:24:34.092585 [debug] [Dummy-1   ]: Acquiring new snowflake connection 'master'
[0m02:24:34.098840 [debug] [ThreadPool]: Acquiring new snowflake connection 'list_ZERO_TO_ONE_CHAIN_PROD'
[0m02:24:34.100512 [debug] [ThreadPool]: Acquiring new snowflake connection 'list_ZERO_TO_ONE_CHAIN_PROD'
[0m02:24:34.185933 [debug] [ThreadPool]: Using snowflake connection "list_ZERO_TO_ONE_CHAIN_PROD"
[0m02:24:34.186653 [debug] [ThreadPool]: Using snowflake connection "list_ZERO_TO_ONE_CHAIN_PROD"
[0m02:24:34.187164 [debug] [ThreadPool]: On list_ZERO_TO_ONE_CHAIN_PROD: /* {"app": "dbt", "dbt_version": "1.9.4", "profile_name": "zero_to_one_chain", "target_name": "prod", "connection_name": "list_ZERO_TO_ONE_CHAIN_PROD"} */
show terse schemas in database ZERO_TO_ONE_CHAIN_PROD
    limit 10000
[0m02:24:34.187637 [debug] [ThreadPool]: On list_ZERO_TO_ONE_CHAIN_PROD: /* {"app": "dbt", "dbt_version": "1.9.4", "profile_name": "zero_to_one_chain", "target_name": "prod", "connection_name": "list_ZERO_TO_ONE_CHAIN_PROD"} */
show terse schemas in database ZERO_TO_ONE_CHAIN_PROD
    limit 10000
[0m02:24:34.188094 [debug] [ThreadPool]: Opening a new connection, currently in state init
[0m02:24:34.188544 [debug] [ThreadPool]: Opening a new connection, currently in state init
[0m02:24:34.522765 [debug] [ThreadPool]: SQL status: SUCCESS 11 in 0.334 seconds
[0m02:24:34.526458 [debug] [ThreadPool]: SQL status: SUCCESS 11 in 0.338 seconds
[0m02:24:34.528620 [debug] [ThreadPool]: Re-using an available connection from the pool (formerly list_ZERO_TO_ONE_CHAIN_PROD, now create_ZERO_TO_ONE_CHAIN_PROD_PUBLIC_L2_STAGE)
[0m02:24:34.529191 [debug] [ThreadPool]: Re-using an available connection from the pool (formerly list_ZERO_TO_ONE_CHAIN_PROD, now create_ZERO_TO_ONE_CHAIN_PROD_PUBLIC_L5_CORE)
[0m02:24:34.529876 [debug] [ThreadPool]: Creating schema "database: "ZERO_TO_ONE_CHAIN_PROD"
schema: "PUBLIC_L2_STAGE"
"
[0m02:24:34.530576 [debug] [ThreadPool]: Creating schema "database: "ZERO_TO_ONE_CHAIN_PROD"
schema: "PUBLIC_L5_CORE"
"
[0m02:24:34.536868 [debug] [ThreadPool]: Using snowflake connection "create_ZERO_TO_ONE_CHAIN_PROD_PUBLIC_L2_STAGE"
[0m02:24:34.540191 [debug] [ThreadPool]: Using snowflake connection "create_ZERO_TO_ONE_CHAIN_PROD_PUBLIC_L5_CORE"
[0m02:24:34.540723 [debug] [ThreadPool]: On create_ZERO_TO_ONE_CHAIN_PROD_PUBLIC_L2_STAGE: /* {"app": "dbt", "dbt_version": "1.9.4", "profile_name": "zero_to_one_chain", "target_name": "prod", "connection_name": "create_ZERO_TO_ONE_CHAIN_PROD_PUBLIC_L2_STAGE"} */
create schema if not exists ZERO_TO_ONE_CHAIN_PROD.PUBLIC_L2_STAGE
[0m02:24:34.541235 [debug] [ThreadPool]: On create_ZERO_TO_ONE_CHAIN_PROD_PUBLIC_L5_CORE: /* {"app": "dbt", "dbt_version": "1.9.4", "profile_name": "zero_to_one_chain", "target_name": "prod", "connection_name": "create_ZERO_TO_ONE_CHAIN_PROD_PUBLIC_L5_CORE"} */
create schema if not exists ZERO_TO_ONE_CHAIN_PROD.PUBLIC_L5_CORE
[0m02:24:34.541705 [debug] [ThreadPool]: Opening a new connection, currently in state init
[0m02:24:34.542225 [debug] [ThreadPool]: Opening a new connection, currently in state init
[0m02:24:34.875813 [debug] [ThreadPool]: SQL status: SUCCESS 1 in 0.333 seconds
[0m02:24:34.892615 [debug] [ThreadPool]: SQL status: SUCCESS 1 in 0.351 seconds
[0m02:24:34.896454 [debug] [ThreadPool]: Acquiring new snowflake connection 'list_ZERO_TO_ONE_CHAIN_PROD_PUBLIC_L2_STAGE'
[0m02:24:34.897941 [debug] [ThreadPool]: Re-using an available connection from the pool (formerly create_ZERO_TO_ONE_CHAIN_PROD_PUBLIC_L5_CORE, now list_ZERO_TO_ONE_CHAIN_PROD_PUBLIC_L5_CORE)
[0m02:24:34.910850 [debug] [ThreadPool]: Using snowflake connection "list_ZERO_TO_ONE_CHAIN_PROD_PUBLIC_L2_STAGE"
[0m02:24:34.915828 [debug] [ThreadPool]: Using snowflake connection "list_ZERO_TO_ONE_CHAIN_PROD_PUBLIC_L5_CORE"
[0m02:24:34.916397 [debug] [ThreadPool]: On list_ZERO_TO_ONE_CHAIN_PROD_PUBLIC_L2_STAGE: /* {"app": "dbt", "dbt_version": "1.9.4", "profile_name": "zero_to_one_chain", "target_name": "prod", "connection_name": "list_ZERO_TO_ONE_CHAIN_PROD_PUBLIC_L2_STAGE"} */
alter session set quoted_identifiers_ignore_case = false;
[0m02:24:34.916933 [debug] [ThreadPool]: On list_ZERO_TO_ONE_CHAIN_PROD_PUBLIC_L5_CORE: /* {"app": "dbt", "dbt_version": "1.9.4", "profile_name": "zero_to_one_chain", "target_name": "prod", "connection_name": "list_ZERO_TO_ONE_CHAIN_PROD_PUBLIC_L5_CORE"} */
alter session set quoted_identifiers_ignore_case = false;
[0m02:24:34.917419 [debug] [ThreadPool]: Opening a new connection, currently in state init
[0m02:24:34.917896 [debug] [ThreadPool]: Opening a new connection, currently in state init
[0m02:24:35.230401 [debug] [ThreadPool]: SQL status: SUCCESS 1 in 0.313 seconds
[0m02:24:35.234819 [debug] [ThreadPool]: Using snowflake connection "list_ZERO_TO_ONE_CHAIN_PROD_PUBLIC_L2_STAGE"
[0m02:24:35.235362 [debug] [ThreadPool]: On list_ZERO_TO_ONE_CHAIN_PROD_PUBLIC_L2_STAGE: /* {"app": "dbt", "dbt_version": "1.9.4", "profile_name": "zero_to_one_chain", "target_name": "prod", "connection_name": "list_ZERO_TO_ONE_CHAIN_PROD_PUBLIC_L2_STAGE"} */
show objects in ZERO_TO_ONE_CHAIN_PROD.PUBLIC_L2_STAGE
    limit 10000
    
;
[0m02:24:35.247277 [debug] [ThreadPool]: SQL status: SUCCESS 1 in 0.329 seconds
[0m02:24:35.248961 [debug] [ThreadPool]: Using snowflake connection "list_ZERO_TO_ONE_CHAIN_PROD_PUBLIC_L5_CORE"
[0m02:24:35.249425 [debug] [ThreadPool]: On list_ZERO_TO_ONE_CHAIN_PROD_PUBLIC_L5_CORE: /* {"app": "dbt", "dbt_version": "1.9.4", "profile_name": "zero_to_one_chain", "target_name": "prod", "connection_name": "list_ZERO_TO_ONE_CHAIN_PROD_PUBLIC_L5_CORE"} */
show objects in ZERO_TO_ONE_CHAIN_PROD.PUBLIC_L5_CORE
    limit 10000
    
;
[0m02:24:35.292369 [debug] [ThreadPool]: SQL status: SUCCESS 0 in 0.056 seconds
[0m02:24:35.293971 [debug] [ThreadPool]: Using snowflake connection "list_ZERO_TO_ONE_CHAIN_PROD_PUBLIC_L2_STAGE"
[0m02:24:35.294490 [debug] [ThreadPool]: On list_ZERO_TO_ONE_CHAIN_PROD_PUBLIC_L2_STAGE: /* {"app": "dbt", "dbt_version": "1.9.4", "profile_name": "zero_to_one_chain", "target_name": "prod", "connection_name": "list_ZERO_TO_ONE_CHAIN_PROD_PUBLIC_L2_STAGE"} */
alter session unset quoted_identifiers_ignore_case;
[0m02:24:35.312500 [debug] [ThreadPool]: SQL status: SUCCESS 0 in 0.063 seconds
[0m02:24:35.314461 [debug] [ThreadPool]: Using snowflake connection "list_ZERO_TO_ONE_CHAIN_PROD_PUBLIC_L5_CORE"
[0m02:24:35.314962 [debug] [ThreadPool]: On list_ZERO_TO_ONE_CHAIN_PROD_PUBLIC_L5_CORE: /* {"app": "dbt", "dbt_version": "1.9.4", "profile_name": "zero_to_one_chain", "target_name": "prod", "connection_name": "list_ZERO_TO_ONE_CHAIN_PROD_PUBLIC_L5_CORE"} */
alter session unset quoted_identifiers_ignore_case;
[0m02:24:35.351713 [debug] [ThreadPool]: SQL status: SUCCESS 1 in 0.057 seconds
[0m02:24:35.375598 [debug] [ThreadPool]: SQL status: SUCCESS 1 in 0.060 seconds
[0m02:24:35.390876 [debug] [Thread-2 (]: Began running node model.zero_to_one_chain.dim_supplier
[0m02:24:35.391477 [debug] [Thread-3 (]: Began running node model.zero_to_one_chain.stg_inventory
[0m02:24:35.392040 [debug] [Thread-4 (]: Began running node model.zero_to_one_chain.stg_purchase_orders
[0m02:24:35.392704 [debug] [Thread-5 (]: Began running node model.zero_to_one_chain.stg_sales_orders
[0m02:24:35.393241 [debug] [Thread-6 (]: Began running node model.zero_to_one_chain.stg_shipments
[0m02:24:35.393930 [info ] [Thread-2 (]: 1 of 7 START sql table model PUBLIC_L5_CORE.dim_supplier ....................... [RUN]
[0m02:24:35.394713 [info ] [Thread-3 (]: 2 of 7 START sql view model PUBLIC_L2_STAGE.stg_inventory ...................... [RUN]
[0m02:24:35.395399 [info ] [Thread-4 (]: 3 of 7 START sql view model PUBLIC_L2_STAGE.stg_purchase_orders ................ [RUN]
[0m02:24:35.396078 [info ] [Thread-5 (]: 4 of 7 START sql view model PUBLIC_L2_STAGE.stg_sales_orders ................... [RUN]
[0m02:24:35.396809 [info ] [Thread-6 (]: 5 of 7 START sql view model PUBLIC_L2_STAGE.stg_shipments ...................... [RUN]
[0m02:24:35.397467 [debug] [Thread-2 (]: Re-using an available connection from the pool (formerly list_ZERO_TO_ONE_CHAIN_PROD_PUBLIC_L2_STAGE, now model.zero_to_one_chain.dim_supplier)
[0m02:24:35.398040 [debug] [Thread-3 (]: Re-using an available connection from the pool (formerly list_ZERO_TO_ONE_CHAIN_PROD_PUBLIC_L5_CORE, now model.zero_to_one_chain.stg_inventory)
[0m02:24:35.398904 [debug] [Thread-4 (]: Re-using an available connection from the pool (formerly create_ZERO_TO_ONE_CHAIN_PROD_PUBLIC_L2_STAGE, now model.zero_to_one_chain.stg_purchase_orders)
[0m02:24:35.399575 [debug] [Thread-5 (]: Acquiring new snowflake connection 'model.zero_to_one_chain.stg_sales_orders'
[0m02:24:35.400228 [debug] [Thread-6 (]: Acquiring new snowflake connection 'model.zero_to_one_chain.stg_shipments'
[0m02:24:35.400775 [debug] [Thread-2 (]: Began compiling node model.zero_to_one_chain.dim_supplier
[0m02:24:35.401263 [debug] [Thread-3 (]: Began compiling node model.zero_to_one_chain.stg_inventory
[0m02:24:35.401765 [debug] [Thread-4 (]: Began compiling node model.zero_to_one_chain.stg_purchase_orders
[0m02:24:35.402341 [debug] [Thread-5 (]: Began compiling node model.zero_to_one_chain.stg_sales_orders
[0m02:24:35.402847 [debug] [Thread-6 (]: Began compiling node model.zero_to_one_chain.stg_shipments
[0m02:24:35.412036 [debug] [Thread-2 (]: Writing injected SQL for node "model.zero_to_one_chain.dim_supplier"
[0m02:24:35.416374 [debug] [Thread-3 (]: Writing injected SQL for node "model.zero_to_one_chain.stg_inventory"
[0m02:24:35.420892 [debug] [Thread-4 (]: Writing injected SQL for node "model.zero_to_one_chain.stg_purchase_orders"
[0m02:24:35.426851 [debug] [Thread-5 (]: Writing injected SQL for node "model.zero_to_one_chain.stg_sales_orders"
[0m02:24:35.431118 [debug] [Thread-6 (]: Writing injected SQL for node "model.zero_to_one_chain.stg_shipments"
[0m02:24:35.432105 [debug] [Thread-2 (]: Began executing node model.zero_to_one_chain.dim_supplier
[0m02:24:35.432993 [debug] [Thread-3 (]: Began executing node model.zero_to_one_chain.stg_inventory
[0m02:24:35.433715 [debug] [Thread-4 (]: Began executing node model.zero_to_one_chain.stg_purchase_orders
[0m02:24:35.434522 [debug] [Thread-5 (]: Began executing node model.zero_to_one_chain.stg_sales_orders
[0m02:24:35.461803 [debug] [Thread-6 (]: Began executing node model.zero_to_one_chain.stg_shipments
[0m02:24:35.467538 [debug] [Thread-2 (]: Writing runtime sql for node "model.zero_to_one_chain.dim_supplier"
[0m02:24:35.503540 [debug] [Thread-3 (]: Writing runtime sql for node "model.zero_to_one_chain.stg_inventory"
[0m02:24:35.517433 [debug] [Thread-4 (]: Writing runtime sql for node "model.zero_to_one_chain.stg_purchase_orders"
[0m02:24:35.521225 [debug] [Thread-5 (]: Writing runtime sql for node "model.zero_to_one_chain.stg_sales_orders"
[0m02:24:35.525186 [debug] [Thread-6 (]: Writing runtime sql for node "model.zero_to_one_chain.stg_shipments"
[0m02:24:35.528138 [debug] [Thread-2 (]: Using snowflake connection "model.zero_to_one_chain.dim_supplier"
[0m02:24:35.530461 [debug] [Thread-3 (]: Using snowflake connection "model.zero_to_one_chain.stg_inventory"
[0m02:24:35.533595 [debug] [Thread-4 (]: Using snowflake connection "model.zero_to_one_chain.stg_purchase_orders"
[0m02:24:35.536493 [debug] [Thread-5 (]: Using snowflake connection "model.zero_to_one_chain.stg_sales_orders"
[0m02:24:35.537183 [debug] [Thread-2 (]: On model.zero_to_one_chain.dim_supplier: /* {"app": "dbt", "dbt_version": "1.9.4", "profile_name": "zero_to_one_chain", "target_name": "prod", "node_id": "model.zero_to_one_chain.dim_supplier"} */
create or replace transient table ZERO_TO_ONE_CHAIN_PROD.PUBLIC_L5_CORE.dim_supplier
         as
        (-- Conformed supplier dimension: golden record from ERP + SRM entity resolution


WITH erp AS (
    SELECT * FROM ZERO_TO_ONE_CHAIN_PROD.L1_INGESTION.RAW_ERP_VENDORS
),
srm AS (
    SELECT * FROM ZERO_TO_ONE_CHAIN_PROD.L1_INGESTION.RAW_SRM_SUPPLIERS
),
crosswalk AS (
    SELECT
        e.vendor_code AS supplier_id,
        e.vendor_name AS supplier_name,
        e.vendor_region AS region,
        e.country_code AS country,
        e.vendor_tier AS tier,
        e.vendor_status AS erp_status,
        e.primary_category,
        e.certifications,
        e.onboarding_date,
        e.annual_spend_usd_mm,
        e.avg_lead_time_days AS lead_time_days,
        e.historical_otd_pct AS otd_pct,
        e.defect_rate_ppm AS defect_ppm,
        e.financial_risk_score,
        e.geopolitical_risk_score,
        e.payment_terms,
        e.company_size,
        e.employee_count,
        e.dual_source_available,
        e.last_audit_date,
        e.last_audit_result,
        s.quality_score,
        s.delivery_reliability_pct,
        s.responsiveness_score,
        s.innovation_score,
        s.sustainability_score,
        s.cost_competitiveness_idx,
        s.esg_compliance_status,
        s.carbon_intensity_score,
        s.concentration_risk,
        ROUND(
            COALESCE(e.financial_risk_score, 3) * 0.3 +
            COALESCE(e.geopolitical_risk_score, 3) * 0.2 +
            (10 - COALESCE(s.quality_score, 70) / 10) * 0.25 +
            (10 - COALESCE(s.delivery_reliability_pct, 70) / 10) * 0.25
        , 2) AS blended_risk_score,
        CASE
            WHEN e.vendor_code = s.erp_vendor_ref THEN 'EXACT_KEY'
            ELSE 'FUZZY'
        END AS match_method
    FROM erp e
    LEFT JOIN srm s ON e.vendor_code = s.erp_vendor_ref
)
SELECT * FROM crosswalk
        );
[0m02:24:35.539507 [debug] [Thread-6 (]: Using snowflake connection "model.zero_to_one_chain.stg_shipments"
[0m02:24:35.540075 [debug] [Thread-3 (]: On model.zero_to_one_chain.stg_inventory: /* {"app": "dbt", "dbt_version": "1.9.4", "profile_name": "zero_to_one_chain", "target_name": "prod", "node_id": "model.zero_to_one_chain.stg_inventory"} */
create or replace   view ZERO_TO_ONE_CHAIN_PROD.PUBLIC_L2_STAGE.stg_inventory
  
   as (
    -- Staged inventory snapshots


SELECT
    snapshot_date::DATE AS snapshot_date,
    UPPER(TRIM(plant_code)) AS plant_code,
    UPPER(TRIM(material_number)) AS material_number,
    UPPER(TRIM(storage_location)) AS storage_location,
    GREATEST(on_hand_qty, 0) AS on_hand_qty,
    GREATEST(allocated_qty, 0) AS allocated_qty,
    GREATEST(on_hand_qty - allocated_qty, 0) AS available_qty,
    GREATEST(in_transit_qty, 0) AS in_transit_qty,
    GREATEST(on_order_qty, 0) AS on_order_qty,
    GREATEST(quarantine_qty, 0) AS quarantine_qty,
    unit_cost_usd,
    ROUND(GREATEST(on_hand_qty, 0) * unit_cost_usd, 2) AS inventory_value_usd,
    reorder_point,
    safety_stock_qty,
    CASE
        WHEN on_hand_qty <= 0 THEN 'STOCKOUT'
        WHEN on_hand_qty <= reorder_point THEN 'BELOW_ROP'
        WHEN on_hand_qty <= safety_stock_qty THEN 'BELOW_SAFETY'
        ELSE 'ADEQUATE'
    END AS stock_status,
    days_on_hand,
    UPPER(TRIM(abc_classification)) AS abc_class,
    turnover_ratio,
    obsolescence_risk_pct,
    carrying_cost_usd_daily,
    _loaded_at,
    _source_system
FROM ZERO_TO_ONE_CHAIN_PROD.L1_INGESTION.RAW_ERP_INVENTORY_SNAPSHOTS
  );
[0m02:24:35.540782 [debug] [Thread-4 (]: On model.zero_to_one_chain.stg_purchase_orders: /* {"app": "dbt", "dbt_version": "1.9.4", "profile_name": "zero_to_one_chain", "target_name": "prod", "node_id": "model.zero_to_one_chain.stg_purchase_orders"} */
create or replace   view ZERO_TO_ONE_CHAIN_PROD.PUBLIC_L2_STAGE.stg_purchase_orders
  
   as (
    -- Staged purchase orders: typed, normalized, standardized OTD logic


SELECT
    po_number,
    po_header_id,
    line_number,
    po_date::DATE AS po_date,
    UPPER(TRIM(po_type)) AS po_type,
    UPPER(TRIM(po_status)) AS po_status,
    UPPER(TRIM(vendor_code)) AS supplier_id,
    UPPER(TRIM(receiving_plant)) AS plant_code,
    UPPER(TRIM(material_number)) AS material_number,
    UPPER(TRIM(material_group)) AS material_group,
    GREATEST(ordered_qty, 0) AS ordered_qty,
    GREATEST(received_qty, 0) AS received_qty,
    GREATEST(rejected_qty, 0) AS rejected_qty,
    UPPER(TRIM(uom)) AS uom,
    unit_price AS unit_price_local,
    UPPER(TRIM(price_currency)) AS price_currency,
    fx_rate_to_usd,
    ROUND(unit_price / NULLIF(fx_rate_to_usd, 0), 4) AS unit_price_usd,
    ROUND(ordered_qty * unit_price / NULLIF(fx_rate_to_usd, 0), 2) AS extended_price_usd,
    discount_pct,
    freight_cost_usd,
    duty_cost_usd,
    handling_cost_usd,
    ROUND(
        ordered_qty * unit_price / NULLIF(fx_rate_to_usd, 0)
        + COALESCE(freight_cost_usd, 0)
        + COALESCE(duty_cost_usd, 0)
        + COALESCE(handling_cost_usd, 0), 2
    ) AS landed_cost_usd,
    requested_delivery_date::DATE AS requested_delivery_date,
    confirmed_delivery_date::DATE AS confirmed_delivery_date,
    actual_delivery_date::DATE AS actual_delivery_date,
    DATEDIFF(DAY, confirmed_delivery_date, actual_delivery_date) AS delivery_variance_days,
    CASE WHEN actual_delivery_date IS NOT NULL AND actual_delivery_date <= confirmed_delivery_date THEN TRUE ELSE FALSE END AS is_on_time,
    CASE WHEN actual_delivery_date IS NOT NULL AND received_qty >= ordered_qty THEN TRUE ELSE FALSE END AS is_in_full,
    CASE WHEN actual_delivery_date IS NOT NULL AND actual_delivery_date <= confirmed_delivery_date AND received_qty >= ordered_qty THEN TRUE ELSE FALSE END AS is_otif,
    UPPER(TRIM(priority)) AS priority,
    UPPER(TRIM(order_source)) AS order_source,
    cost_center,
    project_code,
    _loaded_at,
    _source_system
FROM ZERO_TO_ONE_CHAIN_PROD.L1_INGESTION.RAW_ERP_PURCHASE_ORDERS
  );
[0m02:24:35.541480 [debug] [Thread-5 (]: On model.zero_to_one_chain.stg_sales_orders: /* {"app": "dbt", "dbt_version": "1.9.4", "profile_name": "zero_to_one_chain", "target_name": "prod", "node_id": "model.zero_to_one_chain.stg_sales_orders"} */
create or replace   view ZERO_TO_ONE_CHAIN_PROD.PUBLIC_L2_STAGE.stg_sales_orders
  
   as (
    -- Staged sales orders: standardized OTD/OTIF/fill rate definitions


SELECT
    order_number,
    order_header_id,
    line_item,
    order_date::DATE AS order_date,
    UPPER(TRIM(order_type)) AS order_type,
    UPPER(TRIM(order_status)) AS order_status,
    UPPER(TRIM(customer_id)) AS customer_id,
    UPPER(TRIM(shipping_plant)) AS plant_code,
    UPPER(TRIM(material_number)) AS material_number,
    GREATEST(ordered_qty, 0) AS ordered_qty,
    GREATEST(shipped_qty, 0) AS shipped_qty,
    GREATEST(delivered_qty, 0) AS delivered_qty,
    UPPER(TRIM(uom)) AS uom,
    unit_price_usd,
    ROUND(ordered_qty * unit_price_usd, 2) AS line_value_usd,
    discount_pct,
    ROUND(ordered_qty * unit_price_usd * (1 - COALESCE(discount_pct, 0) / 100), 2) AS net_value_usd,
    requested_delivery_date::DATE AS requested_delivery_date,
    committed_delivery_date::DATE AS committed_delivery_date,
    actual_delivery_date::DATE AS actual_delivery_date,
    DATEDIFF(DAY, committed_delivery_date, actual_delivery_date) AS delivery_variance_days,
    CASE WHEN actual_delivery_date IS NOT NULL AND actual_delivery_date <= committed_delivery_date THEN TRUE ELSE FALSE END AS is_on_time,
    CASE WHEN delivered_qty >= ordered_qty THEN TRUE ELSE FALSE END AS is_in_full,
    CASE WHEN actual_delivery_date IS NOT NULL AND actual_delivery_date <= committed_delivery_date AND delivered_qty >= ordered_qty THEN TRUE ELSE FALSE END AS is_otif,
    DIV0(delivered_qty, ordered_qty) * 100 AS fill_rate_pct,
    UPPER(TRIM(ship_to_region)) AS ship_to_region,
    UPPER(TRIM(ship_to_country)) AS ship_to_country,
    UPPER(TRIM(shipping_method)) AS shipping_method,
    shipment_ref,
    freight_charge_usd,
    UPPER(TRIM(service_level)) AS service_level,
    UPPER(TRIM(priority)) AS priority,
    UPPER(TRIM(channel)) AS channel,
    _loaded_at,
    _source_system
FROM ZERO_TO_ONE_CHAIN_PROD.L1_INGESTION.RAW_ERP_SALES_ORDERS
  );
[0m02:24:35.542036 [debug] [Thread-2 (]: Opening a new connection, currently in state init
[0m02:24:35.542690 [debug] [Thread-6 (]: On model.zero_to_one_chain.stg_shipments: /* {"app": "dbt", "dbt_version": "1.9.4", "profile_name": "zero_to_one_chain", "target_name": "prod", "node_id": "model.zero_to_one_chain.stg_shipments"} */
create or replace   view ZERO_TO_ONE_CHAIN_PROD.PUBLIC_L2_STAGE.stg_shipments
  
   as (
    -- Staged shipments from TMS


SELECT
    shipment_id,
    bill_of_lading,
    ship_date::DATE AS ship_date,
    estimated_arrival::DATE AS estimated_arrival,
    actual_arrival::DATE AS actual_arrival,
    UPPER(TRIM(shipment_status)) AS shipment_status,
    UPPER(TRIM(transport_mode)) AS transport_mode,
    UPPER(TRIM(carrier_name)) AS carrier_name,
    UPPER(TRIM(carrier_code)) AS carrier_code,
    UPPER(TRIM(origin_plant)) AS origin_plant,
    UPPER(TRIM(destination_plant)) AS destination_plant,
    UPPER(TRIM(origin_region)) AS origin_region,
    UPPER(TRIM(destination_region)) AS destination_region,
    GREATEST(gross_weight_kg, 0) AS gross_weight_kg,
    GREATEST(volume_cbm, 0) AS volume_cbm,
    GREATEST(package_count, 0) AS package_count,
    freight_cost_usd,
    insurance_cost_usd,
    customs_duty_usd,
    handling_charges_usd,
    ROUND(COALESCE(freight_cost_usd,0) + COALESCE(insurance_cost_usd,0) + COALESCE(customs_duty_usd,0) + COALESCE(handling_charges_usd,0), 2) AS total_logistics_cost_usd,
    UPPER(TRIM(incoterm)) AS incoterm,
    transit_exceptions_count,
    co2_emissions_kg,
    CASE WHEN actual_arrival IS NOT NULL AND actual_arrival <= estimated_arrival THEN TRUE ELSE FALSE END AS is_on_time,
    CASE WHEN actual_arrival IS NOT NULL THEN DATEDIFF(DAY, estimated_arrival, actual_arrival) ELSE NULL END AS delay_days,
    reference_po,
    _loaded_at,
    _source_system
FROM ZERO_TO_ONE_CHAIN_PROD.L1_INGESTION.RAW_TMS_SHIPMENTS
  );
[0m02:24:35.543209 [debug] [Thread-3 (]: Opening a new connection, currently in state init
[0m02:24:35.543710 [debug] [Thread-4 (]: Opening a new connection, currently in state init
[0m02:24:35.544192 [debug] [Thread-5 (]: Opening a new connection, currently in state init
[0m02:24:35.544817 [debug] [Thread-6 (]: Opening a new connection, currently in state init
[0m02:24:36.095068 [debug] [Thread-3 (]: SQL status: SUCCESS 1 in 0.552 seconds
[0m02:24:36.095834 [debug] [Thread-6 (]: SQL status: SUCCESS 1 in 0.551 seconds
[0m02:24:36.112924 [debug] [Thread-5 (]: SQL status: SUCCESS 1 in 0.569 seconds
[0m02:24:36.119371 [debug] [Thread-4 (]: SQL status: SUCCESS 1 in 0.576 seconds
[0m02:24:36.126726 [info ] [Thread-3 (]: 2 of 7 OK created sql view model PUBLIC_L2_STAGE.stg_inventory ................. [[32mSUCCESS 1[0m in 0.72s]
[0m02:24:36.127443 [info ] [Thread-6 (]: 5 of 7 OK created sql view model PUBLIC_L2_STAGE.stg_shipments ................. [[32mSUCCESS 1[0m in 0.72s]
[0m02:24:36.128145 [info ] [Thread-5 (]: 4 of 7 OK created sql view model PUBLIC_L2_STAGE.stg_sales_orders .............. [[32mSUCCESS 1[0m in 0.72s]
[0m02:24:36.128847 [info ] [Thread-4 (]: 3 of 7 OK created sql view model PUBLIC_L2_STAGE.stg_purchase_orders ........... [[32mSUCCESS 1[0m in 0.73s]
[0m02:24:36.129600 [debug] [Thread-3 (]: Finished running node model.zero_to_one_chain.stg_inventory
[0m02:24:36.130312 [debug] [Thread-6 (]: Finished running node model.zero_to_one_chain.stg_shipments
[0m02:24:36.130959 [debug] [Thread-5 (]: Finished running node model.zero_to_one_chain.stg_sales_orders
[0m02:24:36.131558 [debug] [Thread-4 (]: Finished running node model.zero_to_one_chain.stg_purchase_orders
[0m02:24:36.132799 [debug] [Thread-8 (]: Began running node model.zero_to_one_chain.fact_orders
[0m02:24:36.133703 [debug] [Thread-7 (]: Began running node model.zero_to_one_chain.fact_purchase_orders
[0m02:24:36.134448 [info ] [Thread-8 (]: 6 of 7 START sql table model PUBLIC_L5_CORE.fact_orders ........................ [RUN]
[0m02:24:36.135129 [info ] [Thread-7 (]: 7 of 7 START sql table model PUBLIC_L5_CORE.fact_purchase_orders ............... [RUN]
[0m02:24:36.135855 [debug] [Thread-8 (]: Acquiring new snowflake connection 'model.zero_to_one_chain.fact_orders'
[0m02:24:36.136538 [debug] [Thread-7 (]: Acquiring new snowflake connection 'model.zero_to_one_chain.fact_purchase_orders'
[0m02:24:36.137040 [debug] [Thread-8 (]: Began compiling node model.zero_to_one_chain.fact_orders
[0m02:24:36.137562 [debug] [Thread-7 (]: Began compiling node model.zero_to_one_chain.fact_purchase_orders
[0m02:24:36.142089 [debug] [Thread-8 (]: Writing injected SQL for node "model.zero_to_one_chain.fact_orders"
[0m02:24:36.148034 [debug] [Thread-7 (]: Writing injected SQL for node "model.zero_to_one_chain.fact_purchase_orders"
[0m02:24:36.149038 [debug] [Thread-8 (]: Began executing node model.zero_to_one_chain.fact_orders
[0m02:24:36.149644 [debug] [Thread-7 (]: Began executing node model.zero_to_one_chain.fact_purchase_orders
[0m02:24:36.153283 [debug] [Thread-8 (]: Writing runtime sql for node "model.zero_to_one_chain.fact_orders"
[0m02:24:36.157030 [debug] [Thread-7 (]: Writing runtime sql for node "model.zero_to_one_chain.fact_purchase_orders"
[0m02:24:36.158840 [debug] [Thread-8 (]: Using snowflake connection "model.zero_to_one_chain.fact_orders"
[0m02:24:36.159625 [debug] [Thread-8 (]: On model.zero_to_one_chain.fact_orders: /* {"app": "dbt", "dbt_version": "1.9.4", "profile_name": "zero_to_one_chain", "target_name": "prod", "node_id": "model.zero_to_one_chain.fact_orders"} */
create or replace transient table ZERO_TO_ONE_CHAIN_PROD.PUBLIC_L5_CORE.fact_orders
         as
        (-- Conformed fact: sales orders with standardized OTD/OTIF


SELECT
    order_number,
    order_header_id,
    line_item,
    order_date,
    order_type,
    order_status,
    customer_id,
    plant_code,
    material_number,
    ordered_qty,
    shipped_qty,
    delivered_qty,
    uom,
    unit_price_usd,
    line_value_usd,
    discount_pct,
    net_value_usd,
    requested_delivery_date,
    committed_delivery_date,
    actual_delivery_date,
    delivery_variance_days,
    is_on_time,
    is_in_full,
    is_otif,
    fill_rate_pct,
    ship_to_region,
    ship_to_country,
    shipping_method,
    shipment_ref,
    freight_charge_usd,
    service_level,
    priority,
    channel
FROM ZERO_TO_ONE_CHAIN_PROD.PUBLIC_L2_STAGE.stg_sales_orders
        );
[0m02:24:36.161067 [debug] [Thread-7 (]: Using snowflake connection "model.zero_to_one_chain.fact_purchase_orders"
[0m02:24:36.161576 [debug] [Thread-8 (]: Opening a new connection, currently in state init
[0m02:24:36.162216 [debug] [Thread-7 (]: On model.zero_to_one_chain.fact_purchase_orders: /* {"app": "dbt", "dbt_version": "1.9.4", "profile_name": "zero_to_one_chain", "target_name": "prod", "node_id": "model.zero_to_one_chain.fact_purchase_orders"} */
create or replace transient table ZERO_TO_ONE_CHAIN_PROD.PUBLIC_L5_CORE.fact_purchase_orders
         as
        (-- Conformed fact: purchase orders with landed cost


SELECT
    po_number,
    po_header_id,
    line_number,
    po_date,
    po_type,
    po_status,
    supplier_id,
    plant_code,
    material_number,
    material_group,
    ordered_qty,
    received_qty,
    rejected_qty,
    uom,
    unit_price_usd,
    extended_price_usd,
    discount_pct,
    freight_cost_usd,
    duty_cost_usd,
    handling_cost_usd,
    landed_cost_usd,
    requested_delivery_date,
    confirmed_delivery_date,
    actual_delivery_date,
    delivery_variance_days,
    is_on_time,
    is_in_full,
    is_otif,
    priority,
    order_source,
    cost_center,
    project_code
FROM ZERO_TO_ONE_CHAIN_PROD.PUBLIC_L2_STAGE.stg_purchase_orders
        );
[0m02:24:36.162953 [debug] [Thread-7 (]: Opening a new connection, currently in state init
[0m02:24:36.838023 [debug] [Thread-2 (]: SQL status: SUCCESS 1 in 1.296 seconds
[0m02:24:36.840894 [info ] [Thread-2 (]: 1 of 7 OK created sql table model PUBLIC_L5_CORE.dim_supplier .................. [[32mSUCCESS 1[0m in 1.44s]
[0m02:24:36.841649 [debug] [Thread-2 (]: Finished running node model.zero_to_one_chain.dim_supplier
[0m02:24:37.868310 [debug] [Thread-8 (]: SQL status: SUCCESS 1 in 1.707 seconds
[0m02:24:37.871476 [info ] [Thread-8 (]: 6 of 7 OK created sql table model PUBLIC_L5_CORE.fact_orders ................... [[32mSUCCESS 1[0m in 1.74s]
[0m02:24:37.872190 [debug] [Thread-8 (]: Finished running node model.zero_to_one_chain.fact_orders
[0m02:24:37.917812 [debug] [Thread-7 (]: SQL status: SUCCESS 1 in 1.755 seconds
[0m02:24:37.920493 [info ] [Thread-7 (]: 7 of 7 OK created sql table model PUBLIC_L5_CORE.fact_purchase_orders .......... [[32mSUCCESS 1[0m in 1.78s]
[0m02:24:37.921220 [debug] [Thread-7 (]: Finished running node model.zero_to_one_chain.fact_purchase_orders
[0m02:24:37.925333 [debug] [Dummy-1   ]: Connection 'master' was properly closed.
[0m02:24:37.926152 [debug] [Dummy-1   ]: Connection 'model.zero_to_one_chain.stg_purchase_orders' was properly closed.
[0m02:24:37.926650 [debug] [Dummy-1   ]: Connection 'model.zero_to_one_chain.stg_inventory' was properly closed.
[0m02:24:37.927063 [debug] [Dummy-1   ]: Connection 'model.zero_to_one_chain.dim_supplier' was properly closed.
[0m02:24:37.927456 [debug] [Dummy-1   ]: Connection 'model.zero_to_one_chain.stg_sales_orders' was properly closed.
[0m02:24:37.927851 [debug] [Dummy-1   ]: Connection 'model.zero_to_one_chain.stg_shipments' was properly closed.
[0m02:24:37.928242 [debug] [Dummy-1   ]: Connection 'model.zero_to_one_chain.fact_orders' was properly closed.
[0m02:24:37.928666 [debug] [Dummy-1   ]: Connection 'model.zero_to_one_chain.fact_purchase_orders' was properly closed.
[0m02:24:37.929226 [info ] [Dummy-1   ]: 
[0m02:24:37.929731 [info ] [Dummy-1   ]: Finished running 3 table models, 4 view models in 0 hours 0 minutes and 3.84 seconds (3.84s).
[0m02:24:37.931201 [debug] [Dummy-1   ]: Command end result
[0m02:24:37.959132 [debug] [Dummy-1   ]: Wrote artifact WritableManifest to /tmp/dbt/target/manifest.json
[0m02:24:37.961027 [debug] [Dummy-1   ]: Wrote artifact SemanticManifest to /tmp/dbt/target/semantic_manifest.json
[0m02:24:37.967045 [debug] [Dummy-1   ]: Wrote artifact RunExecutionResult to /tmp/dbt/target/run_results.json
[0m02:24:37.967501 [info ] [Dummy-1   ]: 
[0m02:24:37.968067 [info ] [Dummy-1   ]: [32mCompleted successfully[0m
[0m02:24:37.968556 [info ] [Dummy-1   ]: 
[0m02:24:37.969018 [info ] [Dummy-1   ]: Done. PASS=7 WARN=0 ERROR=0 SKIP=0 TOTAL=7
[0m02:24:37.970648 [debug] [Dummy-1   ]: Resource report: {"command_name": "run", "command_success": true, "command_wall_clock_time": 6.7244306, "process_in_blocks": "0", "process_kernel_time": 0.95, "process_mem_max_rss": "531068", "process_out_blocks": "0", "process_user_time": 5.81}
[0m02:24:37.971254 [debug] [Dummy-1   ]: Command `cli run` succeeded at 02:24:37.970996 after 6.73 seconds
[0m02:24:37.971754 [debug] [Dummy-1   ]: Flushing usage events


============================== 02:24:56.588953 | d48f154f-8dcc-433a-b083-e444e92f708d ==============================
[0m02:24:56.588953 [info ] [Dummy-1   ]: Running with dbt=1.9.4
[0m02:24:56.589777 [debug] [Dummy-1   ]: running dbt with arguments {'printer_width': '80', 'indirect_selection': 'eager', 'write_json': 'True', 'log_cache_events': 'False', 'partial_parse': 'True', 'cache_selected_only': 'False', 'warn_error': 'None', 'version_check': 'True', 'fail_fast': 'False', 'log_path': '/tmp/dbt/logs', 'profiles_dir': '/tmp/dbt_effective_profiles_kl45swoc', 'debug': 'False', 'use_colors': 'True', 'use_experimental_parser': 'False', 'empty': 'None', 'quiet': 'False', 'no_print': 'None', 'log_format': 'default', 'invocation_command': 'dbt ', 'warn_error_options': 'WarnErrorOptions(include=[], exclude=[])', 'introspect': 'True', 'target_path': 'None', 'static_parser': 'True', 'send_anonymous_usage_stats': 'False'}
[0m02:24:56.776081 [info ] [Dummy-1   ]: State adapter: dbt-state v0.0.0 is disabled
[0m02:24:56.863621 [info ] [Dummy-1   ]: Registered adapter: snowflake=1.9.2
[0m02:24:57.402203 [debug] [Dummy-1   ]: checksum: ba04dd6e7049717c661b44e3dc7028e865b97d6de4ebf564f4974302f0686bd0, vars: {}, profile: , target: uat, version: 1.9.4
[0m02:24:57.559495 [info ] [Dummy-1   ]: Unable to do partial parsing because config vars, config profile, or config target have changed
[0m02:24:57.560081 [debug] [Dummy-1   ]: previous checksum: ba04dd6e7049717c661b44e3dc7028e865b97d6de4ebf564f4974302f0686bd0, current checksum: 6d8301ed5f8f0471e249cbcc8805b42bc5f78a9b258cb4e5c4b012c6ace116b4
[0m02:24:57.560536 [info ] [Dummy-1   ]: Unable to do partial parsing because profile has changed
[0m02:24:59.192753 [warn ] [Dummy-1   ]: [[33mWARNING[0m]: Configuration paths exist in your dbt_project.yml file which do not apply to any resources.
There are 1 unused configuration paths:
- models.zero_to_one_chain.metrics
[0m02:24:59.303524 [debug] [Dummy-1   ]: Wrote artifact WritableManifest to /tmp/dbt/target/manifest.json
[0m02:24:59.305398 [debug] [Dummy-1   ]: Wrote artifact SemanticManifest to /tmp/dbt/target/semantic_manifest.json
[0m02:24:59.359332 [info ] [Dummy-1   ]: Found 7 models, 22 data tests, 11 sources, 474 macros
[0m02:24:59.362422 [info ] [Dummy-1   ]: 
[0m02:24:59.362956 [info ] [Dummy-1   ]: Concurrency: 8 threads (target='uat')
[0m02:24:59.363382 [info ] [Dummy-1   ]: 
[0m02:24:59.364042 [debug] [Dummy-1   ]: Acquiring new snowflake connection 'master'
[0m02:24:59.370357 [debug] [ThreadPool]: Acquiring new snowflake connection 'list_ZERO_TO_ONE_CHAIN_UAT_PUBLIC_L2_STAGE'
[0m02:24:59.372053 [debug] [ThreadPool]: Acquiring new snowflake connection 'list_ZERO_TO_ONE_CHAIN_UAT_PUBLIC_L5_CORE'
[0m02:24:59.462820 [debug] [ThreadPool]: Using snowflake connection "list_ZERO_TO_ONE_CHAIN_UAT_PUBLIC_L2_STAGE"
[0m02:24:59.463473 [debug] [ThreadPool]: Using snowflake connection "list_ZERO_TO_ONE_CHAIN_UAT_PUBLIC_L5_CORE"
[0m02:24:59.463991 [debug] [ThreadPool]: On list_ZERO_TO_ONE_CHAIN_UAT_PUBLIC_L2_STAGE: /* {"app": "dbt", "dbt_version": "1.9.4", "profile_name": "zero_to_one_chain", "target_name": "uat", "connection_name": "list_ZERO_TO_ONE_CHAIN_UAT_PUBLIC_L2_STAGE"} */
alter session set quoted_identifiers_ignore_case = false;
[0m02:24:59.464506 [debug] [ThreadPool]: On list_ZERO_TO_ONE_CHAIN_UAT_PUBLIC_L5_CORE: /* {"app": "dbt", "dbt_version": "1.9.4", "profile_name": "zero_to_one_chain", "target_name": "uat", "connection_name": "list_ZERO_TO_ONE_CHAIN_UAT_PUBLIC_L5_CORE"} */
alter session set quoted_identifiers_ignore_case = false;
[0m02:24:59.465000 [debug] [ThreadPool]: Opening a new connection, currently in state init
[0m02:24:59.465460 [debug] [ThreadPool]: Opening a new connection, currently in state init
[0m02:24:59.783184 [debug] [ThreadPool]: SQL status: SUCCESS 1 in 0.318 seconds
[0m02:24:59.787622 [debug] [ThreadPool]: Using snowflake connection "list_ZERO_TO_ONE_CHAIN_UAT_PUBLIC_L2_STAGE"
[0m02:24:59.788135 [debug] [ThreadPool]: On list_ZERO_TO_ONE_CHAIN_UAT_PUBLIC_L2_STAGE: /* {"app": "dbt", "dbt_version": "1.9.4", "profile_name": "zero_to_one_chain", "target_name": "uat", "connection_name": "list_ZERO_TO_ONE_CHAIN_UAT_PUBLIC_L2_STAGE"} */
show objects in ZERO_TO_ONE_CHAIN_UAT.PUBLIC_L2_STAGE
    limit 10000
    
;
[0m02:24:59.794565 [debug] [ThreadPool]: SQL status: SUCCESS 1 in 0.329 seconds
[0m02:24:59.796308 [debug] [ThreadPool]: Using snowflake connection "list_ZERO_TO_ONE_CHAIN_UAT_PUBLIC_L5_CORE"
[0m02:24:59.796808 [debug] [ThreadPool]: On list_ZERO_TO_ONE_CHAIN_UAT_PUBLIC_L5_CORE: /* {"app": "dbt", "dbt_version": "1.9.4", "profile_name": "zero_to_one_chain", "target_name": "uat", "connection_name": "list_ZERO_TO_ONE_CHAIN_UAT_PUBLIC_L5_CORE"} */
show objects in ZERO_TO_ONE_CHAIN_UAT.PUBLIC_L5_CORE
    limit 10000
    
;
[0m02:24:59.870591 [debug] [ThreadPool]: SQL status: SUCCESS 4 in 0.082 seconds
[0m02:24:59.872727 [debug] [ThreadPool]: Using snowflake connection "list_ZERO_TO_ONE_CHAIN_UAT_PUBLIC_L2_STAGE"
[0m02:24:59.873176 [debug] [ThreadPool]: On list_ZERO_TO_ONE_CHAIN_UAT_PUBLIC_L2_STAGE: /* {"app": "dbt", "dbt_version": "1.9.4", "profile_name": "zero_to_one_chain", "target_name": "uat", "connection_name": "list_ZERO_TO_ONE_CHAIN_UAT_PUBLIC_L2_STAGE"} */
alter session unset quoted_identifiers_ignore_case;
[0m02:24:59.886020 [debug] [ThreadPool]: SQL status: SUCCESS 3 in 0.089 seconds
[0m02:24:59.887902 [debug] [ThreadPool]: Using snowflake connection "list_ZERO_TO_ONE_CHAIN_UAT_PUBLIC_L5_CORE"
[0m02:24:59.888375 [debug] [ThreadPool]: On list_ZERO_TO_ONE_CHAIN_UAT_PUBLIC_L5_CORE: /* {"app": "dbt", "dbt_version": "1.9.4", "profile_name": "zero_to_one_chain", "target_name": "uat", "connection_name": "list_ZERO_TO_ONE_CHAIN_UAT_PUBLIC_L5_CORE"} */
alter session unset quoted_identifiers_ignore_case;
[0m02:24:59.928414 [debug] [ThreadPool]: SQL status: SUCCESS 1 in 0.055 seconds
[0m02:24:59.946659 [debug] [ThreadPool]: SQL status: SUCCESS 1 in 0.058 seconds
[0m02:24:59.963813 [debug] [Thread-2 (]: Began running node test.zero_to_one_chain.assert_no_negative_quantities
[0m02:24:59.964410 [debug] [Thread-3 (]: Began running node test.zero_to_one_chain.assert_otd_valid_range
[0m02:24:59.964967 [debug] [Thread-4 (]: Began running node test.zero_to_one_chain.assert_referential_integrity_supplier
[0m02:24:59.965624 [debug] [Thread-5 (]: Began running node test.zero_to_one_chain.not_null_dim_supplier_blended_risk_score.17b51bd051
[0m02:24:59.966205 [debug] [Thread-6 (]: Began running node test.zero_to_one_chain.not_null_dim_supplier_supplier_id.725f2b9f7b
[0m02:24:59.966776 [debug] [Thread-7 (]: Began running node test.zero_to_one_chain.not_null_fact_orders_is_on_time.37c0ce34f9
[0m02:24:59.967253 [info ] [Thread-2 (]: 1 of 22 START test assert_no_negative_quantities ............................... [RUN]
[0m02:24:59.967799 [debug] [Thread-8 (]: Began running node test.zero_to_one_chain.not_null_fact_orders_is_otif.fde79c6dd9
[0m02:24:59.968322 [debug] [Thread-9 (]: Began running node test.zero_to_one_chain.not_null_fact_orders_net_value_usd.6d0944dfb9
[0m02:24:59.968828 [info ] [Thread-3 (]: 2 of 22 START test assert_otd_valid_range ...................................... [RUN]
[0m02:24:59.969333 [info ] [Thread-4 (]: 3 of 22 START test assert_referential_integrity_supplier ....................... [RUN]
[0m02:24:59.969839 [info ] [Thread-5 (]: 4 of 22 START test not_null_dim_supplier_blended_risk_score .................... [RUN]
[0m02:24:59.970459 [info ] [Thread-6 (]: 5 of 22 START test not_null_dim_supplier_supplier_id ........................... [RUN]
[0m02:24:59.970986 [info ] [Thread-7 (]: 6 of 22 START test not_null_fact_orders_is_on_time ............................. [RUN]
[0m02:24:59.971583 [debug] [Thread-2 (]: Re-using an available connection from the pool (formerly list_ZERO_TO_ONE_CHAIN_UAT_PUBLIC_L2_STAGE, now test.zero_to_one_chain.assert_no_negative_quantities)
[0m02:24:59.972076 [info ] [Thread-8 (]: 7 of 22 START test not_null_fact_orders_is_otif ................................ [RUN]
[0m02:24:59.972591 [info ] [Thread-9 (]: 8 of 22 START test not_null_fact_orders_net_value_usd .......................... [RUN]
[0m02:24:59.973145 [debug] [Thread-3 (]: Re-using an available connection from the pool (formerly list_ZERO_TO_ONE_CHAIN_UAT_PUBLIC_L5_CORE, now test.zero_to_one_chain.assert_otd_valid_range)
[0m02:24:59.973756 [debug] [Thread-4 (]: Acquiring new snowflake connection 'test.zero_to_one_chain.assert_referential_integrity_supplier'
[0m02:24:59.974463 [debug] [Thread-5 (]: Acquiring new snowflake connection 'test.zero_to_one_chain.not_null_dim_supplier_blended_risk_score.17b51bd051'
[0m02:24:59.975068 [debug] [Thread-6 (]: Acquiring new snowflake connection 'test.zero_to_one_chain.not_null_dim_supplier_supplier_id.725f2b9f7b'
[0m02:24:59.975647 [debug] [Thread-7 (]: Acquiring new snowflake connection 'test.zero_to_one_chain.not_null_fact_orders_is_on_time.37c0ce34f9'
[0m02:24:59.976143 [debug] [Thread-2 (]: Began compiling node test.zero_to_one_chain.assert_no_negative_quantities
[0m02:24:59.976738 [debug] [Thread-8 (]: Acquiring new snowflake connection 'test.zero_to_one_chain.not_null_fact_orders_is_otif.fde79c6dd9'
[0m02:24:59.977325 [debug] [Thread-9 (]: Acquiring new snowflake connection 'test.zero_to_one_chain.not_null_fact_orders_net_value_usd.6d0944dfb9'
[0m02:24:59.977816 [debug] [Thread-3 (]: Began compiling node test.zero_to_one_chain.assert_otd_valid_range
[0m02:24:59.978351 [debug] [Thread-4 (]: Began compiling node test.zero_to_one_chain.assert_referential_integrity_supplier
[0m02:24:59.978815 [debug] [Thread-5 (]: Began compiling node test.zero_to_one_chain.not_null_dim_supplier_blended_risk_score.17b51bd051
[0m02:24:59.979312 [debug] [Thread-6 (]: Began compiling node test.zero_to_one_chain.not_null_dim_supplier_supplier_id.725f2b9f7b
[0m02:24:59.979799 [debug] [Thread-7 (]: Began compiling node test.zero_to_one_chain.not_null_fact_orders_is_on_time.37c0ce34f9
[0m02:24:59.988784 [debug] [Thread-2 (]: Writing injected SQL for node "test.zero_to_one_chain.assert_no_negative_quantities"
[0m02:24:59.989306 [debug] [Thread-8 (]: Began compiling node test.zero_to_one_chain.not_null_fact_orders_is_otif.fde79c6dd9
[0m02:24:59.989785 [debug] [Thread-9 (]: Began compiling node test.zero_to_one_chain.not_null_fact_orders_net_value_usd.6d0944dfb9
[0m02:24:59.993619 [debug] [Thread-3 (]: Writing injected SQL for node "test.zero_to_one_chain.assert_otd_valid_range"
[0m02:24:59.997771 [debug] [Thread-4 (]: Writing injected SQL for node "test.zero_to_one_chain.assert_referential_integrity_supplier"
[0m02:25:00.010857 [debug] [Thread-5 (]: Writing injected SQL for node "test.zero_to_one_chain.not_null_dim_supplier_blended_risk_score.17b51bd051"
[0m02:25:00.016198 [debug] [Thread-6 (]: Writing injected SQL for node "test.zero_to_one_chain.not_null_dim_supplier_supplier_id.725f2b9f7b"
[0m02:25:00.022660 [debug] [Thread-7 (]: Writing injected SQL for node "test.zero_to_one_chain.not_null_fact_orders_is_on_time.37c0ce34f9"
[0m02:25:00.027982 [debug] [Thread-8 (]: Writing injected SQL for node "test.zero_to_one_chain.not_null_fact_orders_is_otif.fde79c6dd9"
[0m02:25:00.028678 [debug] [Thread-2 (]: Began executing node test.zero_to_one_chain.assert_no_negative_quantities
[0m02:25:00.033843 [debug] [Thread-9 (]: Writing injected SQL for node "test.zero_to_one_chain.not_null_fact_orders_net_value_usd.6d0944dfb9"
[0m02:25:00.034847 [debug] [Thread-3 (]: Began executing node test.zero_to_one_chain.assert_otd_valid_range
[0m02:25:00.035661 [debug] [Thread-4 (]: Began executing node test.zero_to_one_chain.assert_referential_integrity_supplier
[0m02:25:00.036593 [debug] [Thread-5 (]: Began executing node test.zero_to_one_chain.not_null_dim_supplier_blended_risk_score.17b51bd051
[0m02:25:00.037422 [debug] [Thread-6 (]: Began executing node test.zero_to_one_chain.not_null_dim_supplier_supplier_id.725f2b9f7b
[0m02:25:00.038188 [debug] [Thread-7 (]: Began executing node test.zero_to_one_chain.not_null_fact_orders_is_on_time.37c0ce34f9
[0m02:25:00.055672 [debug] [Thread-8 (]: Began executing node test.zero_to_one_chain.not_null_fact_orders_is_otif.fde79c6dd9
[0m02:25:00.059475 [debug] [Thread-2 (]: Writing runtime sql for node "test.zero_to_one_chain.assert_no_negative_quantities"
[0m02:25:00.063306 [debug] [Thread-3 (]: Writing runtime sql for node "test.zero_to_one_chain.assert_otd_valid_range"
[0m02:25:00.063843 [debug] [Thread-9 (]: Began executing node test.zero_to_one_chain.not_null_fact_orders_net_value_usd.6d0944dfb9
[0m02:25:00.068496 [debug] [Thread-4 (]: Writing runtime sql for node "test.zero_to_one_chain.assert_referential_integrity_supplier"
[0m02:25:00.071907 [debug] [Thread-5 (]: Writing runtime sql for node "test.zero_to_one_chain.not_null_dim_supplier_blended_risk_score.17b51bd051"
[0m02:25:00.075448 [debug] [Thread-6 (]: Writing runtime sql for node "test.zero_to_one_chain.not_null_dim_supplier_supplier_id.725f2b9f7b"
[0m02:25:00.079107 [debug] [Thread-7 (]: Writing runtime sql for node "test.zero_to_one_chain.not_null_fact_orders_is_on_time.37c0ce34f9"
[0m02:25:00.082554 [debug] [Thread-8 (]: Writing runtime sql for node "test.zero_to_one_chain.not_null_fact_orders_is_otif.fde79c6dd9"
[0m02:25:00.083938 [debug] [Thread-2 (]: Using snowflake connection "test.zero_to_one_chain.assert_no_negative_quantities"
[0m02:25:00.088368 [debug] [Thread-9 (]: Writing runtime sql for node "test.zero_to_one_chain.not_null_fact_orders_net_value_usd.6d0944dfb9"
[0m02:25:00.089373 [debug] [Thread-3 (]: Using snowflake connection "test.zero_to_one_chain.assert_otd_valid_range"
[0m02:25:00.090820 [debug] [Thread-4 (]: Using snowflake connection "test.zero_to_one_chain.assert_referential_integrity_supplier"
[0m02:25:00.092011 [debug] [Thread-5 (]: Using snowflake connection "test.zero_to_one_chain.not_null_dim_supplier_blended_risk_score.17b51bd051"
[0m02:25:00.093152 [debug] [Thread-6 (]: Using snowflake connection "test.zero_to_one_chain.not_null_dim_supplier_supplier_id.725f2b9f7b"
[0m02:25:00.094400 [debug] [Thread-7 (]: Using snowflake connection "test.zero_to_one_chain.not_null_fact_orders_is_on_time.37c0ce34f9"
[0m02:25:00.095093 [debug] [Thread-2 (]: On test.zero_to_one_chain.assert_no_negative_quantities: /* {"app": "dbt", "dbt_version": "1.9.4", "profile_name": "zero_to_one_chain", "target_name": "uat", "node_id": "test.zero_to_one_chain.assert_no_negative_quantities"} */
select
      count(*) as failures,
      count(*) != 0 as should_warn,
      count(*) != 0 as should_error
    from (
      -- Test: no negative quantities should exist in staged purchase orders
SELECT po_number, ordered_qty
FROM ZERO_TO_ONE_CHAIN_UAT.PUBLIC_L2_STAGE.stg_purchase_orders
WHERE ordered_qty < 0
      
    ) dbt_internal_test
[0m02:25:00.095980 [debug] [Thread-8 (]: Using snowflake connection "test.zero_to_one_chain.not_null_fact_orders_is_otif.fde79c6dd9"
[0m02:25:00.096709 [debug] [Thread-3 (]: On test.zero_to_one_chain.assert_otd_valid_range: /* {"app": "dbt", "dbt_version": "1.9.4", "profile_name": "zero_to_one_chain", "target_name": "uat", "node_id": "test.zero_to_one_chain.assert_otd_valid_range"} */
select
      count(*) as failures,
      count(*) != 0 as should_warn,
      count(*) != 0 as should_error
    from (
      -- Test: OTD % should be between 0 and 100 for all completed orders
SELECT order_number,
       CASE WHEN is_on_time THEN 1 ELSE 0 END AS otd_val
FROM ZERO_TO_ONE_CHAIN_UAT.PUBLIC_L5_CORE.fact_orders
WHERE CASE WHEN is_on_time THEN 1 ELSE 0 END NOT BETWEEN 0 AND 1
      
    ) dbt_internal_test
[0m02:25:00.097603 [debug] [Thread-9 (]: Using snowflake connection "test.zero_to_one_chain.not_null_fact_orders_net_value_usd.6d0944dfb9"
[0m02:25:00.098182 [debug] [Thread-4 (]: On test.zero_to_one_chain.assert_referential_integrity_supplier: /* {"app": "dbt", "dbt_version": "1.9.4", "profile_name": "zero_to_one_chain", "target_name": "uat", "node_id": "test.zero_to_one_chain.assert_referential_integrity_supplier"} */
select
      count(*) as failures,
      count(*) != 0 as should_warn,
      count(*) != 0 as should_error
    from (
      -- Test: every supplier in fact_purchase_orders should exist in dim_supplier
SELECT DISTINCT fpo.supplier_id
FROM ZERO_TO_ONE_CHAIN_UAT.PUBLIC_L5_CORE.fact_purchase_orders fpo
LEFT JOIN ZERO_TO_ONE_CHAIN_UAT.PUBLIC_L5_CORE.dim_supplier ds ON ds.supplier_id = fpo.supplier_id
WHERE ds.supplier_id IS NULL AND fpo.supplier_id IS NOT NULL
      
    ) dbt_internal_test
[0m02:25:00.098726 [debug] [Thread-5 (]: On test.zero_to_one_chain.not_null_dim_supplier_blended_risk_score.17b51bd051: /* {"app": "dbt", "dbt_version": "1.9.4", "profile_name": "zero_to_one_chain", "target_name": "uat", "node_id": "test.zero_to_one_chain.not_null_dim_supplier_blended_risk_score.17b51bd051"} */
select
      count(*) as failures,
      count(*) != 0 as should_warn,
      count(*) != 0 as should_error
    from (
      
    
    



select blended_risk_score
from ZERO_TO_ONE_CHAIN_UAT.PUBLIC_L5_CORE.dim_supplier
where blended_risk_score is null



      
    ) dbt_internal_test
[0m02:25:00.099297 [debug] [Thread-6 (]: On test.zero_to_one_chain.not_null_dim_supplier_supplier_id.725f2b9f7b: /* {"app": "dbt", "dbt_version": "1.9.4", "profile_name": "zero_to_one_chain", "target_name": "uat", "node_id": "test.zero_to_one_chain.not_null_dim_supplier_supplier_id.725f2b9f7b"} */
select
      count(*) as failures,
      count(*) != 0 as should_warn,
      count(*) != 0 as should_error
    from (
      
    
    



select supplier_id
from ZERO_TO_ONE_CHAIN_UAT.PUBLIC_L5_CORE.dim_supplier
where supplier_id is null



      
    ) dbt_internal_test
[0m02:25:00.099823 [debug] [Thread-7 (]: On test.zero_to_one_chain.not_null_fact_orders_is_on_time.37c0ce34f9: /* {"app": "dbt", "dbt_version": "1.9.4", "profile_name": "zero_to_one_chain", "target_name": "uat", "node_id": "test.zero_to_one_chain.not_null_fact_orders_is_on_time.37c0ce34f9"} */
select
      count(*) as failures,
      count(*) != 0 as should_warn,
      count(*) != 0 as should_error
    from (
      
    
    



select is_on_time
from ZERO_TO_ONE_CHAIN_UAT.PUBLIC_L5_CORE.fact_orders
where is_on_time is null



      
    ) dbt_internal_test
[0m02:25:00.100362 [debug] [Thread-2 (]: Opening a new connection, currently in state init
[0m02:25:00.100912 [debug] [Thread-8 (]: On test.zero_to_one_chain.not_null_fact_orders_is_otif.fde79c6dd9: /* {"app": "dbt", "dbt_version": "1.9.4", "profile_name": "zero_to_one_chain", "target_name": "uat", "node_id": "test.zero_to_one_chain.not_null_fact_orders_is_otif.fde79c6dd9"} */
select
      count(*) as failures,
      count(*) != 0 as should_warn,
      count(*) != 0 as should_error
    from (
      
    
    



select is_otif
from ZERO_TO_ONE_CHAIN_UAT.PUBLIC_L5_CORE.fact_orders
where is_otif is null



      
    ) dbt_internal_test
[0m02:25:00.101401 [debug] [Thread-3 (]: Opening a new connection, currently in state init
[0m02:25:00.101882 [debug] [Thread-9 (]: On test.zero_to_one_chain.not_null_fact_orders_net_value_usd.6d0944dfb9: /* {"app": "dbt", "dbt_version": "1.9.4", "profile_name": "zero_to_one_chain", "target_name": "uat", "node_id": "test.zero_to_one_chain.not_null_fact_orders_net_value_usd.6d0944dfb9"} */
select
      count(*) as failures,
      count(*) != 0 as should_warn,
      count(*) != 0 as should_error
    from (
      
    
    



select net_value_usd
from ZERO_TO_ONE_CHAIN_UAT.PUBLIC_L5_CORE.fact_orders
where net_value_usd is null



      
    ) dbt_internal_test
[0m02:25:00.102409 [debug] [Thread-4 (]: Opening a new connection, currently in state init
[0m02:25:00.102858 [debug] [Thread-5 (]: Opening a new connection, currently in state init
[0m02:25:00.103294 [debug] [Thread-6 (]: Opening a new connection, currently in state init
[0m02:25:00.103746 [debug] [Thread-7 (]: Opening a new connection, currently in state init
[0m02:25:00.104345 [debug] [Thread-8 (]: Opening a new connection, currently in state init
[0m02:25:00.105024 [debug] [Thread-9 (]: Opening a new connection, currently in state init
[0m02:25:00.572165 [debug] [Thread-7 (]: SQL status: SUCCESS 1 in 0.468 seconds
[0m02:25:00.581203 [info ] [Thread-7 (]: 6 of 22 PASS not_null_fact_orders_is_on_time ................................... [[32mPASS[0m in 0.61s]
[0m02:25:00.582012 [debug] [Thread-8 (]: SQL status: SUCCESS 1 in 0.478 seconds
[0m02:25:00.582733 [debug] [Thread-9 (]: SQL status: SUCCESS 1 in 0.478 seconds
[0m02:25:00.583426 [debug] [Thread-7 (]: Finished running node test.zero_to_one_chain.not_null_fact_orders_is_on_time.37c0ce34f9
[0m02:25:00.585439 [info ] [Thread-8 (]: 7 of 22 PASS not_null_fact_orders_is_otif ...................................... [[32mPASS[0m in 0.61s]
[0m02:25:00.587460 [info ] [Thread-9 (]: 8 of 22 PASS not_null_fact_orders_net_value_usd ................................ [[32mPASS[0m in 0.61s]
[0m02:25:00.588123 [debug] [Thread-7 (]: Began running node test.zero_to_one_chain.not_null_fact_orders_order_number.0a96e65a85
[0m02:25:00.588923 [debug] [Thread-8 (]: Finished running node test.zero_to_one_chain.not_null_fact_orders_is_otif.fde79c6dd9
[0m02:25:00.589571 [debug] [Thread-9 (]: Finished running node test.zero_to_one_chain.not_null_fact_orders_net_value_usd.6d0944dfb9
[0m02:25:00.590090 [info ] [Thread-7 (]: 9 of 22 START test not_null_fact_orders_order_number ........................... [RUN]
[0m02:25:00.590759 [debug] [Thread-8 (]: Began running node test.zero_to_one_chain.not_null_fact_purchase_orders_landed_cost_usd.49b7b40f29
[0m02:25:00.591351 [debug] [Thread-9 (]: Began running node test.zero_to_one_chain.not_null_fact_purchase_orders_po_number.7571b8f5cc
[0m02:25:00.591963 [debug] [Thread-7 (]: Re-using an available connection from the pool (formerly test.zero_to_one_chain.not_null_fact_orders_is_on_time.37c0ce34f9, now test.zero_to_one_chain.not_null_fact_orders_order_number.0a96e65a85)
[0m02:25:00.592482 [info ] [Thread-8 (]: 10 of 22 START test not_null_fact_purchase_orders_landed_cost_usd .............. [RUN]
[0m02:25:00.593024 [info ] [Thread-9 (]: 11 of 22 START test not_null_fact_purchase_orders_po_number .................... [RUN]
[0m02:25:00.593566 [debug] [Thread-7 (]: Began compiling node test.zero_to_one_chain.not_null_fact_orders_order_number.0a96e65a85
[0m02:25:00.594422 [debug] [Thread-3 (]: SQL status: SUCCESS 1 in 0.493 seconds
[0m02:25:00.595041 [debug] [Thread-8 (]: Re-using an available connection from the pool (formerly test.zero_to_one_chain.not_null_fact_orders_is_otif.fde79c6dd9, now test.zero_to_one_chain.not_null_fact_purchase_orders_landed_cost_usd.49b7b40f29)
[0m02:25:00.595647 [debug] [Thread-9 (]: Re-using an available connection from the pool (formerly test.zero_to_one_chain.not_null_fact_orders_net_value_usd.6d0944dfb9, now test.zero_to_one_chain.not_null_fact_purchase_orders_po_number.7571b8f5cc)
[0m02:25:00.601292 [debug] [Thread-7 (]: Writing injected SQL for node "test.zero_to_one_chain.not_null_fact_orders_order_number.0a96e65a85"
[0m02:25:00.603286 [info ] [Thread-3 (]: 2 of 22 PASS assert_otd_valid_range ............................................ [[32mPASS[0m in 0.63s]
[0m02:25:00.603909 [debug] [Thread-8 (]: Began compiling node test.zero_to_one_chain.not_null_fact_purchase_orders_landed_cost_usd.49b7b40f29
[0m02:25:00.604474 [debug] [Thread-9 (]: Began compiling node test.zero_to_one_chain.not_null_fact_purchase_orders_po_number.7571b8f5cc
[0m02:25:00.605478 [debug] [Thread-3 (]: Finished running node test.zero_to_one_chain.assert_otd_valid_range
[0m02:25:00.605993 [debug] [Thread-7 (]: Began executing node test.zero_to_one_chain.not_null_fact_orders_order_number.0a96e65a85
[0m02:25:00.611096 [debug] [Thread-8 (]: Writing injected SQL for node "test.zero_to_one_chain.not_null_fact_purchase_orders_landed_cost_usd.49b7b40f29"
[0m02:25:00.617524 [debug] [Thread-9 (]: Writing injected SQL for node "test.zero_to_one_chain.not_null_fact_purchase_orders_po_number.7571b8f5cc"
[0m02:25:00.618232 [debug] [Thread-3 (]: Began running node test.zero_to_one_chain.not_null_stg_inventory_material_number.96e453ef23
[0m02:25:00.621966 [debug] [Thread-7 (]: Writing runtime sql for node "test.zero_to_one_chain.not_null_fact_orders_order_number.0a96e65a85"
[0m02:25:00.623150 [debug] [Thread-8 (]: Began executing node test.zero_to_one_chain.not_null_fact_purchase_orders_landed_cost_usd.49b7b40f29
[0m02:25:00.623835 [info ] [Thread-3 (]: 12 of 22 START test not_null_stg_inventory_material_number ..................... [RUN]
[0m02:25:00.624407 [debug] [Thread-9 (]: Began executing node test.zero_to_one_chain.not_null_fact_purchase_orders_po_number.7571b8f5cc
[0m02:25:00.625187 [debug] [Thread-6 (]: SQL status: SUCCESS 1 in 0.522 seconds
[0m02:25:00.629067 [debug] [Thread-8 (]: Writing runtime sql for node "test.zero_to_one_chain.not_null_fact_purchase_orders_landed_cost_usd.49b7b40f29"
[0m02:25:00.629984 [debug] [Thread-7 (]: Using snowflake connection "test.zero_to_one_chain.not_null_fact_orders_order_number.0a96e65a85"
[0m02:25:00.630636 [debug] [Thread-3 (]: Re-using an available connection from the pool (formerly test.zero_to_one_chain.assert_otd_valid_range, now test.zero_to_one_chain.not_null_stg_inventory_material_number.96e453ef23)
[0m02:25:00.634245 [debug] [Thread-9 (]: Writing runtime sql for node "test.zero_to_one_chain.not_null_fact_purchase_orders_po_number.7571b8f5cc"
[0m02:25:00.636281 [info ] [Thread-6 (]: 5 of 22 PASS not_null_dim_supplier_supplier_id ................................. [[32mPASS[0m in 0.66s]
[0m02:25:00.637094 [debug] [Thread-7 (]: On test.zero_to_one_chain.not_null_fact_orders_order_number.0a96e65a85: /* {"app": "dbt", "dbt_version": "1.9.4", "profile_name": "zero_to_one_chain", "target_name": "uat", "node_id": "test.zero_to_one_chain.not_null_fact_orders_order_number.0a96e65a85"} */
select
      count(*) as failures,
      count(*) != 0 as should_warn,
      count(*) != 0 as should_error
    from (
      
    
    



select order_number
from ZERO_TO_ONE_CHAIN_UAT.PUBLIC_L5_CORE.fact_orders
where order_number is null



      
    ) dbt_internal_test
[0m02:25:00.638021 [debug] [Thread-8 (]: Using snowflake connection "test.zero_to_one_chain.not_null_fact_purchase_orders_landed_cost_usd.49b7b40f29"
[0m02:25:00.638610 [debug] [Thread-3 (]: Began compiling node test.zero_to_one_chain.not_null_stg_inventory_material_number.96e453ef23
[0m02:25:00.639613 [debug] [Thread-5 (]: SQL status: SUCCESS 1 in 0.537 seconds
[0m02:25:00.640329 [debug] [Thread-6 (]: Finished running node test.zero_to_one_chain.not_null_dim_supplier_supplier_id.725f2b9f7b
[0m02:25:00.641215 [debug] [Thread-9 (]: Using snowflake connection "test.zero_to_one_chain.not_null_fact_purchase_orders_po_number.7571b8f5cc"
[0m02:25:00.641690 [debug] [Thread-7 (]: Opening a new connection, currently in state init
[0m02:25:00.642271 [debug] [Thread-8 (]: On test.zero_to_one_chain.not_null_fact_purchase_orders_landed_cost_usd.49b7b40f29: /* {"app": "dbt", "dbt_version": "1.9.4", "profile_name": "zero_to_one_chain", "target_name": "uat", "node_id": "test.zero_to_one_chain.not_null_fact_purchase_orders_landed_cost_usd.49b7b40f29"} */
select
      count(*) as failures,
      count(*) != 0 as should_warn,
      count(*) != 0 as should_error
    from (
      
    
    



select landed_cost_usd
from ZERO_TO_ONE_CHAIN_UAT.PUBLIC_L5_CORE.fact_purchase_orders
where landed_cost_usd is null



      
    ) dbt_internal_test
[0m02:25:00.648719 [debug] [Thread-3 (]: Writing injected SQL for node "test.zero_to_one_chain.not_null_stg_inventory_material_number.96e453ef23"
[0m02:25:00.650726 [info ] [Thread-5 (]: 4 of 22 PASS not_null_dim_supplier_blended_risk_score .......................... [[32mPASS[0m in 0.68s]
[0m02:25:00.651411 [debug] [Thread-6 (]: Began running node test.zero_to_one_chain.not_null_stg_inventory_plant_code.2a0d383d2b
[0m02:25:00.652046 [debug] [Thread-9 (]: On test.zero_to_one_chain.not_null_fact_purchase_orders_po_number.7571b8f5cc: /* {"app": "dbt", "dbt_version": "1.9.4", "profile_name": "zero_to_one_chain", "target_name": "uat", "node_id": "test.zero_to_one_chain.not_null_fact_purchase_orders_po_number.7571b8f5cc"} */
select
      count(*) as failures,
      count(*) != 0 as should_warn,
      count(*) != 0 as should_error
    from (
      
    
    



select po_number
from ZERO_TO_ONE_CHAIN_UAT.PUBLIC_L5_CORE.fact_purchase_orders
where po_number is null



      
    ) dbt_internal_test
[0m02:25:00.652746 [debug] [Thread-8 (]: Opening a new connection, currently in state init
[0m02:25:00.653708 [debug] [Thread-5 (]: Finished running node test.zero_to_one_chain.not_null_dim_supplier_blended_risk_score.17b51bd051
[0m02:25:00.654306 [debug] [Thread-3 (]: Began executing node test.zero_to_one_chain.not_null_stg_inventory_material_number.96e453ef23
[0m02:25:00.654839 [info ] [Thread-6 (]: 13 of 22 START test not_null_stg_inventory_plant_code .......................... [RUN]
[0m02:25:00.655545 [debug] [Thread-2 (]: SQL status: SUCCESS 1 in 0.555 seconds
[0m02:25:00.656067 [debug] [Thread-9 (]: Opening a new connection, currently in state init
[0m02:25:00.656781 [debug] [Thread-5 (]: Began running node test.zero_to_one_chain.not_null_stg_purchase_orders_ordered_qty.cbabec5c40
[0m02:25:00.660492 [debug] [Thread-3 (]: Writing runtime sql for node "test.zero_to_one_chain.not_null_stg_inventory_material_number.96e453ef23"
[0m02:25:00.661110 [debug] [Thread-6 (]: Re-using an available connection from the pool (formerly test.zero_to_one_chain.not_null_dim_supplier_supplier_id.725f2b9f7b, now test.zero_to_one_chain.not_null_stg_inventory_plant_code.2a0d383d2b)
[0m02:25:00.663050 [info ] [Thread-2 (]: 1 of 22 PASS assert_no_negative_quantities ..................................... [[32mPASS[0m in 0.69s]
[0m02:25:00.663803 [info ] [Thread-5 (]: 14 of 22 START test not_null_stg_purchase_orders_ordered_qty ................... [RUN]
[0m02:25:00.664699 [debug] [Thread-6 (]: Began compiling node test.zero_to_one_chain.not_null_stg_inventory_plant_code.2a0d383d2b
[0m02:25:00.665574 [debug] [Thread-3 (]: Using snowflake connection "test.zero_to_one_chain.not_null_stg_inventory_material_number.96e453ef23"
[0m02:25:00.666325 [debug] [Thread-2 (]: Finished running node test.zero_to_one_chain.assert_no_negative_quantities
[0m02:25:00.666902 [debug] [Thread-5 (]: Re-using an available connection from the pool (formerly test.zero_to_one_chain.not_null_dim_supplier_blended_risk_score.17b51bd051, now test.zero_to_one_chain.not_null_stg_purchase_orders_ordered_qty.cbabec5c40)
[0m02:25:00.672143 [debug] [Thread-6 (]: Writing injected SQL for node "test.zero_to_one_chain.not_null_stg_inventory_plant_code.2a0d383d2b"
[0m02:25:00.672847 [debug] [Thread-3 (]: On test.zero_to_one_chain.not_null_stg_inventory_material_number.96e453ef23: /* {"app": "dbt", "dbt_version": "1.9.4", "profile_name": "zero_to_one_chain", "target_name": "uat", "node_id": "test.zero_to_one_chain.not_null_stg_inventory_material_number.96e453ef23"} */
select
      count(*) as failures,
      count(*) != 0 as should_warn,
      count(*) != 0 as should_error
    from (
      
    
    



select material_number
from ZERO_TO_ONE_CHAIN_UAT.PUBLIC_L2_STAGE.stg_inventory
where material_number is null



      
    ) dbt_internal_test
[0m02:25:00.673463 [debug] [Thread-2 (]: Began running node test.zero_to_one_chain.not_null_stg_purchase_orders_po_number.6cfffa2ad5
[0m02:25:00.674079 [debug] [Thread-5 (]: Began compiling node test.zero_to_one_chain.not_null_stg_purchase_orders_ordered_qty.cbabec5c40
[0m02:25:00.674972 [debug] [Thread-3 (]: Opening a new connection, currently in state init
[0m02:25:00.675523 [debug] [Thread-6 (]: Began executing node test.zero_to_one_chain.not_null_stg_inventory_plant_code.2a0d383d2b
[0m02:25:00.676060 [info ] [Thread-2 (]: 15 of 22 START test not_null_stg_purchase_orders_po_number ..................... [RUN]
[0m02:25:00.681644 [debug] [Thread-5 (]: Writing injected SQL for node "test.zero_to_one_chain.not_null_stg_purchase_orders_ordered_qty.cbabec5c40"
[0m02:25:00.685887 [debug] [Thread-6 (]: Writing runtime sql for node "test.zero_to_one_chain.not_null_stg_inventory_plant_code.2a0d383d2b"
[0m02:25:00.687018 [debug] [Thread-2 (]: Re-using an available connection from the pool (formerly test.zero_to_one_chain.assert_no_negative_quantities, now test.zero_to_one_chain.not_null_stg_purchase_orders_po_number.6cfffa2ad5)
[0m02:25:00.688366 [debug] [Thread-5 (]: Began executing node test.zero_to_one_chain.not_null_stg_purchase_orders_ordered_qty.cbabec5c40
[0m02:25:00.689443 [debug] [Thread-2 (]: Began compiling node test.zero_to_one_chain.not_null_stg_purchase_orders_po_number.6cfffa2ad5
[0m02:25:00.690541 [debug] [Thread-6 (]: Using snowflake connection "test.zero_to_one_chain.not_null_stg_inventory_plant_code.2a0d383d2b"
[0m02:25:00.695094 [debug] [Thread-5 (]: Writing runtime sql for node "test.zero_to_one_chain.not_null_stg_purchase_orders_ordered_qty.cbabec5c40"
[0m02:25:00.700094 [debug] [Thread-2 (]: Writing injected SQL for node "test.zero_to_one_chain.not_null_stg_purchase_orders_po_number.6cfffa2ad5"
[0m02:25:00.700667 [debug] [Thread-6 (]: On test.zero_to_one_chain.not_null_stg_inventory_plant_code.2a0d383d2b: /* {"app": "dbt", "dbt_version": "1.9.4", "profile_name": "zero_to_one_chain", "target_name": "uat", "node_id": "test.zero_to_one_chain.not_null_stg_inventory_plant_code.2a0d383d2b"} */
select
      count(*) as failures,
      count(*) != 0 as should_warn,
      count(*) != 0 as should_error
    from (
      
    
    



select plant_code
from ZERO_TO_ONE_CHAIN_UAT.PUBLIC_L2_STAGE.stg_inventory
where plant_code is null



      
    ) dbt_internal_test
[0m02:25:00.702097 [debug] [Thread-5 (]: Using snowflake connection "test.zero_to_one_chain.not_null_stg_purchase_orders_ordered_qty.cbabec5c40"
[0m02:25:00.702796 [debug] [Thread-6 (]: Opening a new connection, currently in state init
[0m02:25:00.703402 [debug] [Thread-2 (]: Began executing node test.zero_to_one_chain.not_null_stg_purchase_orders_po_number.6cfffa2ad5
[0m02:25:00.704115 [debug] [Thread-5 (]: On test.zero_to_one_chain.not_null_stg_purchase_orders_ordered_qty.cbabec5c40: /* {"app": "dbt", "dbt_version": "1.9.4", "profile_name": "zero_to_one_chain", "target_name": "uat", "node_id": "test.zero_to_one_chain.not_null_stg_purchase_orders_ordered_qty.cbabec5c40"} */
select
      count(*) as failures,
      count(*) != 0 as should_warn,
      count(*) != 0 as should_error
    from (
      
    
    



select ordered_qty
from ZERO_TO_ONE_CHAIN_UAT.PUBLIC_L2_STAGE.stg_purchase_orders
where ordered_qty is null



      
    ) dbt_internal_test
[0m02:25:00.708042 [debug] [Thread-2 (]: Writing runtime sql for node "test.zero_to_one_chain.not_null_stg_purchase_orders_po_number.6cfffa2ad5"
[0m02:25:00.708603 [debug] [Thread-5 (]: Opening a new connection, currently in state init
[0m02:25:00.709847 [debug] [Thread-2 (]: Using snowflake connection "test.zero_to_one_chain.not_null_stg_purchase_orders_po_number.6cfffa2ad5"
[0m02:25:00.710463 [debug] [Thread-2 (]: On test.zero_to_one_chain.not_null_stg_purchase_orders_po_number.6cfffa2ad5: /* {"app": "dbt", "dbt_version": "1.9.4", "profile_name": "zero_to_one_chain", "target_name": "uat", "node_id": "test.zero_to_one_chain.not_null_stg_purchase_orders_po_number.6cfffa2ad5"} */
select
      count(*) as failures,
      count(*) != 0 as should_warn,
      count(*) != 0 as should_error
    from (
      
    
    



select po_number
from ZERO_TO_ONE_CHAIN_UAT.PUBLIC_L2_STAGE.stg_purchase_orders
where po_number is null



      
    ) dbt_internal_test
[0m02:25:00.710934 [debug] [Thread-2 (]: Opening a new connection, currently in state init
[0m02:25:00.973551 [debug] [Thread-4 (]: SQL status: SUCCESS 1 in 0.871 seconds
[0m02:25:00.975969 [info ] [Thread-4 (]: 3 of 22 PASS assert_referential_integrity_supplier ............................. [[32mPASS[0m in 1.00s]
[0m02:25:00.976706 [debug] [Thread-4 (]: Finished running node test.zero_to_one_chain.assert_referential_integrity_supplier
[0m02:25:00.977290 [debug] [Thread-4 (]: Began running node test.zero_to_one_chain.not_null_stg_purchase_orders_supplier_id.3842a0bc2e
[0m02:25:00.977885 [info ] [Thread-4 (]: 16 of 22 START test not_null_stg_purchase_orders_supplier_id ................... [RUN]
[0m02:25:00.978564 [debug] [Thread-4 (]: Re-using an available connection from the pool (formerly test.zero_to_one_chain.assert_referential_integrity_supplier, now test.zero_to_one_chain.not_null_stg_purchase_orders_supplier_id.3842a0bc2e)
[0m02:25:00.979053 [debug] [Thread-4 (]: Began compiling node test.zero_to_one_chain.not_null_stg_purchase_orders_supplier_id.3842a0bc2e
[0m02:25:00.985150 [debug] [Thread-4 (]: Writing injected SQL for node "test.zero_to_one_chain.not_null_stg_purchase_orders_supplier_id.3842a0bc2e"
[0m02:25:00.987138 [debug] [Thread-4 (]: Began executing node test.zero_to_one_chain.not_null_stg_purchase_orders_supplier_id.3842a0bc2e
[0m02:25:00.991997 [debug] [Thread-4 (]: Writing runtime sql for node "test.zero_to_one_chain.not_null_stg_purchase_orders_supplier_id.3842a0bc2e"
[0m02:25:00.993031 [debug] [Thread-4 (]: Using snowflake connection "test.zero_to_one_chain.not_null_stg_purchase_orders_supplier_id.3842a0bc2e"
[0m02:25:00.993526 [debug] [Thread-4 (]: On test.zero_to_one_chain.not_null_stg_purchase_orders_supplier_id.3842a0bc2e: /* {"app": "dbt", "dbt_version": "1.9.4", "profile_name": "zero_to_one_chain", "target_name": "uat", "node_id": "test.zero_to_one_chain.not_null_stg_purchase_orders_supplier_id.3842a0bc2e"} */
select
      count(*) as failures,
      count(*) != 0 as should_warn,
      count(*) != 0 as should_error
    from (
      
    
    



select supplier_id
from ZERO_TO_ONE_CHAIN_UAT.PUBLIC_L2_STAGE.stg_purchase_orders
where supplier_id is null



      
    ) dbt_internal_test
[0m02:25:00.994016 [debug] [Thread-4 (]: Opening a new connection, currently in state init
[0m02:25:01.068434 [debug] [Thread-9 (]: SQL status: SUCCESS 1 in 0.412 seconds
[0m02:25:01.070617 [info ] [Thread-9 (]: 11 of 22 PASS not_null_fact_purchase_orders_po_number .......................... [[32mPASS[0m in 0.47s]
[0m02:25:01.071346 [debug] [Thread-9 (]: Finished running node test.zero_to_one_chain.not_null_fact_purchase_orders_po_number.7571b8f5cc
[0m02:25:01.071923 [debug] [Thread-9 (]: Began running node test.zero_to_one_chain.not_null_stg_sales_orders_customer_id.29e63e9d51
[0m02:25:01.072527 [info ] [Thread-9 (]: 17 of 22 START test not_null_stg_sales_orders_customer_id ...................... [RUN]
[0m02:25:01.074054 [debug] [Thread-9 (]: Re-using an available connection from the pool (formerly test.zero_to_one_chain.not_null_fact_purchase_orders_po_number.7571b8f5cc, now test.zero_to_one_chain.not_null_stg_sales_orders_customer_id.29e63e9d51)
[0m02:25:01.074856 [debug] [Thread-8 (]: SQL status: SUCCESS 1 in 0.422 seconds
[0m02:25:01.075410 [debug] [Thread-9 (]: Began compiling node test.zero_to_one_chain.not_null_stg_sales_orders_customer_id.29e63e9d51
[0m02:25:01.077551 [info ] [Thread-8 (]: 10 of 22 PASS not_null_fact_purchase_orders_landed_cost_usd .................... [[32mPASS[0m in 0.48s]
[0m02:25:01.083463 [debug] [Thread-9 (]: Writing injected SQL for node "test.zero_to_one_chain.not_null_stg_sales_orders_customer_id.29e63e9d51"
[0m02:25:01.084260 [debug] [Thread-8 (]: Finished running node test.zero_to_one_chain.not_null_fact_purchase_orders_landed_cost_usd.49b7b40f29
[0m02:25:01.085202 [debug] [Thread-8 (]: Began running node test.zero_to_one_chain.not_null_stg_sales_orders_order_number.1ba1c4bbd7
[0m02:25:01.085816 [debug] [Thread-9 (]: Began executing node test.zero_to_one_chain.not_null_stg_sales_orders_customer_id.29e63e9d51
[0m02:25:01.086942 [info ] [Thread-8 (]: 18 of 22 START test not_null_stg_sales_orders_order_number ..................... [RUN]
[0m02:25:01.091030 [debug] [Thread-9 (]: Writing runtime sql for node "test.zero_to_one_chain.not_null_stg_sales_orders_customer_id.29e63e9d51"
[0m02:25:01.091978 [debug] [Thread-7 (]: SQL status: SUCCESS 1 in 0.450 seconds
[0m02:25:01.092618 [debug] [Thread-8 (]: Re-using an available connection from the pool (formerly test.zero_to_one_chain.not_null_fact_purchase_orders_landed_cost_usd.49b7b40f29, now test.zero_to_one_chain.not_null_stg_sales_orders_order_number.1ba1c4bbd7)
[0m02:25:01.095059 [info ] [Thread-7 (]: 9 of 22 PASS not_null_fact_orders_order_number ................................. [[32mPASS[0m in 0.50s]
[0m02:25:01.099145 [debug] [Thread-9 (]: Using snowflake connection "test.zero_to_one_chain.not_null_stg_sales_orders_customer_id.29e63e9d51"
[0m02:25:01.099681 [debug] [Thread-8 (]: Began compiling node test.zero_to_one_chain.not_null_stg_sales_orders_order_number.1ba1c4bbd7
[0m02:25:01.100406 [debug] [Thread-7 (]: Finished running node test.zero_to_one_chain.not_null_fact_orders_order_number.0a96e65a85
[0m02:25:01.101007 [debug] [Thread-9 (]: On test.zero_to_one_chain.not_null_stg_sales_orders_customer_id.29e63e9d51: /* {"app": "dbt", "dbt_version": "1.9.4", "profile_name": "zero_to_one_chain", "target_name": "uat", "node_id": "test.zero_to_one_chain.not_null_stg_sales_orders_customer_id.29e63e9d51"} */
select
      count(*) as failures,
      count(*) != 0 as should_warn,
      count(*) != 0 as should_error
    from (
      
    
    



select customer_id
from ZERO_TO_ONE_CHAIN_UAT.PUBLIC_L2_STAGE.stg_sales_orders
where customer_id is null



      
    ) dbt_internal_test
[0m02:25:01.106615 [debug] [Thread-8 (]: Writing injected SQL for node "test.zero_to_one_chain.not_null_stg_sales_orders_order_number.1ba1c4bbd7"
[0m02:25:01.107246 [debug] [Thread-7 (]: Began running node test.zero_to_one_chain.not_null_stg_sales_orders_ordered_qty.b61e702a52
[0m02:25:01.107832 [debug] [Thread-9 (]: Opening a new connection, currently in state init
[0m02:25:01.108627 [info ] [Thread-7 (]: 19 of 22 START test not_null_stg_sales_orders_ordered_qty ...................... [RUN]
[0m02:25:01.109891 [debug] [Thread-8 (]: Began executing node test.zero_to_one_chain.not_null_stg_sales_orders_order_number.1ba1c4bbd7
[0m02:25:01.110908 [debug] [Thread-7 (]: Re-using an available connection from the pool (formerly test.zero_to_one_chain.not_null_fact_orders_order_number.0a96e65a85, now test.zero_to_one_chain.not_null_stg_sales_orders_ordered_qty.b61e702a52)
[0m02:25:01.116248 [debug] [Thread-8 (]: Writing runtime sql for node "test.zero_to_one_chain.not_null_stg_sales_orders_order_number.1ba1c4bbd7"
[0m02:25:01.116874 [debug] [Thread-7 (]: Began compiling node test.zero_to_one_chain.not_null_stg_sales_orders_ordered_qty.b61e702a52
[0m02:25:01.194343 [debug] [Thread-2 (]: SQL status: SUCCESS 1 in 0.483 seconds
[0m02:25:01.195081 [debug] [Thread-5 (]: SQL status: SUCCESS 1 in 0.486 seconds
[0m02:25:01.203537 [debug] [Thread-8 (]: Using snowflake connection "test.zero_to_one_chain.not_null_stg_sales_orders_order_number.1ba1c4bbd7"
[0m02:25:01.208026 [debug] [Thread-7 (]: Writing injected SQL for node "test.zero_to_one_chain.not_null_stg_sales_orders_ordered_qty.b61e702a52"
[0m02:25:01.210383 [info ] [Thread-2 (]: 15 of 22 PASS not_null_stg_purchase_orders_po_number ........................... [[32mPASS[0m in 0.52s]
[0m02:25:01.212695 [info ] [Thread-5 (]: 14 of 22 PASS not_null_stg_purchase_orders_ordered_qty ......................... [[32mPASS[0m in 0.55s]
[0m02:25:01.213427 [debug] [Thread-8 (]: On test.zero_to_one_chain.not_null_stg_sales_orders_order_number.1ba1c4bbd7: /* {"app": "dbt", "dbt_version": "1.9.4", "profile_name": "zero_to_one_chain", "target_name": "uat", "node_id": "test.zero_to_one_chain.not_null_stg_sales_orders_order_number.1ba1c4bbd7"} */
select
      count(*) as failures,
      count(*) != 0 as should_warn,
      count(*) != 0 as should_error
    from (
      
    
    



select order_number
from ZERO_TO_ONE_CHAIN_UAT.PUBLIC_L2_STAGE.stg_sales_orders
where order_number is null



      
    ) dbt_internal_test
[0m02:25:01.214425 [debug] [Thread-2 (]: Finished running node test.zero_to_one_chain.not_null_stg_purchase_orders_po_number.6cfffa2ad5
[0m02:25:01.215048 [debug] [Thread-7 (]: Began executing node test.zero_to_one_chain.not_null_stg_sales_orders_ordered_qty.b61e702a52
[0m02:25:01.215687 [debug] [Thread-5 (]: Finished running node test.zero_to_one_chain.not_null_stg_purchase_orders_ordered_qty.cbabec5c40
[0m02:25:01.216216 [debug] [Thread-8 (]: Opening a new connection, currently in state init
[0m02:25:01.216811 [debug] [Thread-2 (]: Began running node test.zero_to_one_chain.not_null_stg_shipments_shipment_id.13d2043380
[0m02:25:01.220467 [debug] [Thread-7 (]: Writing runtime sql for node "test.zero_to_one_chain.not_null_stg_sales_orders_ordered_qty.b61e702a52"
[0m02:25:01.221066 [debug] [Thread-5 (]: Began running node test.zero_to_one_chain.unique_dim_supplier_supplier_id.f38497a628
[0m02:25:01.221816 [info ] [Thread-2 (]: 20 of 22 START test not_null_stg_shipments_shipment_id ......................... [RUN]
[0m02:25:01.222651 [info ] [Thread-5 (]: 21 of 22 START test unique_dim_supplier_supplier_id ............................ [RUN]
[0m02:25:01.223806 [debug] [Thread-7 (]: Using snowflake connection "test.zero_to_one_chain.not_null_stg_sales_orders_ordered_qty.b61e702a52"
[0m02:25:01.224384 [debug] [Thread-2 (]: Re-using an available connection from the pool (formerly test.zero_to_one_chain.not_null_stg_purchase_orders_po_number.6cfffa2ad5, now test.zero_to_one_chain.not_null_stg_shipments_shipment_id.13d2043380)
[0m02:25:01.224941 [debug] [Thread-5 (]: Re-using an available connection from the pool (formerly test.zero_to_one_chain.not_null_stg_purchase_orders_ordered_qty.cbabec5c40, now test.zero_to_one_chain.unique_dim_supplier_supplier_id.f38497a628)
[0m02:25:01.225459 [debug] [Thread-7 (]: On test.zero_to_one_chain.not_null_stg_sales_orders_ordered_qty.b61e702a52: /* {"app": "dbt", "dbt_version": "1.9.4", "profile_name": "zero_to_one_chain", "target_name": "uat", "node_id": "test.zero_to_one_chain.not_null_stg_sales_orders_ordered_qty.b61e702a52"} */
select
      count(*) as failures,
      count(*) != 0 as should_warn,
      count(*) != 0 as should_error
    from (
      
    
    



select ordered_qty
from ZERO_TO_ONE_CHAIN_UAT.PUBLIC_L2_STAGE.stg_sales_orders
where ordered_qty is null



      
    ) dbt_internal_test
[0m02:25:01.225990 [debug] [Thread-2 (]: Began compiling node test.zero_to_one_chain.not_null_stg_shipments_shipment_id.13d2043380
[0m02:25:01.226577 [debug] [Thread-5 (]: Began compiling node test.zero_to_one_chain.unique_dim_supplier_supplier_id.f38497a628
[0m02:25:01.227066 [debug] [Thread-7 (]: Opening a new connection, currently in state init
[0m02:25:01.232420 [debug] [Thread-2 (]: Writing injected SQL for node "test.zero_to_one_chain.not_null_stg_shipments_shipment_id.13d2043380"
[0m02:25:01.239829 [debug] [Thread-5 (]: Writing injected SQL for node "test.zero_to_one_chain.unique_dim_supplier_supplier_id.f38497a628"
[0m02:25:01.240910 [debug] [Thread-2 (]: Began executing node test.zero_to_one_chain.not_null_stg_shipments_shipment_id.13d2043380
[0m02:25:01.241597 [debug] [Thread-5 (]: Began executing node test.zero_to_one_chain.unique_dim_supplier_supplier_id.f38497a628
[0m02:25:01.246702 [debug] [Thread-2 (]: Writing runtime sql for node "test.zero_to_one_chain.not_null_stg_shipments_shipment_id.13d2043380"
[0m02:25:01.250175 [debug] [Thread-5 (]: Writing runtime sql for node "test.zero_to_one_chain.unique_dim_supplier_supplier_id.f38497a628"
[0m02:25:01.251523 [debug] [Thread-2 (]: Using snowflake connection "test.zero_to_one_chain.not_null_stg_shipments_shipment_id.13d2043380"
[0m02:25:01.260338 [debug] [Thread-2 (]: On test.zero_to_one_chain.not_null_stg_shipments_shipment_id.13d2043380: /* {"app": "dbt", "dbt_version": "1.9.4", "profile_name": "zero_to_one_chain", "target_name": "uat", "node_id": "test.zero_to_one_chain.not_null_stg_shipments_shipment_id.13d2043380"} */
select
      count(*) as failures,
      count(*) != 0 as should_warn,
      count(*) != 0 as should_error
    from (
      
    
    



select shipment_id
from ZERO_TO_ONE_CHAIN_UAT.PUBLIC_L2_STAGE.stg_shipments
where shipment_id is null



      
    ) dbt_internal_test
[0m02:25:01.261362 [debug] [Thread-5 (]: Using snowflake connection "test.zero_to_one_chain.unique_dim_supplier_supplier_id.f38497a628"
[0m02:25:01.262326 [debug] [Thread-2 (]: Opening a new connection, currently in state init
[0m02:25:01.262944 [debug] [Thread-5 (]: On test.zero_to_one_chain.unique_dim_supplier_supplier_id.f38497a628: /* {"app": "dbt", "dbt_version": "1.9.4", "profile_name": "zero_to_one_chain", "target_name": "uat", "node_id": "test.zero_to_one_chain.unique_dim_supplier_supplier_id.f38497a628"} */
select
      count(*) as failures,
      count(*) != 0 as should_warn,
      count(*) != 0 as should_error
    from (
      
    
    

select
    supplier_id as unique_field,
    count(*) as n_records

from ZERO_TO_ONE_CHAIN_UAT.PUBLIC_L5_CORE.dim_supplier
where supplier_id is not null
group by supplier_id
having count(*) > 1



      
    ) dbt_internal_test
[0m02:25:01.263619 [debug] [Thread-5 (]: Opening a new connection, currently in state init
[0m02:25:01.468434 [debug] [Thread-6 (]: SQL status: SUCCESS 1 in 0.765 seconds
[0m02:25:01.470864 [info ] [Thread-6 (]: 13 of 22 PASS not_null_stg_inventory_plant_code ................................ [[32mPASS[0m in 0.81s]
[0m02:25:01.471610 [debug] [Thread-6 (]: Finished running node test.zero_to_one_chain.not_null_stg_inventory_plant_code.2a0d383d2b
[0m02:25:01.472198 [debug] [Thread-6 (]: Began running node test.zero_to_one_chain.unique_stg_shipments_shipment_id.61ce1cfa9c
[0m02:25:01.472829 [info ] [Thread-6 (]: 22 of 22 START test unique_stg_shipments_shipment_id ........................... [RUN]
[0m02:25:01.473432 [debug] [Thread-6 (]: Re-using an available connection from the pool (formerly test.zero_to_one_chain.not_null_stg_inventory_plant_code.2a0d383d2b, now test.zero_to_one_chain.unique_stg_shipments_shipment_id.61ce1cfa9c)
[0m02:25:01.473895 [debug] [Thread-6 (]: Began compiling node test.zero_to_one_chain.unique_stg_shipments_shipment_id.61ce1cfa9c
[0m02:25:01.479840 [debug] [Thread-6 (]: Writing injected SQL for node "test.zero_to_one_chain.unique_stg_shipments_shipment_id.61ce1cfa9c"
[0m02:25:01.481757 [debug] [Thread-6 (]: Began executing node test.zero_to_one_chain.unique_stg_shipments_shipment_id.61ce1cfa9c
[0m02:25:01.485784 [debug] [Thread-6 (]: Writing runtime sql for node "test.zero_to_one_chain.unique_stg_shipments_shipment_id.61ce1cfa9c"
[0m02:25:01.487826 [debug] [Thread-6 (]: Using snowflake connection "test.zero_to_one_chain.unique_stg_shipments_shipment_id.61ce1cfa9c"
[0m02:25:01.488392 [debug] [Thread-6 (]: On test.zero_to_one_chain.unique_stg_shipments_shipment_id.61ce1cfa9c: /* {"app": "dbt", "dbt_version": "1.9.4", "profile_name": "zero_to_one_chain", "target_name": "uat", "node_id": "test.zero_to_one_chain.unique_stg_shipments_shipment_id.61ce1cfa9c"} */
select
      count(*) as failures,
      count(*) != 0 as should_warn,
      count(*) != 0 as should_error
    from (
      
    
    

select
    shipment_id as unique_field,
    count(*) as n_records

from ZERO_TO_ONE_CHAIN_UAT.PUBLIC_L2_STAGE.stg_shipments
where shipment_id is not null
group by shipment_id
having count(*) > 1



      
    ) dbt_internal_test
[0m02:25:01.488946 [debug] [Thread-6 (]: Opening a new connection, currently in state init
[0m02:25:01.509928 [debug] [Thread-3 (]: SQL status: SUCCESS 1 in 0.835 seconds
[0m02:25:01.512267 [info ] [Thread-3 (]: 12 of 22 PASS not_null_stg_inventory_material_number ........................... [[32mPASS[0m in 0.88s]
[0m02:25:01.513038 [debug] [Thread-3 (]: Finished running node test.zero_to_one_chain.not_null_stg_inventory_material_number.96e453ef23
[0m02:25:01.529832 [debug] [Thread-4 (]: SQL status: SUCCESS 1 in 0.536 seconds
[0m02:25:01.532221 [warn ] [Thread-4 (]: 16 of 22 WARN 150 not_null_stg_purchase_orders_supplier_id ..................... [[33mWARN 150[0m in 0.55s]
[0m02:25:01.532946 [debug] [Thread-4 (]: Finished running node test.zero_to_one_chain.not_null_stg_purchase_orders_supplier_id.3842a0bc2e
[0m02:25:01.760826 [debug] [Thread-5 (]: SQL status: SUCCESS 1 in 0.497 seconds
[0m02:25:01.763331 [info ] [Thread-5 (]: 21 of 22 PASS unique_dim_supplier_supplier_id .................................. [[32mPASS[0m in 0.54s]
[0m02:25:01.764131 [debug] [Thread-5 (]: Finished running node test.zero_to_one_chain.unique_dim_supplier_supplier_id.f38497a628
[0m02:25:01.812184 [debug] [Thread-7 (]: SQL status: SUCCESS 1 in 0.585 seconds
[0m02:25:01.814636 [info ] [Thread-7 (]: 19 of 22 PASS not_null_stg_sales_orders_ordered_qty ............................ [[32mPASS[0m in 0.70s]
[0m02:25:01.815440 [debug] [Thread-7 (]: Finished running node test.zero_to_one_chain.not_null_stg_sales_orders_ordered_qty.b61e702a52
[0m02:25:01.818872 [debug] [Thread-8 (]: SQL status: SUCCESS 1 in 0.603 seconds
[0m02:25:01.820990 [info ] [Thread-8 (]: 18 of 22 PASS not_null_stg_sales_orders_order_number ........................... [[32mPASS[0m in 0.73s]
[0m02:25:01.821677 [debug] [Thread-8 (]: Finished running node test.zero_to_one_chain.not_null_stg_sales_orders_order_number.1ba1c4bbd7
[0m02:25:01.829958 [debug] [Thread-9 (]: SQL status: SUCCESS 1 in 0.722 seconds
[0m02:25:01.832278 [info ] [Thread-9 (]: 17 of 22 PASS not_null_stg_sales_orders_customer_id ............................ [[32mPASS[0m in 0.76s]
[0m02:25:01.833051 [debug] [Thread-9 (]: Finished running node test.zero_to_one_chain.not_null_stg_sales_orders_customer_id.29e63e9d51
[0m02:25:01.906492 [debug] [Thread-2 (]: SQL status: SUCCESS 1 in 0.644 seconds
[0m02:25:01.908845 [info ] [Thread-2 (]: 20 of 22 PASS not_null_stg_shipments_shipment_id ............................... [[32mPASS[0m in 0.68s]
[0m02:25:01.909620 [debug] [Thread-2 (]: Finished running node test.zero_to_one_chain.not_null_stg_shipments_shipment_id.13d2043380
[0m02:25:02.177078 [debug] [Thread-6 (]: SQL status: SUCCESS 1 in 0.688 seconds
[0m02:25:02.179539 [info ] [Thread-6 (]: 22 of 22 PASS unique_stg_shipments_shipment_id ................................. [[32mPASS[0m in 0.71s]
[0m02:25:02.180327 [debug] [Thread-6 (]: Finished running node test.zero_to_one_chain.unique_stg_shipments_shipment_id.61ce1cfa9c
[0m02:25:02.184439 [debug] [Dummy-1   ]: Connection 'master' was properly closed.
[0m02:25:02.185315 [debug] [Dummy-1   ]: Connection 'test.zero_to_one_chain.not_null_stg_shipments_shipment_id.13d2043380' was properly closed.
[0m02:25:02.186188 [debug] [Dummy-1   ]: Connection 'test.zero_to_one_chain.not_null_stg_inventory_material_number.96e453ef23' was properly closed.
[0m02:25:02.186851 [debug] [Dummy-1   ]: Connection 'test.zero_to_one_chain.not_null_stg_purchase_orders_supplier_id.3842a0bc2e' was properly closed.
[0m02:25:02.187319 [debug] [Dummy-1   ]: Connection 'test.zero_to_one_chain.unique_dim_supplier_supplier_id.f38497a628' was properly closed.
[0m02:25:02.187759 [debug] [Dummy-1   ]: Connection 'test.zero_to_one_chain.unique_stg_shipments_shipment_id.61ce1cfa9c' was properly closed.
[0m02:25:02.188185 [debug] [Dummy-1   ]: Connection 'test.zero_to_one_chain.not_null_stg_sales_orders_ordered_qty.b61e702a52' was properly closed.
[0m02:25:02.188627 [debug] [Dummy-1   ]: Connection 'test.zero_to_one_chain.not_null_stg_sales_orders_order_number.1ba1c4bbd7' was properly closed.
[0m02:25:02.189041 [debug] [Dummy-1   ]: Connection 'test.zero_to_one_chain.not_null_stg_sales_orders_customer_id.29e63e9d51' was properly closed.
[0m02:25:02.189602 [info ] [Dummy-1   ]: 
[0m02:25:02.190093 [info ] [Dummy-1   ]: Finished running 22 data tests in 0 hours 0 minutes and 2.83 seconds (2.83s).
[0m02:25:02.193307 [debug] [Dummy-1   ]: Command end result
[0m02:25:02.224000 [debug] [Dummy-1   ]: Wrote artifact WritableManifest to /tmp/dbt/target/manifest.json
[0m02:25:02.226089 [debug] [Dummy-1   ]: Wrote artifact SemanticManifest to /tmp/dbt/target/semantic_manifest.json
[0m02:25:02.233551 [debug] [Dummy-1   ]: Wrote artifact RunExecutionResult to /tmp/dbt/target/run_results.json
[0m02:25:02.234069 [info ] [Dummy-1   ]: 
[0m02:25:02.234779 [info ] [Dummy-1   ]: [33mCompleted with 1 warning:[0m
[0m02:25:02.235283 [info ] [Dummy-1   ]: 
[0m02:25:02.235880 [warn ] [Dummy-1   ]: [33mWarning in test not_null_stg_purchase_orders_supplier_id (models/staging/schema.yml)[0m
[0m02:25:02.236466 [warn ] [Dummy-1   ]: Got 150 results, configured to warn if != 0
[0m02:25:02.236889 [info ] [Dummy-1   ]: 
[0m02:25:02.237351 [info ] [Dummy-1   ]:   compiled code at target/compiled/zero_to_one_chain/models/staging/schema.yml/not_null_stg_purchase_orders_supplier_id.sql
[0m02:25:02.237834 [info ] [Dummy-1   ]: 
[0m02:25:02.238363 [info ] [Dummy-1   ]: Done. PASS=21 WARN=1 ERROR=0 SKIP=0 TOTAL=22
[0m02:25:02.240100 [debug] [Dummy-1   ]: Resource report: {"command_name": "test", "command_success": true, "command_wall_clock_time": 5.724172, "process_in_blocks": "0", "process_kernel_time": 0.9, "process_mem_max_rss": "554404", "process_out_blocks": "0", "process_user_time": 6.41}
[0m02:25:02.240722 [debug] [Dummy-1   ]: Command `cli test` succeeded at 02:25:02.240479 after 5.73 seconds
[0m02:25:02.241240 [debug] [Dummy-1   ]: Flushing usage events


============================== 02:29:37.113046 | 831fbf06-65bc-4f9f-a758-36af8d5db7bd ==============================
[0m02:29:37.113046 [info ] [Dummy-1   ]: Running with dbt=1.9.4
[0m02:29:37.114093 [debug] [Dummy-1   ]: running dbt with arguments {'printer_width': '80', 'indirect_selection': 'eager', 'log_cache_events': 'False', 'write_json': 'True', 'partial_parse': 'True', 'cache_selected_only': 'False', 'profiles_dir': '/tmp/dbt_effective_profiles_dgies7ih', 'fail_fast': 'False', 'debug': 'False', 'log_path': '/tmp/dbt/logs', 'version_check': 'True', 'warn_error': 'None', 'use_colors': 'True', 'use_experimental_parser': 'False', 'empty': 'False', 'quiet': 'False', 'no_print': 'None', 'log_format': 'default', 'introspect': 'True', 'invocation_command': 'dbt ', 'static_parser': 'True', 'target_path': 'None', 'warn_error_options': 'WarnErrorOptions(include=[], exclude=[])', 'send_anonymous_usage_stats': 'False'}
[0m02:29:37.312332 [info ] [Dummy-1   ]: State adapter: dbt-state v0.0.0 is disabled
[0m02:29:37.404561 [info ] [Dummy-1   ]: Registered adapter: snowflake=1.9.2
[0m02:29:37.972063 [debug] [Dummy-1   ]: checksum: 53ed91fada2233efb98368d1716b44ab532c83a9c293cf1890b7905d5b45fb25, vars: {}, profile: , target: dev, version: 1.9.4
[0m02:29:38.137153 [info ] [Dummy-1   ]: Unable to do partial parsing because config vars, config profile, or config target have changed
[0m02:29:38.137900 [debug] [Dummy-1   ]: previous checksum: 53ed91fada2233efb98368d1716b44ab532c83a9c293cf1890b7905d5b45fb25, current checksum: ba04dd6e7049717c661b44e3dc7028e865b97d6de4ebf564f4974302f0686bd0
[0m02:29:38.138386 [info ] [Dummy-1   ]: Unable to do partial parsing because profile has changed
[0m02:29:39.951165 [warn ] [Dummy-1   ]: [[33mWARNING[0m]: Configuration paths exist in your dbt_project.yml file which do not apply to any resources.
There are 1 unused configuration paths:
- models.zero_to_one_chain.metrics
[0m02:29:40.073188 [debug] [Dummy-1   ]: Wrote artifact WritableManifest to /tmp/dbt/target/manifest.json
[0m02:29:40.075507 [debug] [Dummy-1   ]: Wrote artifact SemanticManifest to /tmp/dbt/target/semantic_manifest.json
[0m02:29:40.121114 [info ] [Dummy-1   ]: Found 9 models, 32 data tests, 11 sources, 474 macros
[0m02:29:40.124175 [info ] [Dummy-1   ]: 
[0m02:29:40.124728 [info ] [Dummy-1   ]: Concurrency: 8 threads (target='dev')
[0m02:29:40.125180 [info ] [Dummy-1   ]: 
[0m02:29:40.125957 [debug] [Dummy-1   ]: Acquiring new snowflake connection 'master'
[0m02:29:40.132825 [debug] [ThreadPool]: Acquiring new snowflake connection 'list_ZERO_TO_ONE_CHAIN'
[0m02:29:40.134920 [debug] [ThreadPool]: Acquiring new snowflake connection 'list_ZERO_TO_ONE_CHAIN'
[0m02:29:40.224259 [debug] [ThreadPool]: Using snowflake connection "list_ZERO_TO_ONE_CHAIN"
[0m02:29:40.224958 [debug] [ThreadPool]: Using snowflake connection "list_ZERO_TO_ONE_CHAIN"
[0m02:29:40.225540 [debug] [ThreadPool]: On list_ZERO_TO_ONE_CHAIN: /* {"app": "dbt", "dbt_version": "1.9.4", "profile_name": "zero_to_one_chain", "target_name": "dev", "connection_name": "list_ZERO_TO_ONE_CHAIN"} */
show terse schemas in database ZERO_TO_ONE_CHAIN
    limit 10000
[0m02:29:40.226138 [debug] [ThreadPool]: On list_ZERO_TO_ONE_CHAIN: /* {"app": "dbt", "dbt_version": "1.9.4", "profile_name": "zero_to_one_chain", "target_name": "dev", "connection_name": "list_ZERO_TO_ONE_CHAIN"} */
show terse schemas in database ZERO_TO_ONE_CHAIN
    limit 10000
[0m02:29:40.226603 [debug] [ThreadPool]: Opening a new connection, currently in state init
[0m02:29:40.227048 [debug] [ThreadPool]: Opening a new connection, currently in state init
[0m02:29:40.551276 [debug] [ThreadPool]: SQL status: SUCCESS 15 in 0.324 seconds
[0m02:29:40.554076 [debug] [ThreadPool]: SQL status: SUCCESS 15 in 0.327 seconds
[0m02:29:40.559058 [debug] [ThreadPool]: Acquiring new snowflake connection 'list_ZERO_TO_ONE_CHAIN_PUBLIC_L5_CORE'
[0m02:29:40.560813 [debug] [ThreadPool]: Re-using an available connection from the pool (formerly list_ZERO_TO_ONE_CHAIN, now list_ZERO_TO_ONE_CHAIN_PUBLIC_L2_STAGE)
[0m02:29:40.575141 [debug] [ThreadPool]: Using snowflake connection "list_ZERO_TO_ONE_CHAIN_PUBLIC_L5_CORE"
[0m02:29:40.578999 [debug] [ThreadPool]: Using snowflake connection "list_ZERO_TO_ONE_CHAIN_PUBLIC_L2_STAGE"
[0m02:29:40.579598 [debug] [ThreadPool]: On list_ZERO_TO_ONE_CHAIN_PUBLIC_L5_CORE: /* {"app": "dbt", "dbt_version": "1.9.4", "profile_name": "zero_to_one_chain", "target_name": "dev", "connection_name": "list_ZERO_TO_ONE_CHAIN_PUBLIC_L5_CORE"} */
alter session set quoted_identifiers_ignore_case = false;
[0m02:29:40.580092 [debug] [ThreadPool]: On list_ZERO_TO_ONE_CHAIN_PUBLIC_L2_STAGE: /* {"app": "dbt", "dbt_version": "1.9.4", "profile_name": "zero_to_one_chain", "target_name": "dev", "connection_name": "list_ZERO_TO_ONE_CHAIN_PUBLIC_L2_STAGE"} */
alter session set quoted_identifiers_ignore_case = false;
[0m02:29:40.580577 [debug] [ThreadPool]: Opening a new connection, currently in state init
[0m02:29:40.581007 [debug] [ThreadPool]: Opening a new connection, currently in state init
[0m02:29:40.915281 [debug] [ThreadPool]: SQL status: SUCCESS 1 in 0.335 seconds
[0m02:29:40.916052 [debug] [ThreadPool]: SQL status: SUCCESS 1 in 0.335 seconds
[0m02:29:40.920586 [debug] [ThreadPool]: Using snowflake connection "list_ZERO_TO_ONE_CHAIN_PUBLIC_L5_CORE"
[0m02:29:40.922559 [debug] [ThreadPool]: Using snowflake connection "list_ZERO_TO_ONE_CHAIN_PUBLIC_L2_STAGE"
[0m02:29:40.923395 [debug] [ThreadPool]: On list_ZERO_TO_ONE_CHAIN_PUBLIC_L5_CORE: /* {"app": "dbt", "dbt_version": "1.9.4", "profile_name": "zero_to_one_chain", "target_name": "dev", "connection_name": "list_ZERO_TO_ONE_CHAIN_PUBLIC_L5_CORE"} */
show objects in ZERO_TO_ONE_CHAIN.PUBLIC_L5_CORE
    limit 10000
    
;
[0m02:29:40.924003 [debug] [ThreadPool]: On list_ZERO_TO_ONE_CHAIN_PUBLIC_L2_STAGE: /* {"app": "dbt", "dbt_version": "1.9.4", "profile_name": "zero_to_one_chain", "target_name": "dev", "connection_name": "list_ZERO_TO_ONE_CHAIN_PUBLIC_L2_STAGE"} */
show objects in ZERO_TO_ONE_CHAIN.PUBLIC_L2_STAGE
    limit 10000
    
;
[0m02:29:40.999184 [debug] [ThreadPool]: SQL status: SUCCESS 4 in 0.074 seconds
[0m02:29:41.001384 [debug] [ThreadPool]: Using snowflake connection "list_ZERO_TO_ONE_CHAIN_PUBLIC_L2_STAGE"
[0m02:29:41.002386 [debug] [ThreadPool]: SQL status: SUCCESS 3 in 0.078 seconds
[0m02:29:41.002931 [debug] [ThreadPool]: On list_ZERO_TO_ONE_CHAIN_PUBLIC_L2_STAGE: /* {"app": "dbt", "dbt_version": "1.9.4", "profile_name": "zero_to_one_chain", "target_name": "dev", "connection_name": "list_ZERO_TO_ONE_CHAIN_PUBLIC_L2_STAGE"} */
alter session unset quoted_identifiers_ignore_case;
[0m02:29:41.004881 [debug] [ThreadPool]: Using snowflake connection "list_ZERO_TO_ONE_CHAIN_PUBLIC_L5_CORE"
[0m02:29:41.005814 [debug] [ThreadPool]: On list_ZERO_TO_ONE_CHAIN_PUBLIC_L5_CORE: /* {"app": "dbt", "dbt_version": "1.9.4", "profile_name": "zero_to_one_chain", "target_name": "dev", "connection_name": "list_ZERO_TO_ONE_CHAIN_PUBLIC_L5_CORE"} */
alter session unset quoted_identifiers_ignore_case;
[0m02:29:41.055378 [debug] [ThreadPool]: SQL status: SUCCESS 1 in 0.050 seconds
[0m02:29:41.056238 [debug] [ThreadPool]: SQL status: SUCCESS 1 in 0.050 seconds
[0m02:29:41.077634 [debug] [Thread-2 (]: Began running node model.zero_to_one_chain.dim_supplier
[0m02:29:41.078341 [debug] [Thread-3 (]: Began running node model.zero_to_one_chain.stg_inventory
[0m02:29:41.078945 [debug] [Thread-4 (]: Began running node model.zero_to_one_chain.stg_purchase_orders
[0m02:29:41.079669 [debug] [Thread-5 (]: Began running node model.zero_to_one_chain.stg_sales_orders
[0m02:29:41.080759 [debug] [Thread-6 (]: Began running node model.zero_to_one_chain.stg_shipments
[0m02:29:41.081620 [info ] [Thread-2 (]: 1 of 9 START sql table model PUBLIC_L5_CORE.dim_supplier ....................... [RUN]
[0m02:29:41.082446 [info ] [Thread-3 (]: 2 of 9 START sql view model PUBLIC_L2_STAGE.stg_inventory ...................... [RUN]
[0m02:29:41.083206 [info ] [Thread-4 (]: 3 of 9 START sql view model PUBLIC_L2_STAGE.stg_purchase_orders ................ [RUN]
[0m02:29:41.083963 [info ] [Thread-5 (]: 4 of 9 START sql view model PUBLIC_L2_STAGE.stg_sales_orders ................... [RUN]
[0m02:29:41.084692 [info ] [Thread-6 (]: 5 of 9 START sql view model PUBLIC_L2_STAGE.stg_shipments ...................... [RUN]
[0m02:29:41.085504 [debug] [Thread-2 (]: Re-using an available connection from the pool (formerly list_ZERO_TO_ONE_CHAIN_PUBLIC_L5_CORE, now model.zero_to_one_chain.dim_supplier)
[0m02:29:41.086276 [debug] [Thread-3 (]: Re-using an available connection from the pool (formerly list_ZERO_TO_ONE_CHAIN_PUBLIC_L2_STAGE, now model.zero_to_one_chain.stg_inventory)
[0m02:29:41.086936 [debug] [Thread-4 (]: Re-using an available connection from the pool (formerly list_ZERO_TO_ONE_CHAIN, now model.zero_to_one_chain.stg_purchase_orders)
[0m02:29:41.087650 [debug] [Thread-5 (]: Acquiring new snowflake connection 'model.zero_to_one_chain.stg_sales_orders'
[0m02:29:41.088322 [debug] [Thread-6 (]: Acquiring new snowflake connection 'model.zero_to_one_chain.stg_shipments'
[0m02:29:41.088851 [debug] [Thread-2 (]: Began compiling node model.zero_to_one_chain.dim_supplier
[0m02:29:41.089465 [debug] [Thread-3 (]: Began compiling node model.zero_to_one_chain.stg_inventory
[0m02:29:41.090087 [debug] [Thread-4 (]: Began compiling node model.zero_to_one_chain.stg_purchase_orders
[0m02:29:41.090621 [debug] [Thread-5 (]: Began compiling node model.zero_to_one_chain.stg_sales_orders
[0m02:29:41.091150 [debug] [Thread-6 (]: Began compiling node model.zero_to_one_chain.stg_shipments
[0m02:29:41.101453 [debug] [Thread-2 (]: Writing injected SQL for node "model.zero_to_one_chain.dim_supplier"
[0m02:29:41.108969 [debug] [Thread-3 (]: Writing injected SQL for node "model.zero_to_one_chain.stg_inventory"
[0m02:29:41.114348 [debug] [Thread-4 (]: Writing injected SQL for node "model.zero_to_one_chain.stg_purchase_orders"
[0m02:29:41.119474 [debug] [Thread-5 (]: Writing injected SQL for node "model.zero_to_one_chain.stg_sales_orders"
[0m02:29:41.124695 [debug] [Thread-6 (]: Writing injected SQL for node "model.zero_to_one_chain.stg_shipments"
[0m02:29:41.126364 [debug] [Thread-2 (]: Began executing node model.zero_to_one_chain.dim_supplier
[0m02:29:41.127052 [debug] [Thread-3 (]: Began executing node model.zero_to_one_chain.stg_inventory
[0m02:29:41.127846 [debug] [Thread-4 (]: Began executing node model.zero_to_one_chain.stg_purchase_orders
[0m02:29:41.128821 [debug] [Thread-5 (]: Began executing node model.zero_to_one_chain.stg_sales_orders
[0m02:29:41.158085 [debug] [Thread-6 (]: Began executing node model.zero_to_one_chain.stg_shipments
[0m02:29:41.176511 [debug] [Thread-2 (]: Writing runtime sql for node "model.zero_to_one_chain.dim_supplier"
[0m02:29:41.205639 [debug] [Thread-3 (]: Writing runtime sql for node "model.zero_to_one_chain.stg_inventory"
[0m02:29:41.220212 [debug] [Thread-4 (]: Writing runtime sql for node "model.zero_to_one_chain.stg_purchase_orders"
[0m02:29:41.225088 [debug] [Thread-5 (]: Writing runtime sql for node "model.zero_to_one_chain.stg_sales_orders"
[0m02:29:41.229449 [debug] [Thread-6 (]: Writing runtime sql for node "model.zero_to_one_chain.stg_shipments"
[0m02:29:41.234554 [debug] [Thread-2 (]: Using snowflake connection "model.zero_to_one_chain.dim_supplier"
[0m02:29:41.236760 [debug] [Thread-3 (]: Using snowflake connection "model.zero_to_one_chain.stg_inventory"
[0m02:29:41.240247 [debug] [Thread-4 (]: Using snowflake connection "model.zero_to_one_chain.stg_purchase_orders"
[0m02:29:41.243351 [debug] [Thread-5 (]: Using snowflake connection "model.zero_to_one_chain.stg_sales_orders"
[0m02:29:41.244298 [debug] [Thread-2 (]: On model.zero_to_one_chain.dim_supplier: /* {"app": "dbt", "dbt_version": "1.9.4", "profile_name": "zero_to_one_chain", "target_name": "dev", "node_id": "model.zero_to_one_chain.dim_supplier"} */
create or replace transient table ZERO_TO_ONE_CHAIN.PUBLIC_L5_CORE.dim_supplier
         as
        (-- Conformed supplier dimension: entity resolution from ERP + SRM with survivorship rules


WITH erp_vendors AS (
    SELECT
        vendor_code AS supplier_id,
        vendor_name,
        vendor_region AS region,
        country_code AS country,
        vendor_tier AS tier,
        vendor_status AS erp_status,
        primary_category,
        certifications,
        onboarding_date,
        annual_spend_usd_mm,
        avg_lead_time_days,
        historical_otd_pct,
        defect_rate_ppm,
        financial_risk_score,
        geopolitical_risk_score,
        payment_terms,
        company_size,
        employee_count,
        dual_source_available,
        last_audit_date,
        last_audit_result,
        DATEDIFF(DAY, onboarding_date, CURRENT_DATE()) AS tenure_days,
        CASE
            WHEN vendor_status = 'Inactive' THEN 0
            WHEN vendor_status = 'Probation' THEN 1
            WHEN vendor_status = 'Active' AND vendor_tier = 'Tier 3' THEN 2
            WHEN vendor_status = 'Active' AND vendor_tier = 'Tier 2' THEN 3
            WHEN vendor_status = 'Active' AND vendor_tier = 'Tier 1' THEN 4
            ELSE 2
        END AS erp_maturity_score
    FROM ZERO_TO_ONE_CHAIN.L1_INGESTION.RAW_ERP_VENDORS
),

srm_suppliers AS (
    SELECT
        supplier_id AS srm_id,
        erp_vendor_ref,
        supplier_name AS srm_name,
        quality_score,
        delivery_reliability_pct,
        responsiveness_score,
        innovation_score,
        sustainability_score,
        cost_competitiveness_idx,
        relationship_tier AS srm_tier,
        esg_compliance_status,
        carbon_intensity_score,
        concentration_risk,
        backup_supplier_exists,
        -- SRM composite: weighted scorecard
        ROUND(
            quality_score * 0.30
            + delivery_reliability_pct * 0.25
            + responsiveness_score * 10 * 0.15
            + innovation_score * 10 * 0.10
            + sustainability_score * 10 * 0.10
            + cost_competitiveness_idx * 0.10
        , 2) AS srm_composite_score
    FROM ZERO_TO_ONE_CHAIN.L1_INGESTION.RAW_SRM_SUPPLIERS
),

-- Entity resolution: join ERP vendors to SRM suppliers via erp_vendor_ref
resolved AS (
    SELECT
        e.*,
        s.srm_id,
        s.srm_name,
        s.quality_score,
        s.delivery_reliability_pct,
        s.responsiveness_score,
        s.innovation_score,
        s.sustainability_score,
        s.cost_competitiveness_idx,
        s.srm_tier,
        s.esg_compliance_status,
        s.carbon_intensity_score,
        s.concentration_risk,
        s.backup_supplier_exists,
        s.srm_composite_score,
        CASE
            WHEN s.erp_vendor_ref = e.supplier_id THEN 'EXACT_KEY'
            WHEN s.srm_id IS NOT NULL THEN 'FUZZY'
            ELSE 'ERP_ONLY'
        END AS match_method,
        -- Blended risk score: weighted across ERP + SRM signals
        ROUND(
            COALESCE(e.financial_risk_score, 3) / 5 * 100 * 0.20
            + COALESCE(e.geopolitical_risk_score, 3) / 5 * 100 * 0.15
            + (100 - COALESCE(s.quality_score, 70)) * 0.20
            + (100 - COALESCE(s.delivery_reliability_pct, 70)) * 0.20
            + (100 - COALESCE(e.historical_otd_pct, 70)) * 0.15
            + CASE COALESCE(s.concentration_risk, 'Medium')
                WHEN 'Critical' THEN 100 WHEN 'High' THEN 75
                WHEN 'Medium' THEN 50 WHEN 'Low' THEN 25 ELSE 50
              END * 0.10
        , 2) AS blended_risk_score,
        -- Supplier health tier
        CASE
            WHEN e.last_audit_result = 'Fail' OR e.erp_status = 'Inactive' THEN 'RED'
            WHEN e.erp_status = 'Probation' OR COALESCE(s.quality_score, 70) < 70 THEN 'AMBER'
            WHEN COALESCE(s.srm_composite_score, 50) >= 70 AND e.historical_otd_pct >= 85 THEN 'GREEN'
            ELSE 'AMBER'
        END AS health_tier
    FROM erp_vendors e
    LEFT JOIN srm_suppliers s ON s.erp_vendor_ref = e.supplier_id
)

SELECT * FROM resolved
        );
[0m02:29:41.246755 [debug] [Thread-6 (]: Using snowflake connection "model.zero_to_one_chain.stg_shipments"
[0m02:29:41.247427 [debug] [Thread-3 (]: On model.zero_to_one_chain.stg_inventory: /* {"app": "dbt", "dbt_version": "1.9.4", "profile_name": "zero_to_one_chain", "target_name": "dev", "node_id": "model.zero_to_one_chain.stg_inventory"} */
create or replace   view ZERO_TO_ONE_CHAIN.PUBLIC_L2_STAGE.stg_inventory
  
   as (
    -- Staged inventory snapshots


SELECT
    snapshot_date::DATE AS snapshot_date,
    UPPER(TRIM(plant_code)) AS plant_code,
    UPPER(TRIM(material_number)) AS material_number,
    UPPER(TRIM(storage_location)) AS storage_location,
    GREATEST(on_hand_qty, 0) AS on_hand_qty,
    GREATEST(allocated_qty, 0) AS allocated_qty,
    GREATEST(on_hand_qty - allocated_qty, 0) AS available_qty,
    GREATEST(in_transit_qty, 0) AS in_transit_qty,
    GREATEST(on_order_qty, 0) AS on_order_qty,
    GREATEST(quarantine_qty, 0) AS quarantine_qty,
    unit_cost_usd,
    ROUND(GREATEST(on_hand_qty, 0) * unit_cost_usd, 2) AS inventory_value_usd,
    reorder_point,
    safety_stock_qty,
    CASE
        WHEN on_hand_qty <= 0 THEN 'STOCKOUT'
        WHEN on_hand_qty <= reorder_point THEN 'BELOW_ROP'
        WHEN on_hand_qty <= safety_stock_qty THEN 'BELOW_SAFETY'
        ELSE 'ADEQUATE'
    END AS stock_status,
    days_on_hand,
    UPPER(TRIM(abc_classification)) AS abc_class,
    turnover_ratio,
    obsolescence_risk_pct,
    carrying_cost_usd_daily,
    _loaded_at,
    _source_system
FROM ZERO_TO_ONE_CHAIN.L1_INGESTION.RAW_ERP_INVENTORY_SNAPSHOTS
  );
[0m02:29:41.248231 [debug] [Thread-4 (]: On model.zero_to_one_chain.stg_purchase_orders: /* {"app": "dbt", "dbt_version": "1.9.4", "profile_name": "zero_to_one_chain", "target_name": "dev", "node_id": "model.zero_to_one_chain.stg_purchase_orders"} */
create or replace   view ZERO_TO_ONE_CHAIN.PUBLIC_L2_STAGE.stg_purchase_orders
  
   as (
    -- Staged purchase orders: typed, normalized, standardized OTD logic


SELECT
    po_number,
    po_header_id,
    line_number,
    po_date::DATE AS po_date,
    UPPER(TRIM(po_type)) AS po_type,
    UPPER(TRIM(po_status)) AS po_status,
    UPPER(TRIM(vendor_code)) AS supplier_id,
    UPPER(TRIM(receiving_plant)) AS plant_code,
    UPPER(TRIM(material_number)) AS material_number,
    UPPER(TRIM(material_group)) AS material_group,
    GREATEST(ordered_qty, 0) AS ordered_qty,
    GREATEST(received_qty, 0) AS received_qty,
    GREATEST(rejected_qty, 0) AS rejected_qty,
    UPPER(TRIM(uom)) AS uom,
    unit_price AS unit_price_local,
    UPPER(TRIM(price_currency)) AS price_currency,
    fx_rate_to_usd,
    ROUND(unit_price / NULLIF(fx_rate_to_usd, 0), 4) AS unit_price_usd,
    ROUND(ordered_qty * unit_price / NULLIF(fx_rate_to_usd, 0), 2) AS extended_price_usd,
    discount_pct,
    freight_cost_usd,
    duty_cost_usd,
    handling_cost_usd,
    ROUND(
        ordered_qty * unit_price / NULLIF(fx_rate_to_usd, 0)
        + COALESCE(freight_cost_usd, 0)
        + COALESCE(duty_cost_usd, 0)
        + COALESCE(handling_cost_usd, 0), 2
    ) AS landed_cost_usd,
    requested_delivery_date::DATE AS requested_delivery_date,
    confirmed_delivery_date::DATE AS confirmed_delivery_date,
    actual_delivery_date::DATE AS actual_delivery_date,
    DATEDIFF(DAY, confirmed_delivery_date, actual_delivery_date) AS delivery_variance_days,
    CASE WHEN actual_delivery_date IS NOT NULL AND actual_delivery_date <= confirmed_delivery_date THEN TRUE ELSE FALSE END AS is_on_time,
    CASE WHEN actual_delivery_date IS NOT NULL AND received_qty >= ordered_qty THEN TRUE ELSE FALSE END AS is_in_full,
    CASE WHEN actual_delivery_date IS NOT NULL AND actual_delivery_date <= confirmed_delivery_date AND received_qty >= ordered_qty THEN TRUE ELSE FALSE END AS is_otif,
    UPPER(TRIM(priority)) AS priority,
    UPPER(TRIM(order_source)) AS order_source,
    cost_center,
    project_code,
    _loaded_at,
    _source_system
FROM ZERO_TO_ONE_CHAIN.L1_INGESTION.RAW_ERP_PURCHASE_ORDERS
  );
[0m02:29:41.249010 [debug] [Thread-5 (]: On model.zero_to_one_chain.stg_sales_orders: /* {"app": "dbt", "dbt_version": "1.9.4", "profile_name": "zero_to_one_chain", "target_name": "dev", "node_id": "model.zero_to_one_chain.stg_sales_orders"} */
create or replace   view ZERO_TO_ONE_CHAIN.PUBLIC_L2_STAGE.stg_sales_orders
  
   as (
    -- Staged sales orders: standardized OTD/OTIF/fill rate definitions


SELECT
    order_number,
    order_header_id,
    line_item,
    order_date::DATE AS order_date,
    UPPER(TRIM(order_type)) AS order_type,
    UPPER(TRIM(order_status)) AS order_status,
    UPPER(TRIM(customer_id)) AS customer_id,
    UPPER(TRIM(shipping_plant)) AS plant_code,
    UPPER(TRIM(material_number)) AS material_number,
    GREATEST(ordered_qty, 0) AS ordered_qty,
    GREATEST(shipped_qty, 0) AS shipped_qty,
    GREATEST(delivered_qty, 0) AS delivered_qty,
    UPPER(TRIM(uom)) AS uom,
    unit_price_usd,
    ROUND(ordered_qty * unit_price_usd, 2) AS line_value_usd,
    discount_pct,
    ROUND(ordered_qty * unit_price_usd * (1 - COALESCE(discount_pct, 0) / 100), 2) AS net_value_usd,
    requested_delivery_date::DATE AS requested_delivery_date,
    committed_delivery_date::DATE AS committed_delivery_date,
    actual_delivery_date::DATE AS actual_delivery_date,
    DATEDIFF(DAY, committed_delivery_date, actual_delivery_date) AS delivery_variance_days,
    CASE WHEN actual_delivery_date IS NOT NULL AND actual_delivery_date <= committed_delivery_date THEN TRUE ELSE FALSE END AS is_on_time,
    CASE WHEN delivered_qty >= ordered_qty THEN TRUE ELSE FALSE END AS is_in_full,
    CASE WHEN actual_delivery_date IS NOT NULL AND actual_delivery_date <= committed_delivery_date AND delivered_qty >= ordered_qty THEN TRUE ELSE FALSE END AS is_otif,
    DIV0(delivered_qty, ordered_qty) * 100 AS fill_rate_pct,
    UPPER(TRIM(ship_to_region)) AS ship_to_region,
    UPPER(TRIM(ship_to_country)) AS ship_to_country,
    UPPER(TRIM(shipping_method)) AS shipping_method,
    shipment_ref,
    freight_charge_usd,
    UPPER(TRIM(service_level)) AS service_level,
    UPPER(TRIM(priority)) AS priority,
    UPPER(TRIM(channel)) AS channel,
    _loaded_at,
    _source_system
FROM ZERO_TO_ONE_CHAIN.L1_INGESTION.RAW_ERP_SALES_ORDERS
  );
[0m02:29:41.249733 [debug] [Thread-2 (]: Opening a new connection, currently in state init
[0m02:29:41.250421 [debug] [Thread-6 (]: On model.zero_to_one_chain.stg_shipments: /* {"app": "dbt", "dbt_version": "1.9.4", "profile_name": "zero_to_one_chain", "target_name": "dev", "node_id": "model.zero_to_one_chain.stg_shipments"} */
create or replace   view ZERO_TO_ONE_CHAIN.PUBLIC_L2_STAGE.stg_shipments
  
   as (
    -- Staged shipments from TMS


SELECT
    shipment_id,
    bill_of_lading,
    ship_date::DATE AS ship_date,
    estimated_arrival::DATE AS estimated_arrival,
    actual_arrival::DATE AS actual_arrival,
    UPPER(TRIM(shipment_status)) AS shipment_status,
    UPPER(TRIM(transport_mode)) AS transport_mode,
    UPPER(TRIM(carrier_name)) AS carrier_name,
    UPPER(TRIM(carrier_code)) AS carrier_code,
    UPPER(TRIM(origin_plant)) AS origin_plant,
    UPPER(TRIM(destination_plant)) AS destination_plant,
    UPPER(TRIM(origin_region)) AS origin_region,
    UPPER(TRIM(destination_region)) AS destination_region,
    GREATEST(gross_weight_kg, 0) AS gross_weight_kg,
    GREATEST(volume_cbm, 0) AS volume_cbm,
    GREATEST(package_count, 0) AS package_count,
    freight_cost_usd,
    insurance_cost_usd,
    customs_duty_usd,
    handling_charges_usd,
    ROUND(COALESCE(freight_cost_usd,0) + COALESCE(insurance_cost_usd,0) + COALESCE(customs_duty_usd,0) + COALESCE(handling_charges_usd,0), 2) AS total_logistics_cost_usd,
    UPPER(TRIM(incoterm)) AS incoterm,
    transit_exceptions_count,
    co2_emissions_kg,
    CASE WHEN actual_arrival IS NOT NULL AND actual_arrival <= estimated_arrival THEN TRUE ELSE FALSE END AS is_on_time,
    CASE WHEN actual_arrival IS NOT NULL THEN DATEDIFF(DAY, estimated_arrival, actual_arrival) ELSE NULL END AS delay_days,
    reference_po,
    _loaded_at,
    _source_system
FROM ZERO_TO_ONE_CHAIN.L1_INGESTION.RAW_TMS_SHIPMENTS
  );
[0m02:29:41.251010 [debug] [Thread-3 (]: Opening a new connection, currently in state init
[0m02:29:41.251545 [debug] [Thread-4 (]: Opening a new connection, currently in state init
[0m02:29:41.252031 [debug] [Thread-5 (]: Opening a new connection, currently in state init
[0m02:29:41.252802 [debug] [Thread-6 (]: Opening a new connection, currently in state init
[0m02:29:41.796351 [debug] [Thread-6 (]: SQL status: SUCCESS 1 in 0.543 seconds
[0m02:29:41.797145 [debug] [Thread-3 (]: SQL status: SUCCESS 1 in 0.546 seconds
[0m02:29:41.830303 [info ] [Thread-6 (]: 5 of 9 OK created sql view model PUBLIC_L2_STAGE.stg_shipments ................. [[32mSUCCESS 1[0m in 0.74s]
[0m02:29:41.831181 [info ] [Thread-3 (]: 2 of 9 OK created sql view model PUBLIC_L2_STAGE.stg_inventory ................. [[32mSUCCESS 1[0m in 0.74s]
[0m02:29:41.832053 [debug] [Thread-6 (]: Finished running node model.zero_to_one_chain.stg_shipments
[0m02:29:41.832871 [debug] [Thread-4 (]: SQL status: SUCCESS 1 in 0.581 seconds
[0m02:29:41.833726 [debug] [Thread-3 (]: Finished running node model.zero_to_one_chain.stg_inventory
[0m02:29:41.837112 [info ] [Thread-4 (]: 3 of 9 OK created sql view model PUBLIC_L2_STAGE.stg_purchase_orders ........... [[32mSUCCESS 1[0m in 0.75s]
[0m02:29:41.838384 [debug] [Thread-4 (]: Finished running node model.zero_to_one_chain.stg_purchase_orders
[0m02:29:41.845531 [debug] [Thread-5 (]: SQL status: SUCCESS 1 in 0.593 seconds
[0m02:29:41.848804 [info ] [Thread-5 (]: 4 of 9 OK created sql view model PUBLIC_L2_STAGE.stg_sales_orders .............. [[32mSUCCESS 1[0m in 0.76s]
[0m02:29:41.849765 [debug] [Thread-5 (]: Finished running node model.zero_to_one_chain.stg_sales_orders
[0m02:29:41.850833 [debug] [Thread-8 (]: Began running node model.zero_to_one_chain.fact_orders
[0m02:29:41.851575 [info ] [Thread-8 (]: 6 of 9 START sql table model PUBLIC_L5_CORE.fact_orders ........................ [RUN]
[0m02:29:41.852371 [debug] [Thread-8 (]: Acquiring new snowflake connection 'model.zero_to_one_chain.fact_orders'
[0m02:29:41.852878 [debug] [Thread-8 (]: Began compiling node model.zero_to_one_chain.fact_orders
[0m02:29:41.859085 [debug] [Thread-8 (]: Writing injected SQL for node "model.zero_to_one_chain.fact_orders"
[0m02:29:41.859946 [debug] [Thread-8 (]: Began executing node model.zero_to_one_chain.fact_orders
[0m02:29:41.864609 [debug] [Thread-8 (]: Writing runtime sql for node "model.zero_to_one_chain.fact_orders"
[0m02:29:41.868455 [debug] [Thread-8 (]: Using snowflake connection "model.zero_to_one_chain.fact_orders"
[0m02:29:41.869230 [debug] [Thread-8 (]: On model.zero_to_one_chain.fact_orders: /* {"app": "dbt", "dbt_version": "1.9.4", "profile_name": "zero_to_one_chain", "target_name": "dev", "node_id": "model.zero_to_one_chain.fact_orders"} */
create or replace transient table ZERO_TO_ONE_CHAIN.PUBLIC_L5_CORE.fact_orders
         as
        (-- Conformed fact: sales orders enriched with customer + plant context and derived metrics


WITH orders AS (
    SELECT * FROM ZERO_TO_ONE_CHAIN.PUBLIC_L2_STAGE.stg_sales_orders
),

customers AS (
    SELECT
        customer_id,
        customer_name,
        customer_region,
        industry,
        segment,
        service_tier,
        sla_target_otd_pct,
        credit_risk
    FROM ZERO_TO_ONE_CHAIN.L1_INGESTION.RAW_ERP_CUSTOMERS
),

plants AS (
    SELECT
        plant_code AS plant_id,
        plant_name,
        region AS plant_region,
        country AS plant_country,
        plant_type
    FROM ZERO_TO_ONE_CHAIN.L1_INGESTION.RAW_ERP_PLANTS
),

enriched AS (
    SELECT
        o.order_number,
        o.order_header_id,
        o.line_item,
        o.order_date,
        DATE_TRUNC('MONTH', o.order_date) AS order_month,
        DATE_TRUNC('QUARTER', o.order_date) AS order_quarter,
        DAYOFWEEK(o.order_date) AS order_dow,
        o.order_type,
        o.order_status,

        -- Customer context
        o.customer_id,
        c.customer_name,
        c.customer_region,
        c.industry,
        c.segment,
        c.service_tier,
        c.credit_risk,

        -- Plant context
        o.plant_code,
        p.plant_name,
        p.plant_region,
        p.plant_country,

        -- Quantities
        o.ordered_qty,
        o.shipped_qty,
        o.delivered_qty,
        o.ordered_qty - o.delivered_qty AS shortfall_qty,
        o.uom,

        -- Financials
        o.unit_price_usd,
        o.line_value_usd,
        o.discount_pct,
        o.net_value_usd,
        o.freight_charge_usd,
        CASE WHEN o.ordered_qty > 0 THEN ROUND(o.net_value_usd / o.ordered_qty, 2) ELSE NULL END AS net_price_per_unit,

        -- Delivery dates + metrics
        o.requested_delivery_date,
        o.committed_delivery_date,
        o.actual_delivery_date,
        o.delivery_variance_days,
        o.is_on_time,
        o.is_in_full,
        o.is_otif,
        o.fill_rate_pct,

        -- SLA breach detection
        COALESCE(c.sla_target_otd_pct, 95) AS sla_target,
        CASE WHEN NOT o.is_on_time AND c.sla_contract = 'Yes' THEN TRUE ELSE FALSE END AS is_sla_breach,

        -- Aging: days since order
        DATEDIFF(DAY, o.order_date, COALESCE(o.actual_delivery_date, CURRENT_DATE())) AS order_age_days,
        CASE
            WHEN o.order_status IN ('CLOSED', 'INVOICED', 'DELIVERED') THEN 'COMPLETE'
            WHEN o.order_status = 'CANCELLED' THEN 'CANCELLED'
            WHEN DATEDIFF(DAY, o.committed_delivery_date, CURRENT_DATE()) > 14 THEN 'OVERDUE_CRITICAL'
            WHEN DATEDIFF(DAY, o.committed_delivery_date, CURRENT_DATE()) > 0 THEN 'OVERDUE'
            ELSE 'ON_TRACK'
        END AS order_health,

        -- Rolling window: rank within customer by value
        ROW_NUMBER() OVER (PARTITION BY o.customer_id ORDER BY o.net_value_usd DESC) AS customer_value_rank,

        o.ship_to_region,
        o.ship_to_country,
        o.shipping_method,
        o.shipment_ref,
        o.service_level,
        o.priority,
        o.channel
    FROM orders o
    LEFT JOIN customers c ON c.customer_id = o.customer_id
    LEFT JOIN plants p ON p.plant_id = o.plant_code
)

SELECT * FROM enriched
        );
[0m02:29:41.869923 [debug] [Thread-8 (]: Opening a new connection, currently in state init
[0m02:29:42.302399 [debug] [Thread-8 (]: Snowflake adapter: Snowflake query id: 01c78bb9-0002-c035-000f-0efe0003b252
[0m02:29:42.303081 [debug] [Thread-8 (]: Snowflake adapter: Snowflake error: 000904 (42000): SQL compilation error: error line 87 at position 39
invalid identifier 'C.SLA_CONTRACT'
[0m02:29:42.307193 [debug] [Thread-8 (]: Database Error in model fact_orders (models/marts/fact_orders.sql)
  000904 (42000): SQL compilation error: error line 87 at position 39
  invalid identifier 'C.SLA_CONTRACT'
  compiled code at target/run/zero_to_one_chain/models/marts/fact_orders.sql
[0m02:29:42.308369 [error] [Thread-8 (]: 6 of 9 ERROR creating sql table model PUBLIC_L5_CORE.fact_orders ............... [[31mERROR[0m in 0.46s]
[0m02:29:42.309100 [debug] [Thread-8 (]: Finished running node model.zero_to_one_chain.fact_orders
[0m02:29:42.309995 [debug] [Thread-12 ]: Marking all children of 'model.zero_to_one_chain.fact_orders' to be skipped because of status 'error'.  Reason: Database Error in model fact_orders (models/marts/fact_orders.sql)
  000904 (42000): SQL compilation error: error line 87 at position 39
  invalid identifier 'C.SLA_CONTRACT'
  compiled code at target/run/zero_to_one_chain/models/marts/fact_orders.sql.
[0m02:29:42.311681 [debug] [Thread-7 (]: Began running node model.zero_to_one_chain.mart_customer_delivery
[0m02:29:42.312385 [info ] [Thread-7 (]: 7 of 9 SKIP relation PUBLIC_L5_CORE.mart_customer_delivery ..................... [[33mSKIP[0m]
[0m02:29:42.313007 [debug] [Thread-7 (]: Finished running node model.zero_to_one_chain.mart_customer_delivery
[0m02:29:42.675019 [debug] [Thread-2 (]: SQL status: SUCCESS 1 in 1.425 seconds
[0m02:29:42.678266 [info ] [Thread-2 (]: 1 of 9 OK created sql table model PUBLIC_L5_CORE.dim_supplier .................. [[32mSUCCESS 1[0m in 1.59s]
[0m02:29:42.679060 [debug] [Thread-2 (]: Finished running node model.zero_to_one_chain.dim_supplier
[0m02:29:42.680278 [debug] [Thread-3 (]: Began running node model.zero_to_one_chain.fact_purchase_orders
[0m02:29:42.681392 [info ] [Thread-3 (]: 8 of 9 START sql table model PUBLIC_L5_CORE.fact_purchase_orders ............... [RUN]
[0m02:29:42.682192 [debug] [Thread-3 (]: Re-using an available connection from the pool (formerly model.zero_to_one_chain.stg_inventory, now model.zero_to_one_chain.fact_purchase_orders)
[0m02:29:42.682723 [debug] [Thread-3 (]: Began compiling node model.zero_to_one_chain.fact_purchase_orders
[0m02:29:42.688884 [debug] [Thread-3 (]: Writing injected SQL for node "model.zero_to_one_chain.fact_purchase_orders"
[0m02:29:42.689802 [debug] [Thread-3 (]: Began executing node model.zero_to_one_chain.fact_purchase_orders
[0m02:29:42.695957 [debug] [Thread-3 (]: Writing runtime sql for node "model.zero_to_one_chain.fact_purchase_orders"
[0m02:29:42.700184 [debug] [Thread-3 (]: Using snowflake connection "model.zero_to_one_chain.fact_purchase_orders"
[0m02:29:42.701005 [debug] [Thread-3 (]: On model.zero_to_one_chain.fact_purchase_orders: /* {"app": "dbt", "dbt_version": "1.9.4", "profile_name": "zero_to_one_chain", "target_name": "dev", "node_id": "model.zero_to_one_chain.fact_purchase_orders"} */
create or replace transient table ZERO_TO_ONE_CHAIN.PUBLIC_L5_CORE.fact_purchase_orders
         as
        (-- Conformed fact: purchase orders enriched with supplier risk + cost analytics


WITH pos AS (
    SELECT * FROM ZERO_TO_ONE_CHAIN.PUBLIC_L2_STAGE.stg_purchase_orders
),

suppliers AS (
    SELECT
        supplier_id,
        supplier_name,
        region AS supplier_region,
        country AS supplier_country,
        tier,
        blended_risk_score,
        health_tier,
        dual_source_available
    FROM ZERO_TO_ONE_CHAIN.PUBLIC_L5_CORE.dim_supplier
),

materials AS (
    SELECT
        material_number,
        material_description,
        material_type,
        material_group,
        category,
        family,
        abc_class,
        standard_cost_usd
    FROM ZERO_TO_ONE_CHAIN.L1_INGESTION.RAW_ERP_MATERIALS
),

enriched AS (
    SELECT
        po.po_number,
        po.po_header_id,
        po.line_number,
        po.po_date,
        DATE_TRUNC('MONTH', po.po_date) AS po_month,
        DATE_TRUNC('QUARTER', po.po_date) AS po_quarter,
        po.po_type,
        po.po_status,

        -- Supplier context
        po.supplier_id,
        s.supplier_name,
        s.supplier_region,
        s.supplier_country,
        s.tier AS supplier_tier,
        s.blended_risk_score AS supplier_risk_score,
        s.health_tier AS supplier_health,
        s.dual_source_available,

        -- Material context
        po.material_number,
        m.material_description,
        m.material_type,
        po.material_group,
        m.category,
        m.family,
        m.abc_class,

        -- Quantities
        po.ordered_qty,
        po.received_qty,
        po.rejected_qty,
        po.ordered_qty - po.received_qty AS open_qty,
        CASE WHEN po.ordered_qty > 0
             THEN ROUND(po.rejected_qty / po.ordered_qty * 100, 2)
             ELSE 0
        END AS reject_rate_pct,
        po.uom,

        -- Financials
        po.unit_price_usd,
        po.extended_price_usd,
        po.discount_pct,
        po.freight_cost_usd,
        po.duty_cost_usd,
        po.handling_cost_usd,
        po.landed_cost_usd,
        CASE WHEN po.ordered_qty > 0
             THEN ROUND(po.landed_cost_usd / po.ordered_qty, 2)
             ELSE NULL
        END AS landed_cost_per_unit,

        -- Cost variance: actual vs standard
        CASE WHEN m.standard_cost_usd > 0 AND po.ordered_qty > 0
             THEN ROUND((po.landed_cost_usd / po.ordered_qty - m.standard_cost_usd) / m.standard_cost_usd * 100, 2)
             ELSE NULL
        END AS cost_variance_pct,

        -- Delivery
        po.requested_delivery_date,
        po.confirmed_delivery_date,
        po.actual_delivery_date,
        po.delivery_variance_days,
        po.is_on_time,
        po.is_in_full,
        po.is_otif,

        -- Lead time
        DATEDIFF(DAY, po.po_date, po.confirmed_delivery_date) AS planned_lead_time_days,
        DATEDIFF(DAY, po.po_date, po.actual_delivery_date) AS actual_lead_time_days,

        -- Risk flags
        CASE
            WHEN s.health_tier = 'RED' THEN 'HIGH_RISK_SUPPLIER'
            WHEN po.rejected_qty > 0 THEN 'QUALITY_ISSUE'
            WHEN NOT po.is_on_time AND po.actual_delivery_date IS NOT NULL THEN 'LATE_DELIVERY'
            WHEN s.dual_source_available = 'No' AND m.abc_class = 'A' THEN 'SINGLE_SOURCE_CRITICAL'
            ELSE 'NORMAL'
        END AS risk_flag,

        po.priority,
        po.order_source,
        po.cost_center,
        po.project_code,
        po.plant_code
    FROM pos po
    LEFT JOIN suppliers s ON s.supplier_id = po.supplier_id
    LEFT JOIN materials m ON m.material_number = po.material_number
)

SELECT * FROM enriched
        );
[0m02:29:42.701759 [debug] [Thread-3 (]: Opening a new connection, currently in state init
[0m02:29:43.168935 [debug] [Thread-3 (]: Snowflake adapter: Snowflake query id: 01c78bb9-0002-c035-000f-0efe0003b26a
[0m02:29:43.169688 [debug] [Thread-3 (]: Snowflake adapter: Snowflake error: 000904 (42000): SQL compilation error: error line 13 at position 8
invalid identifier 'SUPPLIER_NAME'
[0m02:29:43.173181 [debug] [Thread-3 (]: Database Error in model fact_purchase_orders (models/marts/fact_purchase_orders.sql)
  000904 (42000): SQL compilation error: error line 13 at position 8
  invalid identifier 'SUPPLIER_NAME'
  compiled code at target/run/zero_to_one_chain/models/marts/fact_purchase_orders.sql
[0m02:29:43.174441 [error] [Thread-3 (]: 8 of 9 ERROR creating sql table model PUBLIC_L5_CORE.fact_purchase_orders ...... [[31mERROR[0m in 0.49s]
[0m02:29:43.175187 [debug] [Thread-3 (]: Finished running node model.zero_to_one_chain.fact_purchase_orders
[0m02:29:43.175925 [debug] [Thread-12 ]: Marking all children of 'model.zero_to_one_chain.fact_purchase_orders' to be skipped because of status 'error'.  Reason: Database Error in model fact_purchase_orders (models/marts/fact_purchase_orders.sql)
  000904 (42000): SQL compilation error: error line 13 at position 8
  invalid identifier 'SUPPLIER_NAME'
  compiled code at target/run/zero_to_one_chain/models/marts/fact_purchase_orders.sql.
[0m02:29:43.177108 [debug] [Thread-5 (]: Began running node model.zero_to_one_chain.mart_supplier_scorecard
[0m02:29:43.178040 [info ] [Thread-5 (]: 9 of 9 SKIP relation PUBLIC_L5_CORE.mart_supplier_scorecard .................... [[33mSKIP[0m]
[0m02:29:43.178613 [debug] [Thread-5 (]: Finished running node model.zero_to_one_chain.mart_supplier_scorecard
[0m02:29:43.183133 [debug] [Dummy-1   ]: Connection 'master' was properly closed.
[0m02:29:43.183777 [debug] [Dummy-1   ]: Connection 'model.zero_to_one_chain.fact_purchase_orders' was properly closed.
[0m02:29:43.184264 [debug] [Dummy-1   ]: Connection 'model.zero_to_one_chain.stg_purchase_orders' was properly closed.
[0m02:29:43.184716 [debug] [Dummy-1   ]: Connection 'model.zero_to_one_chain.dim_supplier' was properly closed.
[0m02:29:43.185121 [debug] [Dummy-1   ]: Connection 'model.zero_to_one_chain.stg_sales_orders' was properly closed.
[0m02:29:43.185738 [debug] [Dummy-1   ]: Connection 'model.zero_to_one_chain.stg_shipments' was properly closed.
[0m02:29:43.186224 [debug] [Dummy-1   ]: Connection 'model.zero_to_one_chain.fact_orders' was properly closed.
[0m02:29:43.186830 [info ] [Dummy-1   ]: 
[0m02:29:43.187318 [info ] [Dummy-1   ]: Finished running 5 table models, 4 view models in 0 hours 0 minutes and 3.06 seconds (3.06s).
[0m02:29:43.188827 [debug] [Dummy-1   ]: Command end result
[0m02:29:43.219678 [debug] [Dummy-1   ]: Wrote artifact WritableManifest to /tmp/dbt/target/manifest.json
[0m02:29:43.222173 [debug] [Dummy-1   ]: Wrote artifact SemanticManifest to /tmp/dbt/target/semantic_manifest.json
[0m02:29:43.229211 [debug] [Dummy-1   ]: Wrote artifact RunExecutionResult to /tmp/dbt/target/run_results.json
[0m02:29:43.229868 [info ] [Dummy-1   ]: 
[0m02:29:43.230521 [info ] [Dummy-1   ]: [31mCompleted with 2 errors, 0 partial successes, and 0 warnings:[0m
[0m02:29:43.231156 [info ] [Dummy-1   ]: 
[0m02:29:43.231829 [error] [Dummy-1   ]:   Database Error in model fact_orders (models/marts/fact_orders.sql)
  000904 (42000): SQL compilation error: error line 87 at position 39
  invalid identifier 'C.SLA_CONTRACT'
  compiled code at target/run/zero_to_one_chain/models/marts/fact_orders.sql
[0m02:29:43.232388 [info ] [Dummy-1   ]: 
[0m02:29:43.233109 [error] [Dummy-1   ]:   Database Error in model fact_purchase_orders (models/marts/fact_purchase_orders.sql)
  000904 (42000): SQL compilation error: error line 13 at position 8
  invalid identifier 'SUPPLIER_NAME'
  compiled code at target/run/zero_to_one_chain/models/marts/fact_purchase_orders.sql
[0m02:29:43.233775 [info ] [Dummy-1   ]: 
[0m02:29:43.234485 [info ] [Dummy-1   ]: Done. PASS=5 WARN=0 ERROR=2 SKIP=2 TOTAL=9
[0m02:29:43.236431 [debug] [Dummy-1   ]: Resource report: {"command_name": "run", "command_success": false, "command_wall_clock_time": 6.200875, "process_in_blocks": "0", "process_kernel_time": 1.02, "process_mem_max_rss": "543256", "process_out_blocks": "0", "process_user_time": 6.29}
[0m02:29:43.237086 [debug] [Dummy-1   ]: Command `cli run` failed at 02:29:43.236810 after 6.20 seconds
[0m02:29:43.237722 [debug] [Dummy-1   ]: Flushing usage events


============================== 02:30:37.394980 | 2af1b699-47b4-4d9c-910c-2123ef848fc9 ==============================
[0m02:30:37.394980 [info ] [Dummy-1   ]: Running with dbt=1.9.4
[0m02:30:37.395898 [debug] [Dummy-1   ]: running dbt with arguments {'printer_width': '80', 'indirect_selection': 'eager', 'log_cache_events': 'False', 'write_json': 'True', 'partial_parse': 'True', 'cache_selected_only': 'False', 'warn_error': 'None', 'version_check': 'True', 'debug': 'False', 'log_path': '/tmp/dbt/logs', 'profiles_dir': '/tmp/dbt_effective_profiles_6oohvp6w', 'fail_fast': 'False', 'use_colors': 'True', 'use_experimental_parser': 'False', 'no_print': 'None', 'quiet': 'False', 'empty': 'False', 'warn_error_options': 'WarnErrorOptions(include=[], exclude=[])', 'static_parser': 'True', 'invocation_command': 'dbt ', 'log_format': 'default', 'target_path': 'None', 'introspect': 'True', 'send_anonymous_usage_stats': 'False'}
[0m02:30:37.589230 [info ] [Dummy-1   ]: State adapter: dbt-state v0.0.0 is disabled
[0m02:30:37.679604 [info ] [Dummy-1   ]: Registered adapter: snowflake=1.9.2
[0m02:30:38.223805 [debug] [Dummy-1   ]: checksum: 53ed91fada2233efb98368d1716b44ab532c83a9c293cf1890b7905d5b45fb25, vars: {}, profile: , target: dev, version: 1.9.4
[0m02:30:38.546320 [debug] [Dummy-1   ]: Partial parsing enabled: 0 files deleted, 0 files added, 3 files changed.
[0m02:30:38.547314 [debug] [Dummy-1   ]: Partial parsing: updated file: zero_to_one_chain://models/marts/fact_orders.sql
[0m02:30:38.548018 [debug] [Dummy-1   ]: Partial parsing: updated file: zero_to_one_chain://models/marts/fact_purchase_orders.sql
[0m02:30:38.548710 [debug] [Dummy-1   ]: Partial parsing: updated file: zero_to_one_chain://models/marts/dim_supplier.sql
[0m02:30:39.172639 [warn ] [Dummy-1   ]: [[33mWARNING[0m]: Configuration paths exist in your dbt_project.yml file which do not apply to any resources.
There are 1 unused configuration paths:
- models.zero_to_one_chain.metrics
[0m02:30:39.302571 [debug] [Dummy-1   ]: Wrote artifact WritableManifest to /tmp/dbt/target/manifest.json
[0m02:30:39.304706 [debug] [Dummy-1   ]: Wrote artifact SemanticManifest to /tmp/dbt/target/semantic_manifest.json
[0m02:30:39.349165 [info ] [Dummy-1   ]: Found 9 models, 32 data tests, 11 sources, 474 macros
[0m02:30:39.352182 [info ] [Dummy-1   ]: 
[0m02:30:39.352760 [info ] [Dummy-1   ]: Concurrency: 8 threads (target='dev')
[0m02:30:39.353231 [info ] [Dummy-1   ]: 
[0m02:30:39.354056 [debug] [Dummy-1   ]: Acquiring new snowflake connection 'master'
[0m02:30:39.360511 [debug] [ThreadPool]: Acquiring new snowflake connection 'list_ZERO_TO_ONE_CHAIN'
[0m02:30:39.362313 [debug] [ThreadPool]: Acquiring new snowflake connection 'list_ZERO_TO_ONE_CHAIN'
[0m02:30:39.450377 [debug] [ThreadPool]: Using snowflake connection "list_ZERO_TO_ONE_CHAIN"
[0m02:30:39.451108 [debug] [ThreadPool]: Using snowflake connection "list_ZERO_TO_ONE_CHAIN"
[0m02:30:39.451653 [debug] [ThreadPool]: On list_ZERO_TO_ONE_CHAIN: /* {"app": "dbt", "dbt_version": "1.9.4", "profile_name": "zero_to_one_chain", "target_name": "dev", "connection_name": "list_ZERO_TO_ONE_CHAIN"} */
show terse schemas in database ZERO_TO_ONE_CHAIN
    limit 10000
[0m02:30:39.452158 [debug] [ThreadPool]: On list_ZERO_TO_ONE_CHAIN: /* {"app": "dbt", "dbt_version": "1.9.4", "profile_name": "zero_to_one_chain", "target_name": "dev", "connection_name": "list_ZERO_TO_ONE_CHAIN"} */
show terse schemas in database ZERO_TO_ONE_CHAIN
    limit 10000
[0m02:30:39.452627 [debug] [ThreadPool]: Opening a new connection, currently in state init
[0m02:30:39.453133 [debug] [ThreadPool]: Opening a new connection, currently in state init
[0m02:30:39.783093 [debug] [ThreadPool]: SQL status: SUCCESS 15 in 0.330 seconds
[0m02:30:39.786102 [debug] [ThreadPool]: SQL status: SUCCESS 15 in 0.333 seconds
[0m02:30:39.790920 [debug] [ThreadPool]: Re-using an available connection from the pool (formerly list_ZERO_TO_ONE_CHAIN, now list_ZERO_TO_ONE_CHAIN_PUBLIC_L2_STAGE)
[0m02:30:39.793141 [debug] [ThreadPool]: Re-using an available connection from the pool (formerly list_ZERO_TO_ONE_CHAIN, now list_ZERO_TO_ONE_CHAIN_PUBLIC_L5_CORE)
[0m02:30:39.806678 [debug] [ThreadPool]: Using snowflake connection "list_ZERO_TO_ONE_CHAIN_PUBLIC_L2_STAGE"
[0m02:30:39.810563 [debug] [ThreadPool]: Using snowflake connection "list_ZERO_TO_ONE_CHAIN_PUBLIC_L5_CORE"
[0m02:30:39.811184 [debug] [ThreadPool]: On list_ZERO_TO_ONE_CHAIN_PUBLIC_L2_STAGE: /* {"app": "dbt", "dbt_version": "1.9.4", "profile_name": "zero_to_one_chain", "target_name": "dev", "connection_name": "list_ZERO_TO_ONE_CHAIN_PUBLIC_L2_STAGE"} */
alter session set quoted_identifiers_ignore_case = false;
[0m02:30:39.811755 [debug] [ThreadPool]: On list_ZERO_TO_ONE_CHAIN_PUBLIC_L5_CORE: /* {"app": "dbt", "dbt_version": "1.9.4", "profile_name": "zero_to_one_chain", "target_name": "dev", "connection_name": "list_ZERO_TO_ONE_CHAIN_PUBLIC_L5_CORE"} */
alter session set quoted_identifiers_ignore_case = false;
[0m02:30:39.812259 [debug] [ThreadPool]: Opening a new connection, currently in state init
[0m02:30:39.812705 [debug] [ThreadPool]: Opening a new connection, currently in state init
[0m02:30:40.787409 [debug] [ThreadPool]: SQL status: SUCCESS 1 in 0.975 seconds
[0m02:30:40.792083 [debug] [ThreadPool]: Using snowflake connection "list_ZERO_TO_ONE_CHAIN_PUBLIC_L2_STAGE"
[0m02:30:40.792667 [debug] [ThreadPool]: On list_ZERO_TO_ONE_CHAIN_PUBLIC_L2_STAGE: /* {"app": "dbt", "dbt_version": "1.9.4", "profile_name": "zero_to_one_chain", "target_name": "dev", "connection_name": "list_ZERO_TO_ONE_CHAIN_PUBLIC_L2_STAGE"} */
show objects in ZERO_TO_ONE_CHAIN.PUBLIC_L2_STAGE
    limit 10000
    
;
[0m02:30:40.796852 [debug] [ThreadPool]: SQL status: SUCCESS 1 in 0.984 seconds
[0m02:30:40.798703 [debug] [ThreadPool]: Using snowflake connection "list_ZERO_TO_ONE_CHAIN_PUBLIC_L5_CORE"
[0m02:30:40.799176 [debug] [ThreadPool]: On list_ZERO_TO_ONE_CHAIN_PUBLIC_L5_CORE: /* {"app": "dbt", "dbt_version": "1.9.4", "profile_name": "zero_to_one_chain", "target_name": "dev", "connection_name": "list_ZERO_TO_ONE_CHAIN_PUBLIC_L5_CORE"} */
show objects in ZERO_TO_ONE_CHAIN.PUBLIC_L5_CORE
    limit 10000
    
;
[0m02:30:40.873677 [debug] [ThreadPool]: SQL status: SUCCESS 4 in 0.080 seconds
[0m02:30:40.875878 [debug] [ThreadPool]: Using snowflake connection "list_ZERO_TO_ONE_CHAIN_PUBLIC_L2_STAGE"
[0m02:30:40.876425 [debug] [ThreadPool]: On list_ZERO_TO_ONE_CHAIN_PUBLIC_L2_STAGE: /* {"app": "dbt", "dbt_version": "1.9.4", "profile_name": "zero_to_one_chain", "target_name": "dev", "connection_name": "list_ZERO_TO_ONE_CHAIN_PUBLIC_L2_STAGE"} */
alter session unset quoted_identifiers_ignore_case;
[0m02:30:40.891736 [debug] [ThreadPool]: SQL status: SUCCESS 3 in 0.092 seconds
[0m02:30:40.893856 [debug] [ThreadPool]: Using snowflake connection "list_ZERO_TO_ONE_CHAIN_PUBLIC_L5_CORE"
[0m02:30:40.894371 [debug] [ThreadPool]: On list_ZERO_TO_ONE_CHAIN_PUBLIC_L5_CORE: /* {"app": "dbt", "dbt_version": "1.9.4", "profile_name": "zero_to_one_chain", "target_name": "dev", "connection_name": "list_ZERO_TO_ONE_CHAIN_PUBLIC_L5_CORE"} */
alter session unset quoted_identifiers_ignore_case;
[0m02:30:40.923579 [debug] [ThreadPool]: SQL status: SUCCESS 1 in 0.047 seconds
[0m02:30:40.959481 [debug] [ThreadPool]: SQL status: SUCCESS 1 in 0.064 seconds
[0m02:30:40.977042 [debug] [Thread-2 (]: Began running node model.zero_to_one_chain.dim_supplier
[0m02:30:40.978149 [debug] [Thread-3 (]: Began running node model.zero_to_one_chain.stg_inventory
[0m02:30:40.978794 [debug] [Thread-4 (]: Began running node model.zero_to_one_chain.stg_purchase_orders
[0m02:30:40.979414 [debug] [Thread-5 (]: Began running node model.zero_to_one_chain.stg_sales_orders
[0m02:30:40.979983 [debug] [Thread-6 (]: Began running node model.zero_to_one_chain.stg_shipments
[0m02:30:40.980707 [info ] [Thread-2 (]: 1 of 9 START sql table model PUBLIC_L5_CORE.dim_supplier ....................... [RUN]
[0m02:30:40.981520 [info ] [Thread-3 (]: 2 of 9 START sql view model PUBLIC_L2_STAGE.stg_inventory ...................... [RUN]
[0m02:30:40.982244 [info ] [Thread-4 (]: 3 of 9 START sql view model PUBLIC_L2_STAGE.stg_purchase_orders ................ [RUN]
[0m02:30:40.982953 [info ] [Thread-5 (]: 4 of 9 START sql view model PUBLIC_L2_STAGE.stg_sales_orders ................... [RUN]
[0m02:30:40.983641 [info ] [Thread-6 (]: 5 of 9 START sql view model PUBLIC_L2_STAGE.stg_shipments ...................... [RUN]
[0m02:30:40.984355 [debug] [Thread-2 (]: Re-using an available connection from the pool (formerly list_ZERO_TO_ONE_CHAIN_PUBLIC_L2_STAGE, now model.zero_to_one_chain.dim_supplier)
[0m02:30:40.984944 [debug] [Thread-3 (]: Re-using an available connection from the pool (formerly list_ZERO_TO_ONE_CHAIN_PUBLIC_L5_CORE, now model.zero_to_one_chain.stg_inventory)
[0m02:30:40.985676 [debug] [Thread-4 (]: Acquiring new snowflake connection 'model.zero_to_one_chain.stg_purchase_orders'
[0m02:30:40.986310 [debug] [Thread-5 (]: Acquiring new snowflake connection 'model.zero_to_one_chain.stg_sales_orders'
[0m02:30:40.986922 [debug] [Thread-6 (]: Acquiring new snowflake connection 'model.zero_to_one_chain.stg_shipments'
[0m02:30:40.987459 [debug] [Thread-2 (]: Began compiling node model.zero_to_one_chain.dim_supplier
[0m02:30:40.987988 [debug] [Thread-3 (]: Began compiling node model.zero_to_one_chain.stg_inventory
[0m02:30:40.988512 [debug] [Thread-4 (]: Began compiling node model.zero_to_one_chain.stg_purchase_orders
[0m02:30:40.989024 [debug] [Thread-5 (]: Began compiling node model.zero_to_one_chain.stg_sales_orders
[0m02:30:40.989605 [debug] [Thread-6 (]: Began compiling node model.zero_to_one_chain.stg_shipments
[0m02:30:40.999248 [debug] [Thread-2 (]: Writing injected SQL for node "model.zero_to_one_chain.dim_supplier"
[0m02:30:41.005750 [debug] [Thread-3 (]: Writing injected SQL for node "model.zero_to_one_chain.stg_inventory"
[0m02:30:41.010350 [debug] [Thread-4 (]: Writing injected SQL for node "model.zero_to_one_chain.stg_purchase_orders"
[0m02:30:41.015133 [debug] [Thread-5 (]: Writing injected SQL for node "model.zero_to_one_chain.stg_sales_orders"
[0m02:30:41.019861 [debug] [Thread-6 (]: Writing injected SQL for node "model.zero_to_one_chain.stg_shipments"
[0m02:30:41.021076 [debug] [Thread-2 (]: Began executing node model.zero_to_one_chain.dim_supplier
[0m02:30:41.021892 [debug] [Thread-3 (]: Began executing node model.zero_to_one_chain.stg_inventory
[0m02:30:41.022666 [debug] [Thread-4 (]: Began executing node model.zero_to_one_chain.stg_purchase_orders
[0m02:30:41.023557 [debug] [Thread-5 (]: Began executing node model.zero_to_one_chain.stg_sales_orders
[0m02:30:41.040895 [debug] [Thread-6 (]: Began executing node model.zero_to_one_chain.stg_shipments
[0m02:30:41.137186 [debug] [Thread-2 (]: Writing runtime sql for node "model.zero_to_one_chain.dim_supplier"
[0m02:30:41.185527 [debug] [Thread-3 (]: Writing runtime sql for node "model.zero_to_one_chain.stg_inventory"
[0m02:30:41.194424 [debug] [Thread-4 (]: Writing runtime sql for node "model.zero_to_one_chain.stg_purchase_orders"
[0m02:30:41.198919 [debug] [Thread-5 (]: Writing runtime sql for node "model.zero_to_one_chain.stg_sales_orders"
[0m02:30:41.203295 [debug] [Thread-6 (]: Writing runtime sql for node "model.zero_to_one_chain.stg_shipments"
[0m02:30:41.209210 [debug] [Thread-2 (]: Using snowflake connection "model.zero_to_one_chain.dim_supplier"
[0m02:30:41.211617 [debug] [Thread-3 (]: Using snowflake connection "model.zero_to_one_chain.stg_inventory"
[0m02:30:41.214763 [debug] [Thread-4 (]: Using snowflake connection "model.zero_to_one_chain.stg_purchase_orders"
[0m02:30:41.217875 [debug] [Thread-5 (]: Using snowflake connection "model.zero_to_one_chain.stg_sales_orders"
[0m02:30:41.218759 [debug] [Thread-2 (]: On model.zero_to_one_chain.dim_supplier: /* {"app": "dbt", "dbt_version": "1.9.4", "profile_name": "zero_to_one_chain", "target_name": "dev", "node_id": "model.zero_to_one_chain.dim_supplier"} */
create or replace transient table ZERO_TO_ONE_CHAIN.PUBLIC_L5_CORE.dim_supplier
         as
        (-- Conformed supplier dimension: entity resolution from ERP + SRM with survivorship rules


WITH erp_vendors AS (
    SELECT
        vendor_code AS supplier_id,
        vendor_name AS supplier_name,
        vendor_region AS region,
        country_code AS country,
        vendor_tier AS tier,
        vendor_status AS erp_status,
        primary_category,
        certifications,
        onboarding_date,
        annual_spend_usd_mm,
        avg_lead_time_days,
        historical_otd_pct,
        defect_rate_ppm,
        financial_risk_score,
        geopolitical_risk_score,
        payment_terms,
        company_size,
        employee_count,
        dual_source_available,
        last_audit_date,
        last_audit_result,
        DATEDIFF(DAY, onboarding_date, CURRENT_DATE()) AS tenure_days,
        CASE
            WHEN vendor_status = 'Inactive' THEN 0
            WHEN vendor_status = 'Probation' THEN 1
            WHEN vendor_status = 'Active' AND vendor_tier = 'Tier 3' THEN 2
            WHEN vendor_status = 'Active' AND vendor_tier = 'Tier 2' THEN 3
            WHEN vendor_status = 'Active' AND vendor_tier = 'Tier 1' THEN 4
            ELSE 2
        END AS erp_maturity_score
    FROM ZERO_TO_ONE_CHAIN.L1_INGESTION.RAW_ERP_VENDORS
),

srm_suppliers AS (
    SELECT
        supplier_id AS srm_id,
        erp_vendor_ref,
        supplier_name AS srm_name,
        quality_score,
        delivery_reliability_pct,
        responsiveness_score,
        innovation_score,
        sustainability_score,
        cost_competitiveness_idx,
        relationship_tier AS srm_tier,
        esg_compliance_status,
        carbon_intensity_score,
        concentration_risk,
        backup_supplier_exists,
        -- SRM composite: weighted scorecard
        ROUND(
            quality_score * 0.30
            + delivery_reliability_pct * 0.25
            + responsiveness_score * 10 * 0.15
            + innovation_score * 10 * 0.10
            + sustainability_score * 10 * 0.10
            + cost_competitiveness_idx * 0.10
        , 2) AS srm_composite_score
    FROM ZERO_TO_ONE_CHAIN.L1_INGESTION.RAW_SRM_SUPPLIERS
),

-- Entity resolution: join ERP vendors to SRM suppliers via erp_vendor_ref
resolved AS (
    SELECT
        e.*,
        s.srm_id,
        s.srm_name,
        s.quality_score,
        s.delivery_reliability_pct,
        s.responsiveness_score,
        s.innovation_score,
        s.sustainability_score,
        s.cost_competitiveness_idx,
        s.srm_tier,
        s.esg_compliance_status,
        s.carbon_intensity_score,
        s.concentration_risk,
        s.backup_supplier_exists,
        s.srm_composite_score,
        CASE
            WHEN s.erp_vendor_ref = e.supplier_id THEN 'EXACT_KEY'
            WHEN s.srm_id IS NOT NULL THEN 'FUZZY'
            ELSE 'ERP_ONLY'
        END AS match_method,
        -- Blended risk score: weighted across ERP + SRM signals
        ROUND(
            COALESCE(e.financial_risk_score, 3) / 5 * 100 * 0.20
            + COALESCE(e.geopolitical_risk_score, 3) / 5 * 100 * 0.15
            + (100 - COALESCE(s.quality_score, 70)) * 0.20
            + (100 - COALESCE(s.delivery_reliability_pct, 70)) * 0.20
            + (100 - COALESCE(e.historical_otd_pct, 70)) * 0.15
            + CASE COALESCE(s.concentration_risk, 'Medium')
                WHEN 'Critical' THEN 100 WHEN 'High' THEN 75
                WHEN 'Medium' THEN 50 WHEN 'Low' THEN 25 ELSE 50
              END * 0.10
        , 2) AS blended_risk_score,
        -- Supplier health tier
        CASE
            WHEN e.last_audit_result = 'Fail' OR e.erp_status = 'Inactive' THEN 'RED'
            WHEN e.erp_status = 'Probation' OR COALESCE(s.quality_score, 70) < 70 THEN 'AMBER'
            WHEN COALESCE(s.srm_composite_score, 50) >= 70 AND e.historical_otd_pct >= 85 THEN 'GREEN'
            ELSE 'AMBER'
        END AS health_tier
    FROM erp_vendors e
    LEFT JOIN srm_suppliers s ON s.erp_vendor_ref = e.supplier_id
)

SELECT * FROM resolved
        );
[0m02:30:41.221214 [debug] [Thread-6 (]: Using snowflake connection "model.zero_to_one_chain.stg_shipments"
[0m02:30:41.221902 [debug] [Thread-3 (]: On model.zero_to_one_chain.stg_inventory: /* {"app": "dbt", "dbt_version": "1.9.4", "profile_name": "zero_to_one_chain", "target_name": "dev", "node_id": "model.zero_to_one_chain.stg_inventory"} */
create or replace   view ZERO_TO_ONE_CHAIN.PUBLIC_L2_STAGE.stg_inventory
  
   as (
    -- Staged inventory snapshots


SELECT
    snapshot_date::DATE AS snapshot_date,
    UPPER(TRIM(plant_code)) AS plant_code,
    UPPER(TRIM(material_number)) AS material_number,
    UPPER(TRIM(storage_location)) AS storage_location,
    GREATEST(on_hand_qty, 0) AS on_hand_qty,
    GREATEST(allocated_qty, 0) AS allocated_qty,
    GREATEST(on_hand_qty - allocated_qty, 0) AS available_qty,
    GREATEST(in_transit_qty, 0) AS in_transit_qty,
    GREATEST(on_order_qty, 0) AS on_order_qty,
    GREATEST(quarantine_qty, 0) AS quarantine_qty,
    unit_cost_usd,
    ROUND(GREATEST(on_hand_qty, 0) * unit_cost_usd, 2) AS inventory_value_usd,
    reorder_point,
    safety_stock_qty,
    CASE
        WHEN on_hand_qty <= 0 THEN 'STOCKOUT'
        WHEN on_hand_qty <= reorder_point THEN 'BELOW_ROP'
        WHEN on_hand_qty <= safety_stock_qty THEN 'BELOW_SAFETY'
        ELSE 'ADEQUATE'
    END AS stock_status,
    days_on_hand,
    UPPER(TRIM(abc_classification)) AS abc_class,
    turnover_ratio,
    obsolescence_risk_pct,
    carrying_cost_usd_daily,
    _loaded_at,
    _source_system
FROM ZERO_TO_ONE_CHAIN.L1_INGESTION.RAW_ERP_INVENTORY_SNAPSHOTS
  );
[0m02:30:41.222661 [debug] [Thread-4 (]: On model.zero_to_one_chain.stg_purchase_orders: /* {"app": "dbt", "dbt_version": "1.9.4", "profile_name": "zero_to_one_chain", "target_name": "dev", "node_id": "model.zero_to_one_chain.stg_purchase_orders"} */
create or replace   view ZERO_TO_ONE_CHAIN.PUBLIC_L2_STAGE.stg_purchase_orders
  
   as (
    -- Staged purchase orders: typed, normalized, standardized OTD logic


SELECT
    po_number,
    po_header_id,
    line_number,
    po_date::DATE AS po_date,
    UPPER(TRIM(po_type)) AS po_type,
    UPPER(TRIM(po_status)) AS po_status,
    UPPER(TRIM(vendor_code)) AS supplier_id,
    UPPER(TRIM(receiving_plant)) AS plant_code,
    UPPER(TRIM(material_number)) AS material_number,
    UPPER(TRIM(material_group)) AS material_group,
    GREATEST(ordered_qty, 0) AS ordered_qty,
    GREATEST(received_qty, 0) AS received_qty,
    GREATEST(rejected_qty, 0) AS rejected_qty,
    UPPER(TRIM(uom)) AS uom,
    unit_price AS unit_price_local,
    UPPER(TRIM(price_currency)) AS price_currency,
    fx_rate_to_usd,
    ROUND(unit_price / NULLIF(fx_rate_to_usd, 0), 4) AS unit_price_usd,
    ROUND(ordered_qty * unit_price / NULLIF(fx_rate_to_usd, 0), 2) AS extended_price_usd,
    discount_pct,
    freight_cost_usd,
    duty_cost_usd,
    handling_cost_usd,
    ROUND(
        ordered_qty * unit_price / NULLIF(fx_rate_to_usd, 0)
        + COALESCE(freight_cost_usd, 0)
        + COALESCE(duty_cost_usd, 0)
        + COALESCE(handling_cost_usd, 0), 2
    ) AS landed_cost_usd,
    requested_delivery_date::DATE AS requested_delivery_date,
    confirmed_delivery_date::DATE AS confirmed_delivery_date,
    actual_delivery_date::DATE AS actual_delivery_date,
    DATEDIFF(DAY, confirmed_delivery_date, actual_delivery_date) AS delivery_variance_days,
    CASE WHEN actual_delivery_date IS NOT NULL AND actual_delivery_date <= confirmed_delivery_date THEN TRUE ELSE FALSE END AS is_on_time,
    CASE WHEN actual_delivery_date IS NOT NULL AND received_qty >= ordered_qty THEN TRUE ELSE FALSE END AS is_in_full,
    CASE WHEN actual_delivery_date IS NOT NULL AND actual_delivery_date <= confirmed_delivery_date AND received_qty >= ordered_qty THEN TRUE ELSE FALSE END AS is_otif,
    UPPER(TRIM(priority)) AS priority,
    UPPER(TRIM(order_source)) AS order_source,
    cost_center,
    project_code,
    _loaded_at,
    _source_system
FROM ZERO_TO_ONE_CHAIN.L1_INGESTION.RAW_ERP_PURCHASE_ORDERS
  );
[0m02:30:41.223398 [debug] [Thread-5 (]: On model.zero_to_one_chain.stg_sales_orders: /* {"app": "dbt", "dbt_version": "1.9.4", "profile_name": "zero_to_one_chain", "target_name": "dev", "node_id": "model.zero_to_one_chain.stg_sales_orders"} */
create or replace   view ZERO_TO_ONE_CHAIN.PUBLIC_L2_STAGE.stg_sales_orders
  
   as (
    -- Staged sales orders: standardized OTD/OTIF/fill rate definitions


SELECT
    order_number,
    order_header_id,
    line_item,
    order_date::DATE AS order_date,
    UPPER(TRIM(order_type)) AS order_type,
    UPPER(TRIM(order_status)) AS order_status,
    UPPER(TRIM(customer_id)) AS customer_id,
    UPPER(TRIM(shipping_plant)) AS plant_code,
    UPPER(TRIM(material_number)) AS material_number,
    GREATEST(ordered_qty, 0) AS ordered_qty,
    GREATEST(shipped_qty, 0) AS shipped_qty,
    GREATEST(delivered_qty, 0) AS delivered_qty,
    UPPER(TRIM(uom)) AS uom,
    unit_price_usd,
    ROUND(ordered_qty * unit_price_usd, 2) AS line_value_usd,
    discount_pct,
    ROUND(ordered_qty * unit_price_usd * (1 - COALESCE(discount_pct, 0) / 100), 2) AS net_value_usd,
    requested_delivery_date::DATE AS requested_delivery_date,
    committed_delivery_date::DATE AS committed_delivery_date,
    actual_delivery_date::DATE AS actual_delivery_date,
    DATEDIFF(DAY, committed_delivery_date, actual_delivery_date) AS delivery_variance_days,
    CASE WHEN actual_delivery_date IS NOT NULL AND actual_delivery_date <= committed_delivery_date THEN TRUE ELSE FALSE END AS is_on_time,
    CASE WHEN delivered_qty >= ordered_qty THEN TRUE ELSE FALSE END AS is_in_full,
    CASE WHEN actual_delivery_date IS NOT NULL AND actual_delivery_date <= committed_delivery_date AND delivered_qty >= ordered_qty THEN TRUE ELSE FALSE END AS is_otif,
    DIV0(delivered_qty, ordered_qty) * 100 AS fill_rate_pct,
    UPPER(TRIM(ship_to_region)) AS ship_to_region,
    UPPER(TRIM(ship_to_country)) AS ship_to_country,
    UPPER(TRIM(shipping_method)) AS shipping_method,
    shipment_ref,
    freight_charge_usd,
    UPPER(TRIM(service_level)) AS service_level,
    UPPER(TRIM(priority)) AS priority,
    UPPER(TRIM(channel)) AS channel,
    _loaded_at,
    _source_system
FROM ZERO_TO_ONE_CHAIN.L1_INGESTION.RAW_ERP_SALES_ORDERS
  );
[0m02:30:41.224024 [debug] [Thread-2 (]: Opening a new connection, currently in state init
[0m02:30:41.224653 [debug] [Thread-6 (]: On model.zero_to_one_chain.stg_shipments: /* {"app": "dbt", "dbt_version": "1.9.4", "profile_name": "zero_to_one_chain", "target_name": "dev", "node_id": "model.zero_to_one_chain.stg_shipments"} */
create or replace   view ZERO_TO_ONE_CHAIN.PUBLIC_L2_STAGE.stg_shipments
  
   as (
    -- Staged shipments from TMS


SELECT
    shipment_id,
    bill_of_lading,
    ship_date::DATE AS ship_date,
    estimated_arrival::DATE AS estimated_arrival,
    actual_arrival::DATE AS actual_arrival,
    UPPER(TRIM(shipment_status)) AS shipment_status,
    UPPER(TRIM(transport_mode)) AS transport_mode,
    UPPER(TRIM(carrier_name)) AS carrier_name,
    UPPER(TRIM(carrier_code)) AS carrier_code,
    UPPER(TRIM(origin_plant)) AS origin_plant,
    UPPER(TRIM(destination_plant)) AS destination_plant,
    UPPER(TRIM(origin_region)) AS origin_region,
    UPPER(TRIM(destination_region)) AS destination_region,
    GREATEST(gross_weight_kg, 0) AS gross_weight_kg,
    GREATEST(volume_cbm, 0) AS volume_cbm,
    GREATEST(package_count, 0) AS package_count,
    freight_cost_usd,
    insurance_cost_usd,
    customs_duty_usd,
    handling_charges_usd,
    ROUND(COALESCE(freight_cost_usd,0) + COALESCE(insurance_cost_usd,0) + COALESCE(customs_duty_usd,0) + COALESCE(handling_charges_usd,0), 2) AS total_logistics_cost_usd,
    UPPER(TRIM(incoterm)) AS incoterm,
    transit_exceptions_count,
    co2_emissions_kg,
    CASE WHEN actual_arrival IS NOT NULL AND actual_arrival <= estimated_arrival THEN TRUE ELSE FALSE END AS is_on_time,
    CASE WHEN actual_arrival IS NOT NULL THEN DATEDIFF(DAY, estimated_arrival, actual_arrival) ELSE NULL END AS delay_days,
    reference_po,
    _loaded_at,
    _source_system
FROM ZERO_TO_ONE_CHAIN.L1_INGESTION.RAW_TMS_SHIPMENTS
  );
[0m02:30:41.225218 [debug] [Thread-3 (]: Opening a new connection, currently in state init
[0m02:30:41.225777 [debug] [Thread-4 (]: Opening a new connection, currently in state init
[0m02:30:41.226340 [debug] [Thread-5 (]: Opening a new connection, currently in state init
[0m02:30:41.226964 [debug] [Thread-6 (]: Opening a new connection, currently in state init
[0m02:30:42.390200 [debug] [Thread-3 (]: SQL status: SUCCESS 1 in 1.165 seconds
[0m02:30:42.417299 [info ] [Thread-3 (]: 2 of 9 OK created sql view model PUBLIC_L2_STAGE.stg_inventory ................. [[32mSUCCESS 1[0m in 1.43s]
[0m02:30:42.418195 [debug] [Thread-3 (]: Finished running node model.zero_to_one_chain.stg_inventory
[0m02:30:42.421229 [debug] [Thread-6 (]: SQL status: SUCCESS 1 in 1.194 seconds
[0m02:30:42.424201 [info ] [Thread-6 (]: 5 of 9 OK created sql view model PUBLIC_L2_STAGE.stg_shipments ................. [[32mSUCCESS 1[0m in 1.44s]
[0m02:30:42.424958 [debug] [Thread-6 (]: Finished running node model.zero_to_one_chain.stg_shipments
[0m02:30:42.436953 [debug] [Thread-4 (]: SQL status: SUCCESS 1 in 1.211 seconds
[0m02:30:42.440013 [info ] [Thread-4 (]: 3 of 9 OK created sql view model PUBLIC_L2_STAGE.stg_purchase_orders ........... [[32mSUCCESS 1[0m in 1.45s]
[0m02:30:42.440802 [debug] [Thread-4 (]: Finished running node model.zero_to_one_chain.stg_purchase_orders
[0m02:30:42.474545 [debug] [Thread-5 (]: SQL status: SUCCESS 1 in 1.248 seconds
[0m02:30:42.477794 [info ] [Thread-5 (]: 4 of 9 OK created sql view model PUBLIC_L2_STAGE.stg_sales_orders .............. [[32mSUCCESS 1[0m in 1.49s]
[0m02:30:42.478577 [debug] [Thread-5 (]: Finished running node model.zero_to_one_chain.stg_sales_orders
[0m02:30:42.479572 [debug] [Thread-8 (]: Began running node model.zero_to_one_chain.fact_orders
[0m02:30:42.480306 [info ] [Thread-8 (]: 6 of 9 START sql table model PUBLIC_L5_CORE.fact_orders ........................ [RUN]
[0m02:30:42.481065 [debug] [Thread-8 (]: Acquiring new snowflake connection 'model.zero_to_one_chain.fact_orders'
[0m02:30:42.481657 [debug] [Thread-8 (]: Began compiling node model.zero_to_one_chain.fact_orders
[0m02:30:42.487740 [debug] [Thread-8 (]: Writing injected SQL for node "model.zero_to_one_chain.fact_orders"
[0m02:30:42.488523 [debug] [Thread-8 (]: Began executing node model.zero_to_one_chain.fact_orders
[0m02:30:42.492796 [debug] [Thread-8 (]: Writing runtime sql for node "model.zero_to_one_chain.fact_orders"
[0m02:30:42.496544 [debug] [Thread-8 (]: Using snowflake connection "model.zero_to_one_chain.fact_orders"
[0m02:30:42.497305 [debug] [Thread-8 (]: On model.zero_to_one_chain.fact_orders: /* {"app": "dbt", "dbt_version": "1.9.4", "profile_name": "zero_to_one_chain", "target_name": "dev", "node_id": "model.zero_to_one_chain.fact_orders"} */
create or replace transient table ZERO_TO_ONE_CHAIN.PUBLIC_L5_CORE.fact_orders
         as
        (-- Conformed fact: sales orders enriched with customer + plant context and derived metrics


WITH orders AS (
    SELECT * FROM ZERO_TO_ONE_CHAIN.PUBLIC_L2_STAGE.stg_sales_orders
),

customers AS (
    SELECT
        customer_id,
        customer_name,
        customer_region,
        industry,
        segment,
        service_tier,
        sla_target_otd_pct,
        credit_risk,
        sla_contract
    FROM ZERO_TO_ONE_CHAIN.L1_INGESTION.RAW_ERP_CUSTOMERS
),

plants AS (
    SELECT
        plant_code AS plant_id,
        plant_name,
        region AS plant_region,
        country AS plant_country,
        plant_type
    FROM ZERO_TO_ONE_CHAIN.L1_INGESTION.RAW_ERP_PLANTS
),

enriched AS (
    SELECT
        o.order_number,
        o.order_header_id,
        o.line_item,
        o.order_date,
        DATE_TRUNC('MONTH', o.order_date) AS order_month,
        DATE_TRUNC('QUARTER', o.order_date) AS order_quarter,
        DAYOFWEEK(o.order_date) AS order_dow,
        o.order_type,
        o.order_status,

        -- Customer context
        o.customer_id,
        c.customer_name,
        c.customer_region,
        c.industry,
        c.segment,
        c.service_tier,
        c.credit_risk,

        -- Plant context
        o.plant_code,
        p.plant_name,
        p.plant_region,
        p.plant_country,

        -- Quantities
        o.ordered_qty,
        o.shipped_qty,
        o.delivered_qty,
        o.ordered_qty - o.delivered_qty AS shortfall_qty,
        o.uom,

        -- Financials
        o.unit_price_usd,
        o.line_value_usd,
        o.discount_pct,
        o.net_value_usd,
        o.freight_charge_usd,
        CASE WHEN o.ordered_qty > 0 THEN ROUND(o.net_value_usd / o.ordered_qty, 2) ELSE NULL END AS net_price_per_unit,

        -- Delivery dates + metrics
        o.requested_delivery_date,
        o.committed_delivery_date,
        o.actual_delivery_date,
        o.delivery_variance_days,
        o.is_on_time,
        o.is_in_full,
        o.is_otif,
        o.fill_rate_pct,

        -- SLA breach detection
        COALESCE(c.sla_target_otd_pct, 95) AS sla_target,
        CASE WHEN NOT o.is_on_time AND c.sla_contract = 'Yes' THEN TRUE ELSE FALSE END AS is_sla_breach,

        -- Aging: days since order
        DATEDIFF(DAY, o.order_date, COALESCE(o.actual_delivery_date, CURRENT_DATE())) AS order_age_days,
        CASE
            WHEN o.order_status IN ('CLOSED', 'INVOICED', 'DELIVERED') THEN 'COMPLETE'
            WHEN o.order_status = 'CANCELLED' THEN 'CANCELLED'
            WHEN DATEDIFF(DAY, o.committed_delivery_date, CURRENT_DATE()) > 14 THEN 'OVERDUE_CRITICAL'
            WHEN DATEDIFF(DAY, o.committed_delivery_date, CURRENT_DATE()) > 0 THEN 'OVERDUE'
            ELSE 'ON_TRACK'
        END AS order_health,

        -- Rolling window: rank within customer by value
        ROW_NUMBER() OVER (PARTITION BY o.customer_id ORDER BY o.net_value_usd DESC) AS customer_value_rank,

        o.ship_to_region,
        o.ship_to_country,
        o.shipping_method,
        o.shipment_ref,
        o.service_level,
        o.priority,
        o.channel
    FROM orders o
    LEFT JOIN customers c ON c.customer_id = o.customer_id
    LEFT JOIN plants p ON p.plant_id = o.plant_code
)

SELECT * FROM enriched
        );
[0m02:30:42.497995 [debug] [Thread-8 (]: Opening a new connection, currently in state init
[0m02:30:43.293953 [debug] [Thread-2 (]: SQL status: SUCCESS 1 in 2.070 seconds
[0m02:30:43.296941 [info ] [Thread-2 (]: 1 of 9 OK created sql table model PUBLIC_L5_CORE.dim_supplier .................. [[32mSUCCESS 1[0m in 2.31s]
[0m02:30:43.297728 [debug] [Thread-2 (]: Finished running node model.zero_to_one_chain.dim_supplier
[0m02:30:43.298721 [debug] [Thread-7 (]: Began running node model.zero_to_one_chain.fact_purchase_orders
[0m02:30:43.299497 [info ] [Thread-7 (]: 7 of 9 START sql table model PUBLIC_L5_CORE.fact_purchase_orders ............... [RUN]
[0m02:30:43.300265 [debug] [Thread-7 (]: Acquiring new snowflake connection 'model.zero_to_one_chain.fact_purchase_orders'
[0m02:30:43.300795 [debug] [Thread-7 (]: Began compiling node model.zero_to_one_chain.fact_purchase_orders
[0m02:30:43.306590 [debug] [Thread-7 (]: Writing injected SQL for node "model.zero_to_one_chain.fact_purchase_orders"
[0m02:30:43.307402 [debug] [Thread-7 (]: Began executing node model.zero_to_one_chain.fact_purchase_orders
[0m02:30:43.313826 [debug] [Thread-7 (]: Writing runtime sql for node "model.zero_to_one_chain.fact_purchase_orders"
[0m02:30:43.317967 [debug] [Thread-7 (]: Using snowflake connection "model.zero_to_one_chain.fact_purchase_orders"
[0m02:30:43.318740 [debug] [Thread-7 (]: On model.zero_to_one_chain.fact_purchase_orders: /* {"app": "dbt", "dbt_version": "1.9.4", "profile_name": "zero_to_one_chain", "target_name": "dev", "node_id": "model.zero_to_one_chain.fact_purchase_orders"} */
create or replace transient table ZERO_TO_ONE_CHAIN.PUBLIC_L5_CORE.fact_purchase_orders
         as
        (-- Conformed fact: purchase orders enriched with supplier risk + cost analytics


WITH pos AS (
    SELECT * FROM ZERO_TO_ONE_CHAIN.PUBLIC_L2_STAGE.stg_purchase_orders
),

suppliers AS (
    SELECT
        supplier_id,
        supplier_name AS supplier_name,
        region AS supplier_region,
        country AS supplier_country,
        tier,
        blended_risk_score,
        health_tier,
        dual_source_available
    FROM ZERO_TO_ONE_CHAIN.PUBLIC_L5_CORE.dim_supplier
),

materials AS (
    SELECT
        material_number,
        material_description,
        material_type,
        material_group,
        category,
        family,
        abc_class,
        standard_cost_usd
    FROM ZERO_TO_ONE_CHAIN.L1_INGESTION.RAW_ERP_MATERIALS
),

enriched AS (
    SELECT
        po.po_number,
        po.po_header_id,
        po.line_number,
        po.po_date,
        DATE_TRUNC('MONTH', po.po_date) AS po_month,
        DATE_TRUNC('QUARTER', po.po_date) AS po_quarter,
        po.po_type,
        po.po_status,

        -- Supplier context
        po.supplier_id,
        s.supplier_name,
        s.supplier_region,
        s.supplier_country,
        s.tier AS supplier_tier,
        s.blended_risk_score AS supplier_risk_score,
        s.health_tier AS supplier_health,
        s.dual_source_available,

        -- Material context
        po.material_number,
        m.material_description,
        m.material_type,
        po.material_group,
        m.category,
        m.family,
        m.abc_class,

        -- Quantities
        po.ordered_qty,
        po.received_qty,
        po.rejected_qty,
        po.ordered_qty - po.received_qty AS open_qty,
        CASE WHEN po.ordered_qty > 0
             THEN ROUND(po.rejected_qty / po.ordered_qty * 100, 2)
             ELSE 0
        END AS reject_rate_pct,
        po.uom,

        -- Financials
        po.unit_price_usd,
        po.extended_price_usd,
        po.discount_pct,
        po.freight_cost_usd,
        po.duty_cost_usd,
        po.handling_cost_usd,
        po.landed_cost_usd,
        CASE WHEN po.ordered_qty > 0
             THEN ROUND(po.landed_cost_usd / po.ordered_qty, 2)
             ELSE NULL
        END AS landed_cost_per_unit,

        -- Cost variance: actual vs standard
        CASE WHEN m.standard_cost_usd > 0 AND po.ordered_qty > 0
             THEN ROUND((po.landed_cost_usd / po.ordered_qty - m.standard_cost_usd) / m.standard_cost_usd * 100, 2)
             ELSE NULL
        END AS cost_variance_pct,

        -- Delivery
        po.requested_delivery_date,
        po.confirmed_delivery_date,
        po.actual_delivery_date,
        po.delivery_variance_days,
        po.is_on_time,
        po.is_in_full,
        po.is_otif,

        -- Lead time
        DATEDIFF(DAY, po.po_date, po.confirmed_delivery_date) AS planned_lead_time_days,
        DATEDIFF(DAY, po.po_date, po.actual_delivery_date) AS actual_lead_time_days,

        -- Risk flags
        CASE
            WHEN s.health_tier = 'RED' THEN 'HIGH_RISK_SUPPLIER'
            WHEN po.rejected_qty > 0 THEN 'QUALITY_ISSUE'
            WHEN NOT po.is_on_time AND po.actual_delivery_date IS NOT NULL THEN 'LATE_DELIVERY'
            WHEN s.dual_source_available = 'No' AND m.abc_class = 'A' THEN 'SINGLE_SOURCE_CRITICAL'
            ELSE 'NORMAL'
        END AS risk_flag,

        po.priority,
        po.order_source,
        po.cost_center,
        po.project_code,
        po.plant_code
    FROM pos po
    LEFT JOIN suppliers s ON s.supplier_id = po.supplier_id
    LEFT JOIN materials m ON m.material_number = po.material_number
)

SELECT * FROM enriched
        );
[0m02:30:43.319396 [debug] [Thread-7 (]: Opening a new connection, currently in state init
[0m02:30:45.428351 [debug] [Thread-8 (]: SQL status: SUCCESS 1 in 2.930 seconds
[0m02:30:45.431476 [info ] [Thread-8 (]: 6 of 9 OK created sql table model PUBLIC_L5_CORE.fact_orders ................... [[32mSUCCESS 1[0m in 2.95s]
[0m02:30:45.432244 [debug] [Thread-8 (]: Finished running node model.zero_to_one_chain.fact_orders
[0m02:30:45.433109 [debug] [Thread-6 (]: Began running node model.zero_to_one_chain.mart_customer_delivery
[0m02:30:45.433880 [info ] [Thread-6 (]: 8 of 9 START sql table model PUBLIC_L5_CORE.mart_customer_delivery ............. [RUN]
[0m02:30:45.434537 [debug] [Thread-6 (]: Re-using an available connection from the pool (formerly model.zero_to_one_chain.stg_shipments, now model.zero_to_one_chain.mart_customer_delivery)
[0m02:30:45.435064 [debug] [Thread-6 (]: Began compiling node model.zero_to_one_chain.mart_customer_delivery
[0m02:30:45.440374 [debug] [Thread-6 (]: Writing injected SQL for node "model.zero_to_one_chain.mart_customer_delivery"
[0m02:30:45.441118 [debug] [Thread-6 (]: Began executing node model.zero_to_one_chain.mart_customer_delivery
[0m02:30:45.445262 [debug] [Thread-6 (]: Writing runtime sql for node "model.zero_to_one_chain.mart_customer_delivery"
[0m02:30:45.448505 [debug] [Thread-6 (]: Using snowflake connection "model.zero_to_one_chain.mart_customer_delivery"
[0m02:30:45.449226 [debug] [Thread-6 (]: On model.zero_to_one_chain.mart_customer_delivery: /* {"app": "dbt", "dbt_version": "1.9.4", "profile_name": "zero_to_one_chain", "target_name": "dev", "node_id": "model.zero_to_one_chain.mart_customer_delivery"} */
create or replace transient table ZERO_TO_ONE_CHAIN.PUBLIC_L5_CORE.mart_customer_delivery
         as
        (-- Customer delivery performance: SLA tracking with breach analysis


WITH customer_monthly AS (
    SELECT
        customer_id,
        customer_name,
        customer_region,
        industry,
        segment,
        service_tier,
        order_month,
        COUNT(*) AS total_lines,
        COUNT_IF(is_on_time) AS on_time_lines,
        COUNT_IF(is_otif) AS otif_lines,
        COUNT_IF(is_sla_breach) AS sla_breaches,
        SUM(net_value_usd) AS total_revenue,
        SUM(CASE WHEN NOT is_on_time THEN net_value_usd ELSE 0 END) AS late_order_revenue,
        AVG(delivery_variance_days) AS avg_delivery_variance,
        AVG(fill_rate_pct) AS avg_fill_rate,
        COUNT_IF(order_health = 'OVERDUE_CRITICAL') AS critical_overdue_count
    FROM ZERO_TO_ONE_CHAIN.PUBLIC_L5_CORE.fact_orders
    WHERE order_date IS NOT NULL
    GROUP BY 1, 2, 3, 4, 5, 6, 7
),

with_metrics AS (
    SELECT
        cm.*,
        ROUND(DIV0(cm.on_time_lines, cm.total_lines) * 100, 2) AS otd_pct,
        ROUND(DIV0(cm.otif_lines, cm.total_lines) * 100, 2) AS otif_pct,
        ROUND(DIV0(cm.late_order_revenue, NULLIF(cm.total_revenue, 0)) * 100, 2) AS late_revenue_pct,

        -- Month-over-month trend
        LAG(ROUND(DIV0(cm.on_time_lines, cm.total_lines) * 100, 2))
            OVER (PARTITION BY cm.customer_id ORDER BY cm.order_month) AS prev_month_otd,

        -- 3-month rolling average
        AVG(ROUND(DIV0(cm.on_time_lines, cm.total_lines) * 100, 2))
            OVER (PARTITION BY cm.customer_id ORDER BY cm.order_month
                  ROWS BETWEEN 2 PRECEDING AND CURRENT ROW) AS otd_3m_rolling,

        -- Customer revenue rank (overall)
        DENSE_RANK() OVER (PARTITION BY cm.order_month ORDER BY cm.total_revenue DESC) AS revenue_rank,

        -- Cumulative SLA breaches YTD
        SUM(cm.sla_breaches)
            OVER (PARTITION BY cm.customer_id, DATE_TRUNC('YEAR', cm.order_month)
                  ORDER BY cm.order_month) AS ytd_sla_breaches
    FROM customer_monthly cm
),

final AS (
    SELECT
        wm.*,
        CASE
            WHEN wm.otd_pct >= 95 AND wm.sla_breaches = 0 THEN 'EXCELLENT'
            WHEN wm.otd_pct >= 85 THEN 'GOOD'
            WHEN wm.otd_pct >= 70 THEN 'AT_RISK'
            ELSE 'CRITICAL'
        END AS delivery_health,
        CASE
            WHEN wm.ytd_sla_breaches > 10 AND wm.service_tier IN ('Platinum', 'Gold') THEN 'ESCALATION_REQUIRED'
            WHEN wm.ytd_sla_breaches > 5 THEN 'REVIEW_REQUIRED'
            WHEN wm.critical_overdue_count > 0 THEN 'ATTENTION'
            ELSE 'OK'
        END AS action_status
    FROM with_metrics wm
)

SELECT * FROM final
        );
[0m02:30:45.449882 [debug] [Thread-6 (]: Opening a new connection, currently in state init
[0m02:30:46.965993 [debug] [Thread-7 (]: SQL status: SUCCESS 1 in 3.646 seconds
[0m02:30:46.969102 [info ] [Thread-7 (]: 7 of 9 OK created sql table model PUBLIC_L5_CORE.fact_purchase_orders .......... [[32mSUCCESS 1[0m in 3.67s]
[0m02:30:46.970003 [debug] [Thread-7 (]: Finished running node model.zero_to_one_chain.fact_purchase_orders
[0m02:30:46.970961 [debug] [Thread-5 (]: Began running node model.zero_to_one_chain.mart_supplier_scorecard
[0m02:30:46.971773 [info ] [Thread-5 (]: 9 of 9 START sql table model PUBLIC_L5_CORE.mart_supplier_scorecard ............ [RUN]
[0m02:30:46.972448 [debug] [Thread-5 (]: Re-using an available connection from the pool (formerly model.zero_to_one_chain.stg_sales_orders, now model.zero_to_one_chain.mart_supplier_scorecard)
[0m02:30:46.972958 [debug] [Thread-5 (]: Began compiling node model.zero_to_one_chain.mart_supplier_scorecard
[0m02:30:46.978160 [debug] [Thread-5 (]: Writing injected SQL for node "model.zero_to_one_chain.mart_supplier_scorecard"
[0m02:30:46.978903 [debug] [Thread-5 (]: Began executing node model.zero_to_one_chain.mart_supplier_scorecard
[0m02:30:46.985124 [debug] [Thread-5 (]: Writing runtime sql for node "model.zero_to_one_chain.mart_supplier_scorecard"
[0m02:30:46.988618 [debug] [Thread-5 (]: Using snowflake connection "model.zero_to_one_chain.mart_supplier_scorecard"
[0m02:30:46.989376 [debug] [Thread-5 (]: On model.zero_to_one_chain.mart_supplier_scorecard: /* {"app": "dbt", "dbt_version": "1.9.4", "profile_name": "zero_to_one_chain", "target_name": "dev", "node_id": "model.zero_to_one_chain.mart_supplier_scorecard"} */
create or replace transient table ZERO_TO_ONE_CHAIN.PUBLIC_L5_CORE.mart_supplier_scorecard
         as
        (-- Supplier scorecard: aggregated monthly performance with trend detection


WITH monthly_po AS (
    SELECT
        supplier_id,
        DATE_TRUNC('MONTH', po_date) AS score_month,
        COUNT(*) AS total_lines,
        COUNT_IF(is_on_time) AS on_time_lines,
        COUNT_IF(is_otif) AS otif_lines,
        SUM(ordered_qty) AS total_ordered,
        SUM(received_qty) AS total_received,
        SUM(rejected_qty) AS total_rejected,
        SUM(landed_cost_usd) AS total_spend,
        AVG(delivery_variance_days) AS avg_delivery_variance,
        AVG(CASE WHEN ordered_qty > 0 THEN landed_cost_usd / ordered_qty END) AS avg_unit_cost
    FROM ZERO_TO_ONE_CHAIN.PUBLIC_L5_CORE.fact_purchase_orders
    WHERE po_date IS NOT NULL
    GROUP BY supplier_id, DATE_TRUNC('MONTH', po_date)
),

scored AS (
    SELECT
        m.*,
        ROUND(DIV0(m.on_time_lines, m.total_lines) * 100, 2) AS otd_pct,
        ROUND(DIV0(m.otif_lines, m.total_lines) * 100, 2) AS otif_pct,
        ROUND(DIV0(m.total_rejected, NULLIF(m.total_ordered, 0)) * 100, 2) AS reject_rate_pct,
        ROUND(DIV0(m.total_received, NULLIF(m.total_ordered, 0)) * 100, 2) AS fill_rate_pct,

        -- Trend: compare to previous month using LAG
        LAG(ROUND(DIV0(m.on_time_lines, m.total_lines) * 100, 2))
            OVER (PARTITION BY m.supplier_id ORDER BY m.score_month) AS prev_month_otd,
        ROUND(DIV0(m.on_time_lines, m.total_lines) * 100, 2)
            - COALESCE(LAG(ROUND(DIV0(m.on_time_lines, m.total_lines) * 100, 2))
                OVER (PARTITION BY m.supplier_id ORDER BY m.score_month), 0) AS otd_mom_change,

        -- 3-month moving average
        AVG(ROUND(DIV0(m.on_time_lines, m.total_lines) * 100, 2))
            OVER (PARTITION BY m.supplier_id ORDER BY m.score_month
                  ROWS BETWEEN 2 PRECEDING AND CURRENT ROW) AS otd_3m_avg,

        -- Spend rank within month
        RANK() OVER (PARTITION BY m.score_month ORDER BY m.total_spend DESC) AS spend_rank_in_month

    FROM monthly_po m
),

with_grade AS (
    SELECT
        s.*,
        sup.supplier_name,
        sup.region AS supplier_region,
        sup.tier,
        sup.health_tier,
        CASE
            WHEN s.otd_pct >= 95 AND s.reject_rate_pct <= 1 THEN 'A'
            WHEN s.otd_pct >= 85 AND s.reject_rate_pct <= 5 THEN 'B'
            WHEN s.otd_pct >= 70 THEN 'C'
            ELSE 'D'
        END AS monthly_grade,
        CASE
            WHEN s.otd_mom_change < -10 THEN 'DECLINING_FAST'
            WHEN s.otd_mom_change < -3 THEN 'DECLINING'
            WHEN s.otd_mom_change > 5 THEN 'IMPROVING'
            ELSE 'STABLE'
        END AS trend_direction
    FROM scored s
    LEFT JOIN ZERO_TO_ONE_CHAIN.PUBLIC_L5_CORE.dim_supplier sup ON sup.supplier_id = s.supplier_id
)

SELECT * FROM with_grade
        );
[0m02:30:46.990060 [debug] [Thread-5 (]: Opening a new connection, currently in state init
[0m02:30:47.204092 [debug] [Thread-6 (]: SQL status: SUCCESS 1 in 1.754 seconds
[0m02:30:47.207216 [info ] [Thread-6 (]: 8 of 9 OK created sql table model PUBLIC_L5_CORE.mart_customer_delivery ........ [[32mSUCCESS 1[0m in 1.77s]
[0m02:30:47.208019 [debug] [Thread-6 (]: Finished running node model.zero_to_one_chain.mart_customer_delivery
[0m02:30:48.483718 [debug] [Thread-5 (]: SQL status: SUCCESS 1 in 1.493 seconds
[0m02:30:48.486638 [info ] [Thread-5 (]: 9 of 9 OK created sql table model PUBLIC_L5_CORE.mart_supplier_scorecard ....... [[32mSUCCESS 1[0m in 1.51s]
[0m02:30:48.487399 [debug] [Thread-5 (]: Finished running node model.zero_to_one_chain.mart_supplier_scorecard
[0m02:30:48.492160 [debug] [Dummy-1   ]: Connection 'master' was properly closed.
[0m02:30:48.492997 [debug] [Dummy-1   ]: Connection 'model.zero_to_one_chain.stg_inventory' was properly closed.
[0m02:30:48.493596 [debug] [Dummy-1   ]: Connection 'model.zero_to_one_chain.dim_supplier' was properly closed.
[0m02:30:48.494072 [debug] [Dummy-1   ]: Connection 'model.zero_to_one_chain.stg_purchase_orders' was properly closed.
[0m02:30:48.494520 [debug] [Dummy-1   ]: Connection 'model.zero_to_one_chain.mart_supplier_scorecard' was properly closed.
[0m02:30:48.494929 [debug] [Dummy-1   ]: Connection 'model.zero_to_one_chain.mart_customer_delivery' was properly closed.
[0m02:30:48.495343 [debug] [Dummy-1   ]: Connection 'model.zero_to_one_chain.fact_orders' was properly closed.
[0m02:30:48.495762 [debug] [Dummy-1   ]: Connection 'model.zero_to_one_chain.fact_purchase_orders' was properly closed.
[0m02:30:48.496359 [info ] [Dummy-1   ]: 
[0m02:30:48.496873 [info ] [Dummy-1   ]: Finished running 5 table models, 4 view models in 0 hours 0 minutes and 9.14 seconds (9.14s).
[0m02:30:48.498612 [debug] [Dummy-1   ]: Command end result
[0m02:30:48.529060 [debug] [Dummy-1   ]: Wrote artifact WritableManifest to /tmp/dbt/target/manifest.json
[0m02:30:48.531305 [debug] [Dummy-1   ]: Wrote artifact SemanticManifest to /tmp/dbt/target/semantic_manifest.json
[0m02:30:48.537715 [debug] [Dummy-1   ]: Wrote artifact RunExecutionResult to /tmp/dbt/target/run_results.json
[0m02:30:48.538247 [info ] [Dummy-1   ]: 
[0m02:30:48.538862 [info ] [Dummy-1   ]: [32mCompleted successfully[0m
[0m02:30:48.539355 [info ] [Dummy-1   ]: 
[0m02:30:48.539859 [info ] [Dummy-1   ]: Done. PASS=9 WARN=0 ERROR=0 SKIP=0 TOTAL=9
[0m02:30:48.541692 [debug] [Dummy-1   ]: Resource report: {"command_name": "run", "command_success": true, "command_wall_clock_time": 11.221213, "process_in_blocks": "0", "process_kernel_time": 0.98, "process_mem_max_rss": "546500", "process_out_blocks": "0", "process_user_time": 5.36}
[0m02:30:48.542322 [debug] [Dummy-1   ]: Command `cli run` succeeded at 02:30:48.542058 after 11.22 seconds
[0m02:30:48.542860 [debug] [Dummy-1   ]: Flushing usage events


============================== 02:31:11.102671 | 497300dc-0b12-41e2-974c-8edaad0b11df ==============================
[0m02:31:11.102671 [info ] [Dummy-1   ]: Running with dbt=1.9.4
[0m02:31:11.103600 [debug] [Dummy-1   ]: running dbt with arguments {'printer_width': '80', 'indirect_selection': 'eager', 'log_cache_events': 'False', 'write_json': 'True', 'partial_parse': 'True', 'cache_selected_only': 'False', 'profiles_dir': '/tmp/dbt_effective_profiles_kp88f1wu', 'version_check': 'True', 'debug': 'False', 'log_path': '/tmp/dbt/logs', 'warn_error': 'None', 'fail_fast': 'False', 'use_colors': 'True', 'use_experimental_parser': 'False', 'empty': 'None', 'quiet': 'False', 'no_print': 'None', 'warn_error_options': 'WarnErrorOptions(include=[], exclude=[])', 'invocation_command': 'dbt ', 'log_format': 'default', 'static_parser': 'True', 'target_path': 'None', 'introspect': 'True', 'send_anonymous_usage_stats': 'False'}
[0m02:31:11.299996 [info ] [Dummy-1   ]: State adapter: dbt-state v0.0.0 is disabled
[0m02:31:11.391049 [info ] [Dummy-1   ]: Registered adapter: snowflake=1.9.2
[0m02:31:11.939150 [debug] [Dummy-1   ]: checksum: 53ed91fada2233efb98368d1716b44ab532c83a9c293cf1890b7905d5b45fb25, vars: {}, profile: , target: dev, version: 1.9.4
[0m02:31:12.261073 [debug] [Dummy-1   ]: Partial parsing enabled: 0 files deleted, 0 files added, 0 files changed.
[0m02:31:12.261679 [debug] [Dummy-1   ]: Partial parsing enabled, no changes found, skipping parsing
[0m02:31:12.269227 [warn ] [Dummy-1   ]: [[33mWARNING[0m]: Configuration paths exist in your dbt_project.yml file which do not apply to any resources.
There are 1 unused configuration paths:
- models.zero_to_one_chain.metrics
[0m02:31:12.428210 [debug] [Dummy-1   ]: Wrote artifact WritableManifest to /tmp/dbt/target/manifest.json
[0m02:31:12.430410 [debug] [Dummy-1   ]: Wrote artifact SemanticManifest to /tmp/dbt/target/semantic_manifest.json
[0m02:31:12.493666 [info ] [Dummy-1   ]: Found 9 models, 32 data tests, 11 sources, 474 macros
[0m02:31:12.497680 [info ] [Dummy-1   ]: 
[0m02:31:12.498288 [info ] [Dummy-1   ]: Concurrency: 8 threads (target='dev')
[0m02:31:12.498753 [info ] [Dummy-1   ]: 
[0m02:31:12.499522 [debug] [Dummy-1   ]: Acquiring new snowflake connection 'master'
[0m02:31:12.506307 [debug] [ThreadPool]: Acquiring new snowflake connection 'list_ZERO_TO_ONE_CHAIN_PUBLIC_L2_STAGE'
[0m02:31:12.508526 [debug] [ThreadPool]: Acquiring new snowflake connection 'list_ZERO_TO_ONE_CHAIN_PUBLIC_L5_CORE'
[0m02:31:12.624075 [debug] [ThreadPool]: Using snowflake connection "list_ZERO_TO_ONE_CHAIN_PUBLIC_L2_STAGE"
[0m02:31:12.624843 [debug] [ThreadPool]: Using snowflake connection "list_ZERO_TO_ONE_CHAIN_PUBLIC_L5_CORE"
[0m02:31:12.625377 [debug] [ThreadPool]: On list_ZERO_TO_ONE_CHAIN_PUBLIC_L2_STAGE: /* {"app": "dbt", "dbt_version": "1.9.4", "profile_name": "zero_to_one_chain", "target_name": "dev", "connection_name": "list_ZERO_TO_ONE_CHAIN_PUBLIC_L2_STAGE"} */
alter session set quoted_identifiers_ignore_case = false;
[0m02:31:12.625898 [debug] [ThreadPool]: On list_ZERO_TO_ONE_CHAIN_PUBLIC_L5_CORE: /* {"app": "dbt", "dbt_version": "1.9.4", "profile_name": "zero_to_one_chain", "target_name": "dev", "connection_name": "list_ZERO_TO_ONE_CHAIN_PUBLIC_L5_CORE"} */
alter session set quoted_identifiers_ignore_case = false;
[0m02:31:12.626372 [debug] [ThreadPool]: Opening a new connection, currently in state init
[0m02:31:12.626856 [debug] [ThreadPool]: Opening a new connection, currently in state init
[0m02:31:12.950797 [debug] [ThreadPool]: SQL status: SUCCESS 1 in 0.324 seconds
[0m02:31:12.955574 [debug] [ThreadPool]: Using snowflake connection "list_ZERO_TO_ONE_CHAIN_PUBLIC_L2_STAGE"
[0m02:31:12.956242 [debug] [ThreadPool]: On list_ZERO_TO_ONE_CHAIN_PUBLIC_L2_STAGE: /* {"app": "dbt", "dbt_version": "1.9.4", "profile_name": "zero_to_one_chain", "target_name": "dev", "connection_name": "list_ZERO_TO_ONE_CHAIN_PUBLIC_L2_STAGE"} */
show objects in ZERO_TO_ONE_CHAIN.PUBLIC_L2_STAGE
    limit 10000
    
;
[0m02:31:12.957780 [debug] [ThreadPool]: SQL status: SUCCESS 1 in 0.331 seconds
[0m02:31:12.959809 [debug] [ThreadPool]: Using snowflake connection "list_ZERO_TO_ONE_CHAIN_PUBLIC_L5_CORE"
[0m02:31:12.960358 [debug] [ThreadPool]: On list_ZERO_TO_ONE_CHAIN_PUBLIC_L5_CORE: /* {"app": "dbt", "dbt_version": "1.9.4", "profile_name": "zero_to_one_chain", "target_name": "dev", "connection_name": "list_ZERO_TO_ONE_CHAIN_PUBLIC_L5_CORE"} */
show objects in ZERO_TO_ONE_CHAIN.PUBLIC_L5_CORE
    limit 10000
    
;
[0m02:31:13.024998 [debug] [ThreadPool]: SQL status: SUCCESS 4 in 0.068 seconds
[0m02:31:13.027253 [debug] [ThreadPool]: Using snowflake connection "list_ZERO_TO_ONE_CHAIN_PUBLIC_L2_STAGE"
[0m02:31:13.027925 [debug] [ThreadPool]: On list_ZERO_TO_ONE_CHAIN_PUBLIC_L2_STAGE: /* {"app": "dbt", "dbt_version": "1.9.4", "profile_name": "zero_to_one_chain", "target_name": "dev", "connection_name": "list_ZERO_TO_ONE_CHAIN_PUBLIC_L2_STAGE"} */
alter session unset quoted_identifiers_ignore_case;
[0m02:31:13.030205 [debug] [ThreadPool]: SQL status: SUCCESS 5 in 0.069 seconds
[0m02:31:13.032352 [debug] [ThreadPool]: Using snowflake connection "list_ZERO_TO_ONE_CHAIN_PUBLIC_L5_CORE"
[0m02:31:13.032887 [debug] [ThreadPool]: On list_ZERO_TO_ONE_CHAIN_PUBLIC_L5_CORE: /* {"app": "dbt", "dbt_version": "1.9.4", "profile_name": "zero_to_one_chain", "target_name": "dev", "connection_name": "list_ZERO_TO_ONE_CHAIN_PUBLIC_L5_CORE"} */
alter session unset quoted_identifiers_ignore_case;
[0m02:31:13.090703 [debug] [ThreadPool]: SQL status: SUCCESS 1 in 0.062 seconds
[0m02:31:13.099355 [debug] [ThreadPool]: SQL status: SUCCESS 1 in 0.066 seconds
[0m02:31:13.120362 [debug] [Thread-2 (]: Began running node test.zero_to_one_chain.accepted_values_dim_supplier_health_tier__RED__AMBER__GREEN.6f2c31b569
[0m02:31:13.121076 [debug] [Thread-3 (]: Began running node test.zero_to_one_chain.accepted_values_fact_orders_order_health__COMPLETE__CANCELLED__OVERDUE_CRITICAL__OVERDUE__ON_TRACK.d90c7ad61e
[0m02:31:13.121732 [debug] [Thread-4 (]: Began running node test.zero_to_one_chain.accepted_values_mart_customer_delivery_action_status__ESCALATION_REQUIRED__REVIEW_REQUIRED__ATTENTION__OK.fae5d18f8f
[0m02:31:13.122376 [debug] [Thread-5 (]: Began running node test.zero_to_one_chain.accepted_values_mart_customer_delivery_delivery_health__EXCELLENT__GOOD__AT_RISK__CRITICAL.20418b7a57
[0m02:31:13.122953 [debug] [Thread-6 (]: Began running node test.zero_to_one_chain.accepted_values_mart_supplier_scorecard_monthly_grade__A__B__C__D.6e65562762
[0m02:31:13.123553 [debug] [Thread-7 (]: Began running node test.zero_to_one_chain.accepted_values_mart_supplier_scorecard_trend_direction__DECLINING_FAST__DECLINING__STABLE__IMPROVING.61bc343ec5
[0m02:31:13.124172 [info ] [Thread-2 (]: 1 of 32 START test accepted_values_dim_supplier_health_tier__RED__AMBER__GREEN . [RUN]
[0m02:31:13.124822 [debug] [Thread-8 (]: Began running node test.zero_to_one_chain.assert_no_negative_quantities
[0m02:31:13.125368 [debug] [Thread-9 (]: Began running node test.zero_to_one_chain.assert_otd_valid_range
[0m02:31:13.125912 [info ] [Thread-3 (]: 2 of 32 START test accepted_values_fact_orders_order_health__COMPLETE__CANCELLED__OVERDUE_CRITICAL__OVERDUE__ON_TRACK  [RUN]
[0m02:31:13.126502 [info ] [Thread-4 (]: 3 of 32 START test accepted_values_mart_customer_delivery_action_status__ESCALATION_REQUIRED__REVIEW_REQUIRED__ATTENTION__OK  [RUN]
[0m02:31:13.127065 [info ] [Thread-5 (]: 4 of 32 START test accepted_values_mart_customer_delivery_delivery_health__EXCELLENT__GOOD__AT_RISK__CRITICAL  [RUN]
[0m02:31:13.127638 [info ] [Thread-6 (]: 5 of 32 START test accepted_values_mart_supplier_scorecard_monthly_grade__A__B__C__D  [RUN]
[0m02:31:13.128315 [info ] [Thread-7 (]: 6 of 32 START test accepted_values_mart_supplier_scorecard_trend_direction__DECLINING_FAST__DECLINING__STABLE__IMPROVING  [RUN]
[0m02:31:13.129062 [debug] [Thread-2 (]: Re-using an available connection from the pool (formerly list_ZERO_TO_ONE_CHAIN_PUBLIC_L2_STAGE, now test.zero_to_one_chain.accepted_values_dim_supplier_health_tier__RED__AMBER__GREEN.6f2c31b569)
[0m02:31:13.129621 [info ] [Thread-8 (]: 7 of 32 START test assert_no_negative_quantities ............................... [RUN]
[0m02:31:13.130180 [info ] [Thread-9 (]: 8 of 32 START test assert_otd_valid_range ...................................... [RUN]
[0m02:31:13.130822 [debug] [Thread-3 (]: Re-using an available connection from the pool (formerly list_ZERO_TO_ONE_CHAIN_PUBLIC_L5_CORE, now test.zero_to_one_chain.accepted_values_fact_orders_order_health__COMPLETE__CANCELLED__OVERDUE_CRITICAL__OVERDUE__ON_TRACK.d90c7ad61e)
[0m02:31:13.131500 [debug] [Thread-4 (]: Acquiring new snowflake connection 'test.zero_to_one_chain.accepted_values_mart_customer_delivery_action_status__ESCALATION_REQUIRED__REVIEW_REQUIRED__ATTENTION__OK.fae5d18f8f'
[0m02:31:13.132258 [debug] [Thread-5 (]: Acquiring new snowflake connection 'test.zero_to_one_chain.accepted_values_mart_customer_delivery_delivery_health__EXCELLENT__GOOD__AT_RISK__CRITICAL.20418b7a57'
[0m02:31:13.132938 [debug] [Thread-6 (]: Acquiring new snowflake connection 'test.zero_to_one_chain.accepted_values_mart_supplier_scorecard_monthly_grade__A__B__C__D.6e65562762'
[0m02:31:13.133603 [debug] [Thread-7 (]: Acquiring new snowflake connection 'test.zero_to_one_chain.accepted_values_mart_supplier_scorecard_trend_direction__DECLINING_FAST__DECLINING__STABLE__IMPROVING.61bc343ec5'
[0m02:31:13.134135 [debug] [Thread-2 (]: Began compiling node test.zero_to_one_chain.accepted_values_dim_supplier_health_tier__RED__AMBER__GREEN.6f2c31b569
[0m02:31:13.134800 [debug] [Thread-8 (]: Acquiring new snowflake connection 'test.zero_to_one_chain.assert_no_negative_quantities'
[0m02:31:13.135567 [debug] [Thread-9 (]: Acquiring new snowflake connection 'test.zero_to_one_chain.assert_otd_valid_range'
[0m02:31:13.136161 [debug] [Thread-3 (]: Began compiling node test.zero_to_one_chain.accepted_values_fact_orders_order_health__COMPLETE__CANCELLED__OVERDUE_CRITICAL__OVERDUE__ON_TRACK.d90c7ad61e
[0m02:31:13.136700 [debug] [Thread-4 (]: Began compiling node test.zero_to_one_chain.accepted_values_mart_customer_delivery_action_status__ESCALATION_REQUIRED__REVIEW_REQUIRED__ATTENTION__OK.fae5d18f8f
[0m02:31:13.137180 [debug] [Thread-5 (]: Began compiling node test.zero_to_one_chain.accepted_values_mart_customer_delivery_delivery_health__EXCELLENT__GOOD__AT_RISK__CRITICAL.20418b7a57
[0m02:31:13.137658 [debug] [Thread-6 (]: Began compiling node test.zero_to_one_chain.accepted_values_mart_supplier_scorecard_monthly_grade__A__B__C__D.6e65562762
[0m02:31:13.138134 [debug] [Thread-7 (]: Began compiling node test.zero_to_one_chain.accepted_values_mart_supplier_scorecard_trend_direction__DECLINING_FAST__DECLINING__STABLE__IMPROVING.61bc343ec5
[0m02:31:13.158802 [debug] [Thread-2 (]: Writing injected SQL for node "test.zero_to_one_chain.accepted_values_dim_supplier_health_tier__RED__AMBER__GREEN.6f2c31b569"
[0m02:31:13.159447 [debug] [Thread-8 (]: Began compiling node test.zero_to_one_chain.assert_no_negative_quantities
[0m02:31:13.160063 [debug] [Thread-9 (]: Began compiling node test.zero_to_one_chain.assert_otd_valid_range
[0m02:31:13.169253 [debug] [Thread-3 (]: Writing injected SQL for node "test.zero_to_one_chain.accepted_values_fact_orders_order_health__COMPLETE__CANCELLED__OVERDUE_CRITICAL__OVERDUE__ON_TRACK.d90c7ad61e"
[0m02:31:13.178032 [debug] [Thread-4 (]: Writing injected SQL for node "test.zero_to_one_chain.accepted_values_mart_customer_delivery_action_status__ESCALATION_REQUIRED__REVIEW_REQUIRED__ATTENTION__OK.fae5d18f8f"
[0m02:31:13.186735 [debug] [Thread-5 (]: Writing injected SQL for node "test.zero_to_one_chain.accepted_values_mart_customer_delivery_delivery_health__EXCELLENT__GOOD__AT_RISK__CRITICAL.20418b7a57"
[0m02:31:13.196748 [debug] [Thread-6 (]: Writing injected SQL for node "test.zero_to_one_chain.accepted_values_mart_supplier_scorecard_monthly_grade__A__B__C__D.6e65562762"
[0m02:31:13.205391 [debug] [Thread-7 (]: Writing injected SQL for node "test.zero_to_one_chain.accepted_values_mart_supplier_scorecard_trend_direction__DECLINING_FAST__DECLINING__STABLE__IMPROVING.61bc343ec5"
[0m02:31:13.210272 [debug] [Thread-8 (]: Writing injected SQL for node "test.zero_to_one_chain.assert_no_negative_quantities"
[0m02:31:13.210976 [debug] [Thread-2 (]: Began executing node test.zero_to_one_chain.accepted_values_dim_supplier_health_tier__RED__AMBER__GREEN.6f2c31b569
[0m02:31:13.215424 [debug] [Thread-9 (]: Writing injected SQL for node "test.zero_to_one_chain.assert_otd_valid_range"
[0m02:31:13.216570 [debug] [Thread-3 (]: Began executing node test.zero_to_one_chain.accepted_values_fact_orders_order_health__COMPLETE__CANCELLED__OVERDUE_CRITICAL__OVERDUE__ON_TRACK.d90c7ad61e
[0m02:31:13.217490 [debug] [Thread-4 (]: Began executing node test.zero_to_one_chain.accepted_values_mart_customer_delivery_action_status__ESCALATION_REQUIRED__REVIEW_REQUIRED__ATTENTION__OK.fae5d18f8f
[0m02:31:13.218277 [debug] [Thread-5 (]: Began executing node test.zero_to_one_chain.accepted_values_mart_customer_delivery_delivery_health__EXCELLENT__GOOD__AT_RISK__CRITICAL.20418b7a57
[0m02:31:13.219190 [debug] [Thread-6 (]: Began executing node test.zero_to_one_chain.accepted_values_mart_supplier_scorecard_monthly_grade__A__B__C__D.6e65562762
[0m02:31:13.220179 [debug] [Thread-7 (]: Began executing node test.zero_to_one_chain.accepted_values_mart_supplier_scorecard_trend_direction__DECLINING_FAST__DECLINING__STABLE__IMPROVING.61bc343ec5
[0m02:31:13.239151 [debug] [Thread-8 (]: Began executing node test.zero_to_one_chain.assert_no_negative_quantities
[0m02:31:13.245269 [debug] [Thread-2 (]: Writing runtime sql for node "test.zero_to_one_chain.accepted_values_dim_supplier_health_tier__RED__AMBER__GREEN.6f2c31b569"
[0m02:31:13.250921 [debug] [Thread-3 (]: Writing runtime sql for node "test.zero_to_one_chain.accepted_values_fact_orders_order_health__COMPLETE__CANCELLED__OVERDUE_CRITICAL__OVERDUE__ON_TRACK.d90c7ad61e"
[0m02:31:13.251653 [debug] [Thread-9 (]: Began executing node test.zero_to_one_chain.assert_otd_valid_range
[0m02:31:13.255555 [debug] [Thread-4 (]: Writing runtime sql for node "test.zero_to_one_chain.accepted_values_mart_customer_delivery_action_status__ESCALATION_REQUIRED__REVIEW_REQUIRED__ATTENTION__OK.fae5d18f8f"
[0m02:31:13.259318 [debug] [Thread-5 (]: Writing runtime sql for node "test.zero_to_one_chain.accepted_values_mart_customer_delivery_delivery_health__EXCELLENT__GOOD__AT_RISK__CRITICAL.20418b7a57"
[0m02:31:13.263228 [debug] [Thread-6 (]: Writing runtime sql for node "test.zero_to_one_chain.accepted_values_mart_supplier_scorecard_monthly_grade__A__B__C__D.6e65562762"
[0m02:31:13.267095 [debug] [Thread-7 (]: Writing runtime sql for node "test.zero_to_one_chain.accepted_values_mart_supplier_scorecard_trend_direction__DECLINING_FAST__DECLINING__STABLE__IMPROVING.61bc343ec5"
[0m02:31:13.271736 [debug] [Thread-8 (]: Writing runtime sql for node "test.zero_to_one_chain.assert_no_negative_quantities"
[0m02:31:13.273506 [debug] [Thread-2 (]: Using snowflake connection "test.zero_to_one_chain.accepted_values_dim_supplier_health_tier__RED__AMBER__GREEN.6f2c31b569"
[0m02:31:13.277434 [debug] [Thread-9 (]: Writing runtime sql for node "test.zero_to_one_chain.assert_otd_valid_range"
[0m02:31:13.278614 [debug] [Thread-3 (]: Using snowflake connection "test.zero_to_one_chain.accepted_values_fact_orders_order_health__COMPLETE__CANCELLED__OVERDUE_CRITICAL__OVERDUE__ON_TRACK.d90c7ad61e"
[0m02:31:13.280330 [debug] [Thread-4 (]: Using snowflake connection "test.zero_to_one_chain.accepted_values_mart_customer_delivery_action_status__ESCALATION_REQUIRED__REVIEW_REQUIRED__ATTENTION__OK.fae5d18f8f"
[0m02:31:13.281736 [debug] [Thread-5 (]: Using snowflake connection "test.zero_to_one_chain.accepted_values_mart_customer_delivery_delivery_health__EXCELLENT__GOOD__AT_RISK__CRITICAL.20418b7a57"
[0m02:31:13.283213 [debug] [Thread-6 (]: Using snowflake connection "test.zero_to_one_chain.accepted_values_mart_supplier_scorecard_monthly_grade__A__B__C__D.6e65562762"
[0m02:31:13.284799 [debug] [Thread-7 (]: Using snowflake connection "test.zero_to_one_chain.accepted_values_mart_supplier_scorecard_trend_direction__DECLINING_FAST__DECLINING__STABLE__IMPROVING.61bc343ec5"
[0m02:31:13.285528 [debug] [Thread-2 (]: On test.zero_to_one_chain.accepted_values_dim_supplier_health_tier__RED__AMBER__GREEN.6f2c31b569: /* {"app": "dbt", "dbt_version": "1.9.4", "profile_name": "zero_to_one_chain", "target_name": "dev", "node_id": "test.zero_to_one_chain.accepted_values_dim_supplier_health_tier__RED__AMBER__GREEN.6f2c31b569"} */
select
      count(*) as failures,
      count(*) != 0 as should_warn,
      count(*) != 0 as should_error
    from (
      
    
    

with all_values as (

    select
        health_tier as value_field,
        count(*) as n_records

    from ZERO_TO_ONE_CHAIN.PUBLIC_L5_CORE.dim_supplier
    group by health_tier

)

select *
from all_values
where value_field not in (
    'RED','AMBER','GREEN'
)



      
    ) dbt_internal_test
[0m02:31:13.286502 [debug] [Thread-8 (]: Using snowflake connection "test.zero_to_one_chain.assert_no_negative_quantities"
[0m02:31:13.287362 [debug] [Thread-3 (]: On test.zero_to_one_chain.accepted_values_fact_orders_order_health__COMPLETE__CANCELLED__OVERDUE_CRITICAL__OVERDUE__ON_TRACK.d90c7ad61e: /* {"app": "dbt", "dbt_version": "1.9.4", "profile_name": "zero_to_one_chain", "target_name": "dev", "node_id": "test.zero_to_one_chain.accepted_values_fact_orders_order_health__COMPLETE__CANCELLED__OVERDUE_CRITICAL__OVERDUE__ON_TRACK.d90c7ad61e"} */
select
      count(*) as failures,
      count(*) != 0 as should_warn,
      count(*) != 0 as should_error
    from (
      
    
    

with all_values as (

    select
        order_health as value_field,
        count(*) as n_records

    from ZERO_TO_ONE_CHAIN.PUBLIC_L5_CORE.fact_orders
    group by order_health

)

select *
from all_values
where value_field not in (
    'COMPLETE','CANCELLED','OVERDUE_CRITICAL','OVERDUE','ON_TRACK'
)



      
    ) dbt_internal_test
[0m02:31:13.288504 [debug] [Thread-9 (]: Using snowflake connection "test.zero_to_one_chain.assert_otd_valid_range"
[0m02:31:13.289106 [debug] [Thread-4 (]: On test.zero_to_one_chain.accepted_values_mart_customer_delivery_action_status__ESCALATION_REQUIRED__REVIEW_REQUIRED__ATTENTION__OK.fae5d18f8f: /* {"app": "dbt", "dbt_version": "1.9.4", "profile_name": "zero_to_one_chain", "target_name": "dev", "node_id": "test.zero_to_one_chain.accepted_values_mart_customer_delivery_action_status__ESCALATION_REQUIRED__REVIEW_REQUIRED__ATTENTION__OK.fae5d18f8f"} */
select
      count(*) as failures,
      count(*) != 0 as should_warn,
      count(*) != 0 as should_error
    from (
      
    
    

with all_values as (

    select
        action_status as value_field,
        count(*) as n_records

    from ZERO_TO_ONE_CHAIN.PUBLIC_L5_CORE.mart_customer_delivery
    group by action_status

)

select *
from all_values
where value_field not in (
    'ESCALATION_REQUIRED','REVIEW_REQUIRED','ATTENTION','OK'
)



      
    ) dbt_internal_test
[0m02:31:13.289728 [debug] [Thread-5 (]: On test.zero_to_one_chain.accepted_values_mart_customer_delivery_delivery_health__EXCELLENT__GOOD__AT_RISK__CRITICAL.20418b7a57: /* {"app": "dbt", "dbt_version": "1.9.4", "profile_name": "zero_to_one_chain", "target_name": "dev", "node_id": "test.zero_to_one_chain.accepted_values_mart_customer_delivery_delivery_health__EXCELLENT__GOOD__AT_RISK__CRITICAL.20418b7a57"} */
select
      count(*) as failures,
      count(*) != 0 as should_warn,
      count(*) != 0 as should_error
    from (
      
    
    

with all_values as (

    select
        delivery_health as value_field,
        count(*) as n_records

    from ZERO_TO_ONE_CHAIN.PUBLIC_L5_CORE.mart_customer_delivery
    group by delivery_health

)

select *
from all_values
where value_field not in (
    'EXCELLENT','GOOD','AT_RISK','CRITICAL'
)



      
    ) dbt_internal_test
[0m02:31:13.290326 [debug] [Thread-6 (]: On test.zero_to_one_chain.accepted_values_mart_supplier_scorecard_monthly_grade__A__B__C__D.6e65562762: /* {"app": "dbt", "dbt_version": "1.9.4", "profile_name": "zero_to_one_chain", "target_name": "dev", "node_id": "test.zero_to_one_chain.accepted_values_mart_supplier_scorecard_monthly_grade__A__B__C__D.6e65562762"} */
select
      count(*) as failures,
      count(*) != 0 as should_warn,
      count(*) != 0 as should_error
    from (
      
    
    

with all_values as (

    select
        monthly_grade as value_field,
        count(*) as n_records

    from ZERO_TO_ONE_CHAIN.PUBLIC_L5_CORE.mart_supplier_scorecard
    group by monthly_grade

)

select *
from all_values
where value_field not in (
    'A','B','C','D'
)



      
    ) dbt_internal_test
[0m02:31:13.290960 [debug] [Thread-7 (]: On test.zero_to_one_chain.accepted_values_mart_supplier_scorecard_trend_direction__DECLINING_FAST__DECLINING__STABLE__IMPROVING.61bc343ec5: /* {"app": "dbt", "dbt_version": "1.9.4", "profile_name": "zero_to_one_chain", "target_name": "dev", "node_id": "test.zero_to_one_chain.accepted_values_mart_supplier_scorecard_trend_direction__DECLINING_FAST__DECLINING__STABLE__IMPROVING.61bc343ec5"} */
select
      count(*) as failures,
      count(*) != 0 as should_warn,
      count(*) != 0 as should_error
    from (
      
    
    

with all_values as (

    select
        trend_direction as value_field,
        count(*) as n_records

    from ZERO_TO_ONE_CHAIN.PUBLIC_L5_CORE.mart_supplier_scorecard
    group by trend_direction

)

select *
from all_values
where value_field not in (
    'DECLINING_FAST','DECLINING','STABLE','IMPROVING'
)



      
    ) dbt_internal_test
[0m02:31:13.291530 [debug] [Thread-2 (]: Opening a new connection, currently in state init
[0m02:31:13.292206 [debug] [Thread-8 (]: On test.zero_to_one_chain.assert_no_negative_quantities: /* {"app": "dbt", "dbt_version": "1.9.4", "profile_name": "zero_to_one_chain", "target_name": "dev", "node_id": "test.zero_to_one_chain.assert_no_negative_quantities"} */
select
      count(*) as failures,
      count(*) != 0 as should_warn,
      count(*) != 0 as should_error
    from (
      -- Test: no negative quantities should exist in staged purchase orders
SELECT po_number, ordered_qty
FROM ZERO_TO_ONE_CHAIN.PUBLIC_L2_STAGE.stg_purchase_orders
WHERE ordered_qty < 0
      
    ) dbt_internal_test
[0m02:31:13.292817 [debug] [Thread-3 (]: Opening a new connection, currently in state init
[0m02:31:13.293389 [debug] [Thread-9 (]: On test.zero_to_one_chain.assert_otd_valid_range: /* {"app": "dbt", "dbt_version": "1.9.4", "profile_name": "zero_to_one_chain", "target_name": "dev", "node_id": "test.zero_to_one_chain.assert_otd_valid_range"} */
select
      count(*) as failures,
      count(*) != 0 as should_warn,
      count(*) != 0 as should_error
    from (
      -- Test: OTD % should be between 0 and 100 for all completed orders
SELECT order_number,
       CASE WHEN is_on_time THEN 1 ELSE 0 END AS otd_val
FROM ZERO_TO_ONE_CHAIN.PUBLIC_L5_CORE.fact_orders
WHERE CASE WHEN is_on_time THEN 1 ELSE 0 END NOT BETWEEN 0 AND 1
      
    ) dbt_internal_test
[0m02:31:13.293949 [debug] [Thread-4 (]: Opening a new connection, currently in state init
[0m02:31:13.294456 [debug] [Thread-5 (]: Opening a new connection, currently in state init
[0m02:31:13.294949 [debug] [Thread-6 (]: Opening a new connection, currently in state init
[0m02:31:13.295469 [debug] [Thread-7 (]: Opening a new connection, currently in state init
[0m02:31:13.296210 [debug] [Thread-8 (]: Opening a new connection, currently in state init
[0m02:31:13.296893 [debug] [Thread-9 (]: Opening a new connection, currently in state init
[0m02:31:13.699352 [debug] [Thread-9 (]: SQL status: SUCCESS 1 in 0.402 seconds
[0m02:31:13.708972 [debug] [Thread-2 (]: SQL status: SUCCESS 1 in 0.417 seconds
[0m02:31:13.709923 [info ] [Thread-9 (]: 8 of 32 PASS assert_otd_valid_range ............................................ [[32mPASS[0m in 0.57s]
[0m02:31:13.712347 [info ] [Thread-2 (]: 1 of 32 PASS accepted_values_dim_supplier_health_tier__RED__AMBER__GREEN ....... [[32mPASS[0m in 0.58s]
[0m02:31:13.713154 [debug] [Thread-9 (]: Finished running node test.zero_to_one_chain.assert_otd_valid_range
[0m02:31:13.713841 [debug] [Thread-2 (]: Finished running node test.zero_to_one_chain.accepted_values_dim_supplier_health_tier__RED__AMBER__GREEN.6f2c31b569
[0m02:31:13.714491 [debug] [Thread-9 (]: Began running node test.zero_to_one_chain.assert_referential_integrity_supplier
[0m02:31:13.715209 [debug] [Thread-2 (]: Began running node test.zero_to_one_chain.not_null_dim_supplier_blended_risk_score.17b51bd051
[0m02:31:13.715913 [info ] [Thread-9 (]: 9 of 32 START test assert_referential_integrity_supplier ....................... [RUN]
[0m02:31:13.716488 [info ] [Thread-2 (]: 10 of 32 START test not_null_dim_supplier_blended_risk_score ................... [RUN]
[0m02:31:13.717148 [debug] [Thread-9 (]: Re-using an available connection from the pool (formerly test.zero_to_one_chain.assert_otd_valid_range, now test.zero_to_one_chain.assert_referential_integrity_supplier)
[0m02:31:13.717716 [debug] [Thread-2 (]: Re-using an available connection from the pool (formerly test.zero_to_one_chain.accepted_values_dim_supplier_health_tier__RED__AMBER__GREEN.6f2c31b569, now test.zero_to_one_chain.not_null_dim_supplier_blended_risk_score.17b51bd051)
[0m02:31:13.718238 [debug] [Thread-9 (]: Began compiling node test.zero_to_one_chain.assert_referential_integrity_supplier
[0m02:31:13.718764 [debug] [Thread-2 (]: Began compiling node test.zero_to_one_chain.not_null_dim_supplier_blended_risk_score.17b51bd051
[0m02:31:13.723647 [debug] [Thread-9 (]: Writing injected SQL for node "test.zero_to_one_chain.assert_referential_integrity_supplier"
[0m02:31:13.733516 [debug] [Thread-2 (]: Writing injected SQL for node "test.zero_to_one_chain.not_null_dim_supplier_blended_risk_score.17b51bd051"
[0m02:31:13.734637 [debug] [Thread-9 (]: Began executing node test.zero_to_one_chain.assert_referential_integrity_supplier
[0m02:31:13.735197 [debug] [Thread-2 (]: Began executing node test.zero_to_one_chain.not_null_dim_supplier_blended_risk_score.17b51bd051
[0m02:31:13.739143 [debug] [Thread-9 (]: Writing runtime sql for node "test.zero_to_one_chain.assert_referential_integrity_supplier"
[0m02:31:13.740027 [debug] [Thread-8 (]: SQL status: SUCCESS 1 in 0.444 seconds
[0m02:31:13.740724 [debug] [Thread-3 (]: SQL status: SUCCESS 1 in 0.448 seconds
[0m02:31:13.744666 [debug] [Thread-2 (]: Writing runtime sql for node "test.zero_to_one_chain.not_null_dim_supplier_blended_risk_score.17b51bd051"
[0m02:31:13.747163 [info ] [Thread-8 (]: 7 of 32 PASS assert_no_negative_quantities ..................................... [[32mPASS[0m in 0.61s]
[0m02:31:13.748573 [debug] [Thread-9 (]: Using snowflake connection "test.zero_to_one_chain.assert_referential_integrity_supplier"
[0m02:31:13.750712 [info ] [Thread-3 (]: 2 of 32 PASS accepted_values_fact_orders_order_health__COMPLETE__CANCELLED__OVERDUE_CRITICAL__OVERDUE__ON_TRACK  [[32mPASS[0m in 0.62s]
[0m02:31:13.751717 [debug] [Thread-8 (]: Finished running node test.zero_to_one_chain.assert_no_negative_quantities
[0m02:31:13.752757 [debug] [Thread-2 (]: Using snowflake connection "test.zero_to_one_chain.not_null_dim_supplier_blended_risk_score.17b51bd051"
[0m02:31:13.753317 [debug] [Thread-9 (]: On test.zero_to_one_chain.assert_referential_integrity_supplier: /* {"app": "dbt", "dbt_version": "1.9.4", "profile_name": "zero_to_one_chain", "target_name": "dev", "node_id": "test.zero_to_one_chain.assert_referential_integrity_supplier"} */
select
      count(*) as failures,
      count(*) != 0 as should_warn,
      count(*) != 0 as should_error
    from (
      -- Test: every supplier in fact_purchase_orders should exist in dim_supplier
SELECT DISTINCT fpo.supplier_id
FROM ZERO_TO_ONE_CHAIN.PUBLIC_L5_CORE.fact_purchase_orders fpo
LEFT JOIN ZERO_TO_ONE_CHAIN.PUBLIC_L5_CORE.dim_supplier ds ON ds.supplier_id = fpo.supplier_id
WHERE ds.supplier_id IS NULL AND fpo.supplier_id IS NOT NULL
      
    ) dbt_internal_test
[0m02:31:13.754036 [debug] [Thread-3 (]: Finished running node test.zero_to_one_chain.accepted_values_fact_orders_order_health__COMPLETE__CANCELLED__OVERDUE_CRITICAL__OVERDUE__ON_TRACK.d90c7ad61e
[0m02:31:13.754642 [debug] [Thread-8 (]: Began running node test.zero_to_one_chain.not_null_dim_supplier_health_tier.2ab2127d1d
[0m02:31:13.755303 [debug] [Thread-2 (]: On test.zero_to_one_chain.not_null_dim_supplier_blended_risk_score.17b51bd051: /* {"app": "dbt", "dbt_version": "1.9.4", "profile_name": "zero_to_one_chain", "target_name": "dev", "node_id": "test.zero_to_one_chain.not_null_dim_supplier_blended_risk_score.17b51bd051"} */
select
      count(*) as failures,
      count(*) != 0 as should_warn,
      count(*) != 0 as should_error
    from (
      
    
    



select blended_risk_score
from ZERO_TO_ONE_CHAIN.PUBLIC_L5_CORE.dim_supplier
where blended_risk_score is null



      
    ) dbt_internal_test
[0m02:31:13.755922 [debug] [Thread-9 (]: Opening a new connection, currently in state init
[0m02:31:13.756540 [debug] [Thread-3 (]: Began running node test.zero_to_one_chain.not_null_dim_supplier_supplier_id.725f2b9f7b
[0m02:31:13.757169 [info ] [Thread-8 (]: 11 of 32 START test not_null_dim_supplier_health_tier .......................... [RUN]
[0m02:31:13.757711 [debug] [Thread-2 (]: Opening a new connection, currently in state init
[0m02:31:13.758415 [info ] [Thread-3 (]: 12 of 32 START test not_null_dim_supplier_supplier_id .......................... [RUN]
[0m02:31:13.759300 [debug] [Thread-8 (]: Re-using an available connection from the pool (formerly test.zero_to_one_chain.assert_no_negative_quantities, now test.zero_to_one_chain.not_null_dim_supplier_health_tier.2ab2127d1d)
[0m02:31:13.760226 [debug] [Thread-3 (]: Re-using an available connection from the pool (formerly test.zero_to_one_chain.accepted_values_fact_orders_order_health__COMPLETE__CANCELLED__OVERDUE_CRITICAL__OVERDUE__ON_TRACK.d90c7ad61e, now test.zero_to_one_chain.not_null_dim_supplier_supplier_id.725f2b9f7b)
[0m02:31:13.760831 [debug] [Thread-8 (]: Began compiling node test.zero_to_one_chain.not_null_dim_supplier_health_tier.2ab2127d1d
[0m02:31:13.761451 [debug] [Thread-3 (]: Began compiling node test.zero_to_one_chain.not_null_dim_supplier_supplier_id.725f2b9f7b
[0m02:31:13.767903 [debug] [Thread-8 (]: Writing injected SQL for node "test.zero_to_one_chain.not_null_dim_supplier_health_tier.2ab2127d1d"
[0m02:31:13.774012 [debug] [Thread-3 (]: Writing injected SQL for node "test.zero_to_one_chain.not_null_dim_supplier_supplier_id.725f2b9f7b"
[0m02:31:13.775108 [debug] [Thread-8 (]: Began executing node test.zero_to_one_chain.not_null_dim_supplier_health_tier.2ab2127d1d
[0m02:31:13.780352 [debug] [Thread-8 (]: Writing runtime sql for node "test.zero_to_one_chain.not_null_dim_supplier_health_tier.2ab2127d1d"
[0m02:31:13.781153 [debug] [Thread-3 (]: Began executing node test.zero_to_one_chain.not_null_dim_supplier_supplier_id.725f2b9f7b
[0m02:31:13.785812 [debug] [Thread-3 (]: Writing runtime sql for node "test.zero_to_one_chain.not_null_dim_supplier_supplier_id.725f2b9f7b"
[0m02:31:13.786806 [debug] [Thread-8 (]: Using snowflake connection "test.zero_to_one_chain.not_null_dim_supplier_health_tier.2ab2127d1d"
[0m02:31:13.787556 [debug] [Thread-5 (]: SQL status: SUCCESS 1 in 0.493 seconds
[0m02:31:13.789130 [debug] [Thread-8 (]: On test.zero_to_one_chain.not_null_dim_supplier_health_tier.2ab2127d1d: /* {"app": "dbt", "dbt_version": "1.9.4", "profile_name": "zero_to_one_chain", "target_name": "dev", "node_id": "test.zero_to_one_chain.not_null_dim_supplier_health_tier.2ab2127d1d"} */
select
      count(*) as failures,
      count(*) != 0 as should_warn,
      count(*) != 0 as should_error
    from (
      
    
    



select health_tier
from ZERO_TO_ONE_CHAIN.PUBLIC_L5_CORE.dim_supplier
where health_tier is null



      
    ) dbt_internal_test
[0m02:31:13.790087 [debug] [Thread-3 (]: Using snowflake connection "test.zero_to_one_chain.not_null_dim_supplier_supplier_id.725f2b9f7b"
[0m02:31:13.793127 [info ] [Thread-5 (]: 4 of 32 PASS accepted_values_mart_customer_delivery_delivery_health__EXCELLENT__GOOD__AT_RISK__CRITICAL  [[32mPASS[0m in 0.66s]
[0m02:31:13.793776 [debug] [Thread-8 (]: Opening a new connection, currently in state init
[0m02:31:13.794358 [debug] [Thread-3 (]: On test.zero_to_one_chain.not_null_dim_supplier_supplier_id.725f2b9f7b: /* {"app": "dbt", "dbt_version": "1.9.4", "profile_name": "zero_to_one_chain", "target_name": "dev", "node_id": "test.zero_to_one_chain.not_null_dim_supplier_supplier_id.725f2b9f7b"} */
select
      count(*) as failures,
      count(*) != 0 as should_warn,
      count(*) != 0 as should_error
    from (
      
    
    



select supplier_id
from ZERO_TO_ONE_CHAIN.PUBLIC_L5_CORE.dim_supplier
where supplier_id is null



      
    ) dbt_internal_test
[0m02:31:13.795078 [debug] [Thread-5 (]: Finished running node test.zero_to_one_chain.accepted_values_mart_customer_delivery_delivery_health__EXCELLENT__GOOD__AT_RISK__CRITICAL.20418b7a57
[0m02:31:13.795836 [debug] [Thread-3 (]: Opening a new connection, currently in state init
[0m02:31:13.796619 [debug] [Thread-5 (]: Began running node test.zero_to_one_chain.not_null_fact_orders_is_on_time.37c0ce34f9
[0m02:31:13.797429 [info ] [Thread-5 (]: 13 of 32 START test not_null_fact_orders_is_on_time ............................ [RUN]
[0m02:31:13.798089 [debug] [Thread-5 (]: Re-using an available connection from the pool (formerly test.zero_to_one_chain.accepted_values_mart_customer_delivery_delivery_health__EXCELLENT__GOOD__AT_RISK__CRITICAL.20418b7a57, now test.zero_to_one_chain.not_null_fact_orders_is_on_time.37c0ce34f9)
[0m02:31:13.798570 [debug] [Thread-5 (]: Began compiling node test.zero_to_one_chain.not_null_fact_orders_is_on_time.37c0ce34f9
[0m02:31:13.804598 [debug] [Thread-5 (]: Writing injected SQL for node "test.zero_to_one_chain.not_null_fact_orders_is_on_time.37c0ce34f9"
[0m02:31:13.805434 [debug] [Thread-5 (]: Began executing node test.zero_to_one_chain.not_null_fact_orders_is_on_time.37c0ce34f9
[0m02:31:13.809455 [debug] [Thread-5 (]: Writing runtime sql for node "test.zero_to_one_chain.not_null_fact_orders_is_on_time.37c0ce34f9"
[0m02:31:13.810617 [debug] [Thread-5 (]: Using snowflake connection "test.zero_to_one_chain.not_null_fact_orders_is_on_time.37c0ce34f9"
[0m02:31:13.811202 [debug] [Thread-5 (]: On test.zero_to_one_chain.not_null_fact_orders_is_on_time.37c0ce34f9: /* {"app": "dbt", "dbt_version": "1.9.4", "profile_name": "zero_to_one_chain", "target_name": "dev", "node_id": "test.zero_to_one_chain.not_null_fact_orders_is_on_time.37c0ce34f9"} */
select
      count(*) as failures,
      count(*) != 0 as should_warn,
      count(*) != 0 as should_error
    from (
      
    
    



select is_on_time
from ZERO_TO_ONE_CHAIN.PUBLIC_L5_CORE.fact_orders
where is_on_time is null



      
    ) dbt_internal_test
[0m02:31:13.811749 [debug] [Thread-5 (]: Opening a new connection, currently in state init
[0m02:31:13.813564 [debug] [Thread-4 (]: SQL status: SUCCESS 1 in 0.519 seconds
[0m02:31:13.816406 [info ] [Thread-4 (]: 3 of 32 PASS accepted_values_mart_customer_delivery_action_status__ESCALATION_REQUIRED__REVIEW_REQUIRED__ATTENTION__OK  [[32mPASS[0m in 0.68s]
[0m02:31:13.817607 [debug] [Thread-4 (]: Finished running node test.zero_to_one_chain.accepted_values_mart_customer_delivery_action_status__ESCALATION_REQUIRED__REVIEW_REQUIRED__ATTENTION__OK.fae5d18f8f
[0m02:31:13.818712 [debug] [Thread-4 (]: Began running node test.zero_to_one_chain.not_null_fact_orders_is_otif.fde79c6dd9
[0m02:31:13.819640 [info ] [Thread-4 (]: 14 of 32 START test not_null_fact_orders_is_otif ............................... [RUN]
[0m02:31:13.820855 [debug] [Thread-4 (]: Re-using an available connection from the pool (formerly test.zero_to_one_chain.accepted_values_mart_customer_delivery_action_status__ESCALATION_REQUIRED__REVIEW_REQUIRED__ATTENTION__OK.fae5d18f8f, now test.zero_to_one_chain.not_null_fact_orders_is_otif.fde79c6dd9)
[0m02:31:13.821431 [debug] [Thread-4 (]: Began compiling node test.zero_to_one_chain.not_null_fact_orders_is_otif.fde79c6dd9
[0m02:31:13.827496 [debug] [Thread-4 (]: Writing injected SQL for node "test.zero_to_one_chain.not_null_fact_orders_is_otif.fde79c6dd9"
[0m02:31:13.829748 [debug] [Thread-6 (]: SQL status: SUCCESS 1 in 0.533 seconds
[0m02:31:13.848295 [info ] [Thread-6 (]: 5 of 32 PASS accepted_values_mart_supplier_scorecard_monthly_grade__A__B__C__D . [[32mPASS[0m in 0.72s]
[0m02:31:13.856257 [debug] [Thread-7 (]: SQL status: SUCCESS 1 in 0.561 seconds
[0m02:31:13.857959 [debug] [Thread-4 (]: Began executing node test.zero_to_one_chain.not_null_fact_orders_is_otif.fde79c6dd9
[0m02:31:13.865467 [debug] [Thread-6 (]: Finished running node test.zero_to_one_chain.accepted_values_mart_supplier_scorecard_monthly_grade__A__B__C__D.6e65562762
[0m02:31:13.868052 [info ] [Thread-7 (]: 6 of 32 PASS accepted_values_mart_supplier_scorecard_trend_direction__DECLINING_FAST__DECLINING__STABLE__IMPROVING  [[32mPASS[0m in 0.73s]
[0m02:31:13.872472 [debug] [Thread-4 (]: Writing runtime sql for node "test.zero_to_one_chain.not_null_fact_orders_is_otif.fde79c6dd9"
[0m02:31:13.873213 [debug] [Thread-6 (]: Began running node test.zero_to_one_chain.not_null_fact_orders_order_health.82fd073830
[0m02:31:13.874049 [debug] [Thread-7 (]: Finished running node test.zero_to_one_chain.accepted_values_mart_supplier_scorecard_trend_direction__DECLINING_FAST__DECLINING__STABLE__IMPROVING.61bc343ec5
[0m02:31:13.874950 [info ] [Thread-6 (]: 15 of 32 START test not_null_fact_orders_order_health .......................... [RUN]
[0m02:31:13.876144 [debug] [Thread-4 (]: Using snowflake connection "test.zero_to_one_chain.not_null_fact_orders_is_otif.fde79c6dd9"
[0m02:31:13.884190 [debug] [Thread-7 (]: Began running node test.zero_to_one_chain.not_null_fact_orders_order_number.0a96e65a85
[0m02:31:13.885193 [debug] [Thread-6 (]: Re-using an available connection from the pool (formerly test.zero_to_one_chain.accepted_values_mart_supplier_scorecard_monthly_grade__A__B__C__D.6e65562762, now test.zero_to_one_chain.not_null_fact_orders_order_health.82fd073830)
[0m02:31:13.885831 [debug] [Thread-4 (]: On test.zero_to_one_chain.not_null_fact_orders_is_otif.fde79c6dd9: /* {"app": "dbt", "dbt_version": "1.9.4", "profile_name": "zero_to_one_chain", "target_name": "dev", "node_id": "test.zero_to_one_chain.not_null_fact_orders_is_otif.fde79c6dd9"} */
select
      count(*) as failures,
      count(*) != 0 as should_warn,
      count(*) != 0 as should_error
    from (
      
    
    



select is_otif
from ZERO_TO_ONE_CHAIN.PUBLIC_L5_CORE.fact_orders
where is_otif is null



      
    ) dbt_internal_test
[0m02:31:13.886456 [info ] [Thread-7 (]: 16 of 32 START test not_null_fact_orders_order_number .......................... [RUN]
[0m02:31:13.887071 [debug] [Thread-6 (]: Began compiling node test.zero_to_one_chain.not_null_fact_orders_order_health.82fd073830
[0m02:31:13.887632 [debug] [Thread-4 (]: Opening a new connection, currently in state init
[0m02:31:13.888374 [debug] [Thread-7 (]: Re-using an available connection from the pool (formerly test.zero_to_one_chain.accepted_values_mart_supplier_scorecard_trend_direction__DECLINING_FAST__DECLINING__STABLE__IMPROVING.61bc343ec5, now test.zero_to_one_chain.not_null_fact_orders_order_number.0a96e65a85)
[0m02:31:13.894235 [debug] [Thread-6 (]: Writing injected SQL for node "test.zero_to_one_chain.not_null_fact_orders_order_health.82fd073830"
[0m02:31:13.895026 [debug] [Thread-7 (]: Began compiling node test.zero_to_one_chain.not_null_fact_orders_order_number.0a96e65a85
[0m02:31:13.902112 [debug] [Thread-7 (]: Writing injected SQL for node "test.zero_to_one_chain.not_null_fact_orders_order_number.0a96e65a85"
[0m02:31:13.902980 [debug] [Thread-6 (]: Began executing node test.zero_to_one_chain.not_null_fact_orders_order_health.82fd073830
[0m02:31:13.907167 [debug] [Thread-6 (]: Writing runtime sql for node "test.zero_to_one_chain.not_null_fact_orders_order_health.82fd073830"
[0m02:31:13.907766 [debug] [Thread-7 (]: Began executing node test.zero_to_one_chain.not_null_fact_orders_order_number.0a96e65a85
[0m02:31:13.995650 [debug] [Thread-7 (]: Writing runtime sql for node "test.zero_to_one_chain.not_null_fact_orders_order_number.0a96e65a85"
[0m02:31:13.996872 [debug] [Thread-6 (]: Using snowflake connection "test.zero_to_one_chain.not_null_fact_orders_order_health.82fd073830"
[0m02:31:13.998284 [debug] [Thread-6 (]: On test.zero_to_one_chain.not_null_fact_orders_order_health.82fd073830: /* {"app": "dbt", "dbt_version": "1.9.4", "profile_name": "zero_to_one_chain", "target_name": "dev", "node_id": "test.zero_to_one_chain.not_null_fact_orders_order_health.82fd073830"} */
select
      count(*) as failures,
      count(*) != 0 as should_warn,
      count(*) != 0 as should_error
    from (
      
    
    



select order_health
from ZERO_TO_ONE_CHAIN.PUBLIC_L5_CORE.fact_orders
where order_health is null



      
    ) dbt_internal_test
[0m02:31:13.999200 [debug] [Thread-7 (]: Using snowflake connection "test.zero_to_one_chain.not_null_fact_orders_order_number.0a96e65a85"
[0m02:31:13.999806 [debug] [Thread-6 (]: Opening a new connection, currently in state init
[0m02:31:14.000389 [debug] [Thread-7 (]: On test.zero_to_one_chain.not_null_fact_orders_order_number.0a96e65a85: /* {"app": "dbt", "dbt_version": "1.9.4", "profile_name": "zero_to_one_chain", "target_name": "dev", "node_id": "test.zero_to_one_chain.not_null_fact_orders_order_number.0a96e65a85"} */
select
      count(*) as failures,
      count(*) != 0 as should_warn,
      count(*) != 0 as should_error
    from (
      
    
    



select order_number
from ZERO_TO_ONE_CHAIN.PUBLIC_L5_CORE.fact_orders
where order_number is null



      
    ) dbt_internal_test
[0m02:31:14.001122 [debug] [Thread-7 (]: Opening a new connection, currently in state init
[0m02:31:14.173097 [debug] [Thread-2 (]: SQL status: SUCCESS 1 in 0.415 seconds
[0m02:31:14.175610 [info ] [Thread-2 (]: 10 of 32 PASS not_null_dim_supplier_blended_risk_score ......................... [[32mPASS[0m in 0.46s]
[0m02:31:14.176514 [debug] [Thread-2 (]: Finished running node test.zero_to_one_chain.not_null_dim_supplier_blended_risk_score.17b51bd051
[0m02:31:14.177143 [debug] [Thread-2 (]: Began running node test.zero_to_one_chain.not_null_fact_purchase_orders_landed_cost_usd.49b7b40f29
[0m02:31:14.177808 [info ] [Thread-2 (]: 17 of 32 START test not_null_fact_purchase_orders_landed_cost_usd .............. [RUN]
[0m02:31:14.178506 [debug] [Thread-2 (]: Re-using an available connection from the pool (formerly test.zero_to_one_chain.not_null_dim_supplier_blended_risk_score.17b51bd051, now test.zero_to_one_chain.not_null_fact_purchase_orders_landed_cost_usd.49b7b40f29)
[0m02:31:14.179057 [debug] [Thread-2 (]: Began compiling node test.zero_to_one_chain.not_null_fact_purchase_orders_landed_cost_usd.49b7b40f29
[0m02:31:14.185125 [debug] [Thread-2 (]: Writing injected SQL for node "test.zero_to_one_chain.not_null_fact_purchase_orders_landed_cost_usd.49b7b40f29"
[0m02:31:14.186693 [debug] [Thread-2 (]: Began executing node test.zero_to_one_chain.not_null_fact_purchase_orders_landed_cost_usd.49b7b40f29
[0m02:31:14.190705 [debug] [Thread-2 (]: Writing runtime sql for node "test.zero_to_one_chain.not_null_fact_purchase_orders_landed_cost_usd.49b7b40f29"
[0m02:31:14.193102 [debug] [Thread-2 (]: Using snowflake connection "test.zero_to_one_chain.not_null_fact_purchase_orders_landed_cost_usd.49b7b40f29"
[0m02:31:14.193713 [debug] [Thread-2 (]: On test.zero_to_one_chain.not_null_fact_purchase_orders_landed_cost_usd.49b7b40f29: /* {"app": "dbt", "dbt_version": "1.9.4", "profile_name": "zero_to_one_chain", "target_name": "dev", "node_id": "test.zero_to_one_chain.not_null_fact_purchase_orders_landed_cost_usd.49b7b40f29"} */
select
      count(*) as failures,
      count(*) != 0 as should_warn,
      count(*) != 0 as should_error
    from (
      
    
    



select landed_cost_usd
from ZERO_TO_ONE_CHAIN.PUBLIC_L5_CORE.fact_purchase_orders
where landed_cost_usd is null



      
    ) dbt_internal_test
[0m02:31:14.194246 [debug] [Thread-2 (]: Opening a new connection, currently in state init
[0m02:31:14.218405 [debug] [Thread-9 (]: SQL status: SUCCESS 1 in 0.462 seconds
[0m02:31:14.221373 [info ] [Thread-9 (]: 9 of 32 PASS assert_referential_integrity_supplier ............................. [[32mPASS[0m in 0.50s]
[0m02:31:14.222443 [debug] [Thread-8 (]: SQL status: SUCCESS 1 in 0.429 seconds
[0m02:31:14.223251 [debug] [Thread-9 (]: Finished running node test.zero_to_one_chain.assert_referential_integrity_supplier
[0m02:31:14.225775 [info ] [Thread-8 (]: 11 of 32 PASS not_null_dim_supplier_health_tier ................................ [[32mPASS[0m in 0.47s]
[0m02:31:14.226496 [debug] [Thread-9 (]: Began running node test.zero_to_one_chain.not_null_fact_purchase_orders_po_number.7571b8f5cc
[0m02:31:14.227323 [debug] [Thread-8 (]: Finished running node test.zero_to_one_chain.not_null_dim_supplier_health_tier.2ab2127d1d
[0m02:31:14.227985 [info ] [Thread-9 (]: 18 of 32 START test not_null_fact_purchase_orders_po_number .................... [RUN]
[0m02:31:14.228676 [debug] [Thread-8 (]: Began running node test.zero_to_one_chain.not_null_fact_purchase_orders_risk_flag.53694ab903
[0m02:31:14.229396 [debug] [Thread-9 (]: Re-using an available connection from the pool (formerly test.zero_to_one_chain.assert_referential_integrity_supplier, now test.zero_to_one_chain.not_null_fact_purchase_orders_po_number.7571b8f5cc)
[0m02:31:14.229963 [info ] [Thread-8 (]: 19 of 32 START test not_null_fact_purchase_orders_risk_flag .................... [RUN]
[0m02:31:14.230620 [debug] [Thread-9 (]: Began compiling node test.zero_to_one_chain.not_null_fact_purchase_orders_po_number.7571b8f5cc
[0m02:31:14.231456 [debug] [Thread-3 (]: SQL status: SUCCESS 1 in 0.436 seconds
[0m02:31:14.232228 [debug] [Thread-5 (]: SQL status: SUCCESS 1 in 0.420 seconds
[0m02:31:14.232851 [debug] [Thread-8 (]: Re-using an available connection from the pool (formerly test.zero_to_one_chain.not_null_dim_supplier_health_tier.2ab2127d1d, now test.zero_to_one_chain.not_null_fact_purchase_orders_risk_flag.53694ab903)
[0m02:31:14.239303 [debug] [Thread-9 (]: Writing injected SQL for node "test.zero_to_one_chain.not_null_fact_purchase_orders_po_number.7571b8f5cc"
[0m02:31:14.242525 [info ] [Thread-3 (]: 12 of 32 PASS not_null_dim_supplier_supplier_id ................................ [[32mPASS[0m in 0.48s]
[0m02:31:14.244891 [info ] [Thread-5 (]: 13 of 32 PASS not_null_fact_orders_is_on_time .................................. [[32mPASS[0m in 0.45s]
[0m02:31:14.246569 [debug] [Thread-8 (]: Began compiling node test.zero_to_one_chain.not_null_fact_purchase_orders_risk_flag.53694ab903
[0m02:31:14.247618 [debug] [Thread-3 (]: Finished running node test.zero_to_one_chain.not_null_dim_supplier_supplier_id.725f2b9f7b
[0m02:31:14.248337 [debug] [Thread-9 (]: Began executing node test.zero_to_one_chain.not_null_fact_purchase_orders_po_number.7571b8f5cc
[0m02:31:14.249030 [debug] [Thread-5 (]: Finished running node test.zero_to_one_chain.not_null_fact_orders_is_on_time.37c0ce34f9
[0m02:31:14.256494 [debug] [Thread-8 (]: Writing injected SQL for node "test.zero_to_one_chain.not_null_fact_purchase_orders_risk_flag.53694ab903"
[0m02:31:14.257161 [debug] [Thread-3 (]: Began running node test.zero_to_one_chain.not_null_mart_customer_delivery_customer_id.8441ab3832
[0m02:31:14.261058 [debug] [Thread-9 (]: Writing runtime sql for node "test.zero_to_one_chain.not_null_fact_purchase_orders_po_number.7571b8f5cc"
[0m02:31:14.261697 [debug] [Thread-5 (]: Began running node test.zero_to_one_chain.not_null_mart_supplier_scorecard_supplier_id.f5d6750207
[0m02:31:14.262660 [info ] [Thread-3 (]: 20 of 32 START test not_null_mart_customer_delivery_customer_id ................ [RUN]
[0m02:31:14.263228 [debug] [Thread-8 (]: Began executing node test.zero_to_one_chain.not_null_fact_purchase_orders_risk_flag.53694ab903
[0m02:31:14.264153 [info ] [Thread-5 (]: 21 of 32 START test not_null_mart_supplier_scorecard_supplier_id ............... [RUN]
[0m02:31:14.265298 [debug] [Thread-9 (]: Using snowflake connection "test.zero_to_one_chain.not_null_fact_purchase_orders_po_number.7571b8f5cc"
[0m02:31:14.273465 [debug] [Thread-3 (]: Re-using an available connection from the pool (formerly test.zero_to_one_chain.not_null_dim_supplier_supplier_id.725f2b9f7b, now test.zero_to_one_chain.not_null_mart_customer_delivery_customer_id.8441ab3832)
[0m02:31:14.277762 [debug] [Thread-8 (]: Writing runtime sql for node "test.zero_to_one_chain.not_null_fact_purchase_orders_risk_flag.53694ab903"
[0m02:31:14.278499 [debug] [Thread-5 (]: Re-using an available connection from the pool (formerly test.zero_to_one_chain.not_null_fact_orders_is_on_time.37c0ce34f9, now test.zero_to_one_chain.not_null_mart_supplier_scorecard_supplier_id.f5d6750207)
[0m02:31:14.279120 [debug] [Thread-9 (]: On test.zero_to_one_chain.not_null_fact_purchase_orders_po_number.7571b8f5cc: /* {"app": "dbt", "dbt_version": "1.9.4", "profile_name": "zero_to_one_chain", "target_name": "dev", "node_id": "test.zero_to_one_chain.not_null_fact_purchase_orders_po_number.7571b8f5cc"} */
select
      count(*) as failures,
      count(*) != 0 as should_warn,
      count(*) != 0 as should_error
    from (
      
    
    



select po_number
from ZERO_TO_ONE_CHAIN.PUBLIC_L5_CORE.fact_purchase_orders
where po_number is null



      
    ) dbt_internal_test
[0m02:31:14.279787 [debug] [Thread-3 (]: Began compiling node test.zero_to_one_chain.not_null_mart_customer_delivery_customer_id.8441ab3832
[0m02:31:14.280665 [debug] [Thread-5 (]: Began compiling node test.zero_to_one_chain.not_null_mart_supplier_scorecard_supplier_id.f5d6750207
[0m02:31:14.281754 [debug] [Thread-8 (]: Using snowflake connection "test.zero_to_one_chain.not_null_fact_purchase_orders_risk_flag.53694ab903"
[0m02:31:14.282317 [debug] [Thread-9 (]: Opening a new connection, currently in state init
[0m02:31:14.288306 [debug] [Thread-3 (]: Writing injected SQL for node "test.zero_to_one_chain.not_null_mart_customer_delivery_customer_id.8441ab3832"
[0m02:31:14.294412 [debug] [Thread-5 (]: Writing injected SQL for node "test.zero_to_one_chain.not_null_mart_supplier_scorecard_supplier_id.f5d6750207"
[0m02:31:14.295092 [debug] [Thread-8 (]: On test.zero_to_one_chain.not_null_fact_purchase_orders_risk_flag.53694ab903: /* {"app": "dbt", "dbt_version": "1.9.4", "profile_name": "zero_to_one_chain", "target_name": "dev", "node_id": "test.zero_to_one_chain.not_null_fact_purchase_orders_risk_flag.53694ab903"} */
select
      count(*) as failures,
      count(*) != 0 as should_warn,
      count(*) != 0 as should_error
    from (
      
    
    



select risk_flag
from ZERO_TO_ONE_CHAIN.PUBLIC_L5_CORE.fact_purchase_orders
where risk_flag is null



      
    ) dbt_internal_test
[0m02:31:14.296403 [debug] [Thread-3 (]: Began executing node test.zero_to_one_chain.not_null_mart_customer_delivery_customer_id.8441ab3832
[0m02:31:14.297013 [debug] [Thread-8 (]: Opening a new connection, currently in state init
[0m02:31:14.297476 [debug] [Thread-5 (]: Began executing node test.zero_to_one_chain.not_null_mart_supplier_scorecard_supplier_id.f5d6750207
[0m02:31:14.302995 [debug] [Thread-3 (]: Writing runtime sql for node "test.zero_to_one_chain.not_null_mart_customer_delivery_customer_id.8441ab3832"
[0m02:31:14.307474 [debug] [Thread-5 (]: Writing runtime sql for node "test.zero_to_one_chain.not_null_mart_supplier_scorecard_supplier_id.f5d6750207"
[0m02:31:14.309033 [debug] [Thread-3 (]: Using snowflake connection "test.zero_to_one_chain.not_null_mart_customer_delivery_customer_id.8441ab3832"
[0m02:31:14.309992 [debug] [Thread-5 (]: Using snowflake connection "test.zero_to_one_chain.not_null_mart_supplier_scorecard_supplier_id.f5d6750207"
[0m02:31:14.310578 [debug] [Thread-3 (]: On test.zero_to_one_chain.not_null_mart_customer_delivery_customer_id.8441ab3832: /* {"app": "dbt", "dbt_version": "1.9.4", "profile_name": "zero_to_one_chain", "target_name": "dev", "node_id": "test.zero_to_one_chain.not_null_mart_customer_delivery_customer_id.8441ab3832"} */
select
      count(*) as failures,
      count(*) != 0 as should_warn,
      count(*) != 0 as should_error
    from (
      
    
    



select customer_id
from ZERO_TO_ONE_CHAIN.PUBLIC_L5_CORE.mart_customer_delivery
where customer_id is null



      
    ) dbt_internal_test
[0m02:31:14.311168 [debug] [Thread-5 (]: On test.zero_to_one_chain.not_null_mart_supplier_scorecard_supplier_id.f5d6750207: /* {"app": "dbt", "dbt_version": "1.9.4", "profile_name": "zero_to_one_chain", "target_name": "dev", "node_id": "test.zero_to_one_chain.not_null_mart_supplier_scorecard_supplier_id.f5d6750207"} */
select
      count(*) as failures,
      count(*) != 0 as should_warn,
      count(*) != 0 as should_error
    from (
      
    
    



select supplier_id
from ZERO_TO_ONE_CHAIN.PUBLIC_L5_CORE.mart_supplier_scorecard
where supplier_id is null



      
    ) dbt_internal_test
[0m02:31:14.311765 [debug] [Thread-3 (]: Opening a new connection, currently in state init
[0m02:31:14.312313 [debug] [Thread-5 (]: Opening a new connection, currently in state init
[0m02:31:14.331769 [debug] [Thread-4 (]: SQL status: SUCCESS 1 in 0.444 seconds
[0m02:31:14.334432 [info ] [Thread-4 (]: 14 of 32 PASS not_null_fact_orders_is_otif ..................................... [[32mPASS[0m in 0.51s]
[0m02:31:14.335214 [debug] [Thread-4 (]: Finished running node test.zero_to_one_chain.not_null_fact_orders_is_otif.fde79c6dd9
[0m02:31:14.335931 [debug] [Thread-4 (]: Began running node test.zero_to_one_chain.not_null_stg_inventory_material_number.96e453ef23
[0m02:31:14.336590 [info ] [Thread-4 (]: 22 of 32 START test not_null_stg_inventory_material_number ..................... [RUN]
[0m02:31:14.337267 [debug] [Thread-4 (]: Re-using an available connection from the pool (formerly test.zero_to_one_chain.not_null_fact_orders_is_otif.fde79c6dd9, now test.zero_to_one_chain.not_null_stg_inventory_material_number.96e453ef23)
[0m02:31:14.337783 [debug] [Thread-4 (]: Began compiling node test.zero_to_one_chain.not_null_stg_inventory_material_number.96e453ef23
[0m02:31:14.343404 [debug] [Thread-4 (]: Writing injected SQL for node "test.zero_to_one_chain.not_null_stg_inventory_material_number.96e453ef23"
[0m02:31:14.345021 [debug] [Thread-4 (]: Began executing node test.zero_to_one_chain.not_null_stg_inventory_material_number.96e453ef23
[0m02:31:14.349224 [debug] [Thread-4 (]: Writing runtime sql for node "test.zero_to_one_chain.not_null_stg_inventory_material_number.96e453ef23"
[0m02:31:14.351593 [debug] [Thread-4 (]: Using snowflake connection "test.zero_to_one_chain.not_null_stg_inventory_material_number.96e453ef23"
[0m02:31:14.352515 [debug] [Thread-4 (]: On test.zero_to_one_chain.not_null_stg_inventory_material_number.96e453ef23: /* {"app": "dbt", "dbt_version": "1.9.4", "profile_name": "zero_to_one_chain", "target_name": "dev", "node_id": "test.zero_to_one_chain.not_null_stg_inventory_material_number.96e453ef23"} */
select
      count(*) as failures,
      count(*) != 0 as should_warn,
      count(*) != 0 as should_error
    from (
      
    
    



select material_number
from ZERO_TO_ONE_CHAIN.PUBLIC_L2_STAGE.stg_inventory
where material_number is null



      
    ) dbt_internal_test
[0m02:31:14.353689 [debug] [Thread-4 (]: Opening a new connection, currently in state init
[0m02:31:14.388649 [debug] [Thread-7 (]: SQL status: SUCCESS 1 in 0.387 seconds
[0m02:31:14.391196 [info ] [Thread-7 (]: 16 of 32 PASS not_null_fact_orders_order_number ................................ [[32mPASS[0m in 0.50s]
[0m02:31:14.425178 [debug] [Thread-6 (]: SQL status: SUCCESS 1 in 0.425 seconds
[0m02:31:14.426784 [debug] [Thread-7 (]: Finished running node test.zero_to_one_chain.not_null_fact_orders_order_number.0a96e65a85
[0m02:31:14.429358 [info ] [Thread-6 (]: 15 of 32 PASS not_null_fact_orders_order_health ................................ [[32mPASS[0m in 0.54s]
[0m02:31:14.430089 [debug] [Thread-7 (]: Began running node test.zero_to_one_chain.not_null_stg_inventory_plant_code.2a0d383d2b
[0m02:31:14.430859 [debug] [Thread-6 (]: Finished running node test.zero_to_one_chain.not_null_fact_orders_order_health.82fd073830
[0m02:31:14.431431 [info ] [Thread-7 (]: 23 of 32 START test not_null_stg_inventory_plant_code .......................... [RUN]
[0m02:31:14.432136 [debug] [Thread-6 (]: Began running node test.zero_to_one_chain.not_null_stg_purchase_orders_ordered_qty.cbabec5c40
[0m02:31:14.432882 [debug] [Thread-7 (]: Re-using an available connection from the pool (formerly test.zero_to_one_chain.not_null_fact_orders_order_number.0a96e65a85, now test.zero_to_one_chain.not_null_stg_inventory_plant_code.2a0d383d2b)
[0m02:31:14.433461 [info ] [Thread-6 (]: 24 of 32 START test not_null_stg_purchase_orders_ordered_qty ................... [RUN]
[0m02:31:14.434027 [debug] [Thread-7 (]: Began compiling node test.zero_to_one_chain.not_null_stg_inventory_plant_code.2a0d383d2b
[0m02:31:14.434624 [debug] [Thread-6 (]: Re-using an available connection from the pool (formerly test.zero_to_one_chain.not_null_fact_orders_order_health.82fd073830, now test.zero_to_one_chain.not_null_stg_purchase_orders_ordered_qty.cbabec5c40)
[0m02:31:14.440607 [debug] [Thread-7 (]: Writing injected SQL for node "test.zero_to_one_chain.not_null_stg_inventory_plant_code.2a0d383d2b"
[0m02:31:14.441844 [debug] [Thread-6 (]: Began compiling node test.zero_to_one_chain.not_null_stg_purchase_orders_ordered_qty.cbabec5c40
[0m02:31:14.447801 [debug] [Thread-6 (]: Writing injected SQL for node "test.zero_to_one_chain.not_null_stg_purchase_orders_ordered_qty.cbabec5c40"
[0m02:31:14.448392 [debug] [Thread-7 (]: Began executing node test.zero_to_one_chain.not_null_stg_inventory_plant_code.2a0d383d2b
[0m02:31:14.452581 [debug] [Thread-7 (]: Writing runtime sql for node "test.zero_to_one_chain.not_null_stg_inventory_plant_code.2a0d383d2b"
[0m02:31:14.453136 [debug] [Thread-6 (]: Began executing node test.zero_to_one_chain.not_null_stg_purchase_orders_ordered_qty.cbabec5c40
[0m02:31:14.457435 [debug] [Thread-6 (]: Writing runtime sql for node "test.zero_to_one_chain.not_null_stg_purchase_orders_ordered_qty.cbabec5c40"
[0m02:31:14.458479 [debug] [Thread-7 (]: Using snowflake connection "test.zero_to_one_chain.not_null_stg_inventory_plant_code.2a0d383d2b"
[0m02:31:14.459354 [debug] [Thread-7 (]: On test.zero_to_one_chain.not_null_stg_inventory_plant_code.2a0d383d2b: /* {"app": "dbt", "dbt_version": "1.9.4", "profile_name": "zero_to_one_chain", "target_name": "dev", "node_id": "test.zero_to_one_chain.not_null_stg_inventory_plant_code.2a0d383d2b"} */
select
      count(*) as failures,
      count(*) != 0 as should_warn,
      count(*) != 0 as should_error
    from (
      
    
    



select plant_code
from ZERO_TO_ONE_CHAIN.PUBLIC_L2_STAGE.stg_inventory
where plant_code is null



      
    ) dbt_internal_test
[0m02:31:14.460376 [debug] [Thread-6 (]: Using snowflake connection "test.zero_to_one_chain.not_null_stg_purchase_orders_ordered_qty.cbabec5c40"
[0m02:31:14.460973 [debug] [Thread-7 (]: Opening a new connection, currently in state init
[0m02:31:14.461521 [debug] [Thread-6 (]: On test.zero_to_one_chain.not_null_stg_purchase_orders_ordered_qty.cbabec5c40: /* {"app": "dbt", "dbt_version": "1.9.4", "profile_name": "zero_to_one_chain", "target_name": "dev", "node_id": "test.zero_to_one_chain.not_null_stg_purchase_orders_ordered_qty.cbabec5c40"} */
select
      count(*) as failures,
      count(*) != 0 as should_warn,
      count(*) != 0 as should_error
    from (
      
    
    



select ordered_qty
from ZERO_TO_ONE_CHAIN.PUBLIC_L2_STAGE.stg_purchase_orders
where ordered_qty is null



      
    ) dbt_internal_test
[0m02:31:14.462234 [debug] [Thread-6 (]: Opening a new connection, currently in state init
[0m02:31:15.171746 [debug] [Thread-2 (]: SQL status: SUCCESS 1 in 0.977 seconds
[0m02:31:15.174180 [info ] [Thread-2 (]: 17 of 32 PASS not_null_fact_purchase_orders_landed_cost_usd .................... [[32mPASS[0m in 1.00s]
[0m02:31:15.174979 [debug] [Thread-2 (]: Finished running node test.zero_to_one_chain.not_null_fact_purchase_orders_landed_cost_usd.49b7b40f29
[0m02:31:15.175599 [debug] [Thread-2 (]: Began running node test.zero_to_one_chain.not_null_stg_purchase_orders_po_number.6cfffa2ad5
[0m02:31:15.176279 [info ] [Thread-2 (]: 25 of 32 START test not_null_stg_purchase_orders_po_number ..................... [RUN]
[0m02:31:15.176914 [debug] [Thread-2 (]: Re-using an available connection from the pool (formerly test.zero_to_one_chain.not_null_fact_purchase_orders_landed_cost_usd.49b7b40f29, now test.zero_to_one_chain.not_null_stg_purchase_orders_po_number.6cfffa2ad5)
[0m02:31:15.177414 [debug] [Thread-2 (]: Began compiling node test.zero_to_one_chain.not_null_stg_purchase_orders_po_number.6cfffa2ad5
[0m02:31:15.184790 [debug] [Thread-2 (]: Writing injected SQL for node "test.zero_to_one_chain.not_null_stg_purchase_orders_po_number.6cfffa2ad5"
[0m02:31:15.187128 [debug] [Thread-2 (]: Began executing node test.zero_to_one_chain.not_null_stg_purchase_orders_po_number.6cfffa2ad5
[0m02:31:15.191121 [debug] [Thread-2 (]: Writing runtime sql for node "test.zero_to_one_chain.not_null_stg_purchase_orders_po_number.6cfffa2ad5"
[0m02:31:15.192337 [debug] [Thread-2 (]: Using snowflake connection "test.zero_to_one_chain.not_null_stg_purchase_orders_po_number.6cfffa2ad5"
[0m02:31:15.192935 [debug] [Thread-2 (]: On test.zero_to_one_chain.not_null_stg_purchase_orders_po_number.6cfffa2ad5: /* {"app": "dbt", "dbt_version": "1.9.4", "profile_name": "zero_to_one_chain", "target_name": "dev", "node_id": "test.zero_to_one_chain.not_null_stg_purchase_orders_po_number.6cfffa2ad5"} */
select
      count(*) as failures,
      count(*) != 0 as should_warn,
      count(*) != 0 as should_error
    from (
      
    
    



select po_number
from ZERO_TO_ONE_CHAIN.PUBLIC_L2_STAGE.stg_purchase_orders
where po_number is null



      
    ) dbt_internal_test
[0m02:31:15.193466 [debug] [Thread-2 (]: Opening a new connection, currently in state init
[0m02:31:15.327286 [debug] [Thread-9 (]: SQL status: SUCCESS 1 in 1.045 seconds
[0m02:31:15.329837 [info ] [Thread-9 (]: 18 of 32 PASS not_null_fact_purchase_orders_po_number .......................... [[32mPASS[0m in 1.10s]
[0m02:31:15.330636 [debug] [Thread-9 (]: Finished running node test.zero_to_one_chain.not_null_fact_purchase_orders_po_number.7571b8f5cc
[0m02:31:15.331294 [debug] [Thread-9 (]: Began running node test.zero_to_one_chain.not_null_stg_purchase_orders_supplier_id.3842a0bc2e
[0m02:31:15.332037 [info ] [Thread-9 (]: 26 of 32 START test not_null_stg_purchase_orders_supplier_id ................... [RUN]
[0m02:31:15.332729 [debug] [Thread-9 (]: Re-using an available connection from the pool (formerly test.zero_to_one_chain.not_null_fact_purchase_orders_po_number.7571b8f5cc, now test.zero_to_one_chain.not_null_stg_purchase_orders_supplier_id.3842a0bc2e)
[0m02:31:15.333271 [debug] [Thread-9 (]: Began compiling node test.zero_to_one_chain.not_null_stg_purchase_orders_supplier_id.3842a0bc2e
[0m02:31:15.339624 [debug] [Thread-9 (]: Writing injected SQL for node "test.zero_to_one_chain.not_null_stg_purchase_orders_supplier_id.3842a0bc2e"
[0m02:31:15.340515 [debug] [Thread-8 (]: SQL status: SUCCESS 1 in 1.043 seconds
[0m02:31:15.343008 [info ] [Thread-8 (]: 19 of 32 PASS not_null_fact_purchase_orders_risk_flag .......................... [[32mPASS[0m in 1.11s]
[0m02:31:15.343727 [debug] [Thread-9 (]: Began executing node test.zero_to_one_chain.not_null_stg_purchase_orders_supplier_id.3842a0bc2e
[0m02:31:15.344429 [debug] [Thread-8 (]: Finished running node test.zero_to_one_chain.not_null_fact_purchase_orders_risk_flag.53694ab903
[0m02:31:15.348641 [debug] [Thread-9 (]: Writing runtime sql for node "test.zero_to_one_chain.not_null_stg_purchase_orders_supplier_id.3842a0bc2e"
[0m02:31:15.349425 [debug] [Thread-8 (]: Began running node test.zero_to_one_chain.not_null_stg_sales_orders_customer_id.29e63e9d51
[0m02:31:15.350332 [info ] [Thread-8 (]: 27 of 32 START test not_null_stg_sales_orders_customer_id ...................... [RUN]
[0m02:31:15.351254 [debug] [Thread-8 (]: Re-using an available connection from the pool (formerly test.zero_to_one_chain.not_null_fact_purchase_orders_risk_flag.53694ab903, now test.zero_to_one_chain.not_null_stg_sales_orders_customer_id.29e63e9d51)
[0m02:31:15.352274 [debug] [Thread-9 (]: Using snowflake connection "test.zero_to_one_chain.not_null_stg_purchase_orders_supplier_id.3842a0bc2e"
[0m02:31:15.353488 [debug] [Thread-8 (]: Began compiling node test.zero_to_one_chain.not_null_stg_sales_orders_customer_id.29e63e9d51
[0m02:31:15.354807 [debug] [Thread-9 (]: On test.zero_to_one_chain.not_null_stg_purchase_orders_supplier_id.3842a0bc2e: /* {"app": "dbt", "dbt_version": "1.9.4", "profile_name": "zero_to_one_chain", "target_name": "dev", "node_id": "test.zero_to_one_chain.not_null_stg_purchase_orders_supplier_id.3842a0bc2e"} */
select
      count(*) as failures,
      count(*) != 0 as should_warn,
      count(*) != 0 as should_error
    from (
      
    
    



select supplier_id
from ZERO_TO_ONE_CHAIN.PUBLIC_L2_STAGE.stg_purchase_orders
where supplier_id is null



      
    ) dbt_internal_test
[0m02:31:15.362322 [debug] [Thread-8 (]: Writing injected SQL for node "test.zero_to_one_chain.not_null_stg_sales_orders_customer_id.29e63e9d51"
[0m02:31:15.362997 [debug] [Thread-9 (]: Opening a new connection, currently in state init
[0m02:31:15.364163 [debug] [Thread-8 (]: Began executing node test.zero_to_one_chain.not_null_stg_sales_orders_customer_id.29e63e9d51
[0m02:31:15.368185 [debug] [Thread-8 (]: Writing runtime sql for node "test.zero_to_one_chain.not_null_stg_sales_orders_customer_id.29e63e9d51"
[0m02:31:15.369622 [debug] [Thread-8 (]: Using snowflake connection "test.zero_to_one_chain.not_null_stg_sales_orders_customer_id.29e63e9d51"
[0m02:31:15.370240 [debug] [Thread-8 (]: On test.zero_to_one_chain.not_null_stg_sales_orders_customer_id.29e63e9d51: /* {"app": "dbt", "dbt_version": "1.9.4", "profile_name": "zero_to_one_chain", "target_name": "dev", "node_id": "test.zero_to_one_chain.not_null_stg_sales_orders_customer_id.29e63e9d51"} */
select
      count(*) as failures,
      count(*) != 0 as should_warn,
      count(*) != 0 as should_error
    from (
      
    
    



select customer_id
from ZERO_TO_ONE_CHAIN.PUBLIC_L2_STAGE.stg_sales_orders
where customer_id is null



      
    ) dbt_internal_test
[0m02:31:15.370772 [debug] [Thread-8 (]: Opening a new connection, currently in state init
[0m02:31:15.378542 [debug] [Thread-3 (]: SQL status: SUCCESS 1 in 1.067 seconds
[0m02:31:15.381145 [info ] [Thread-3 (]: 20 of 32 PASS not_null_mart_customer_delivery_customer_id ...................... [[32mPASS[0m in 1.11s]
[0m02:31:15.381986 [debug] [Thread-3 (]: Finished running node test.zero_to_one_chain.not_null_mart_customer_delivery_customer_id.8441ab3832
[0m02:31:15.383151 [debug] [Thread-3 (]: Began running node test.zero_to_one_chain.not_null_stg_sales_orders_order_number.1ba1c4bbd7
[0m02:31:15.383859 [info ] [Thread-3 (]: 28 of 32 START test not_null_stg_sales_orders_order_number ..................... [RUN]
[0m02:31:15.384522 [debug] [Thread-3 (]: Re-using an available connection from the pool (formerly test.zero_to_one_chain.not_null_mart_customer_delivery_customer_id.8441ab3832, now test.zero_to_one_chain.not_null_stg_sales_orders_order_number.1ba1c4bbd7)
[0m02:31:15.385020 [debug] [Thread-3 (]: Began compiling node test.zero_to_one_chain.not_null_stg_sales_orders_order_number.1ba1c4bbd7
[0m02:31:15.390904 [debug] [Thread-3 (]: Writing injected SQL for node "test.zero_to_one_chain.not_null_stg_sales_orders_order_number.1ba1c4bbd7"
[0m02:31:15.392608 [debug] [Thread-3 (]: Began executing node test.zero_to_one_chain.not_null_stg_sales_orders_order_number.1ba1c4bbd7
[0m02:31:15.396531 [debug] [Thread-3 (]: Writing runtime sql for node "test.zero_to_one_chain.not_null_stg_sales_orders_order_number.1ba1c4bbd7"
[0m02:31:15.398357 [debug] [Thread-3 (]: Using snowflake connection "test.zero_to_one_chain.not_null_stg_sales_orders_order_number.1ba1c4bbd7"
[0m02:31:15.398925 [debug] [Thread-3 (]: On test.zero_to_one_chain.not_null_stg_sales_orders_order_number.1ba1c4bbd7: /* {"app": "dbt", "dbt_version": "1.9.4", "profile_name": "zero_to_one_chain", "target_name": "dev", "node_id": "test.zero_to_one_chain.not_null_stg_sales_orders_order_number.1ba1c4bbd7"} */
select
      count(*) as failures,
      count(*) != 0 as should_warn,
      count(*) != 0 as should_error
    from (
      
    
    



select order_number
from ZERO_TO_ONE_CHAIN.PUBLIC_L2_STAGE.stg_sales_orders
where order_number is null



      
    ) dbt_internal_test
[0m02:31:15.399436 [debug] [Thread-3 (]: Opening a new connection, currently in state init
[0m02:31:15.404827 [debug] [Thread-5 (]: SQL status: SUCCESS 1 in 1.092 seconds
[0m02:31:15.407305 [error] [Thread-5 (]: 21 of 32 FAIL 2 not_null_mart_supplier_scorecard_supplier_id ................... [[31mFAIL 2[0m in 1.13s]
[0m02:31:15.408205 [debug] [Thread-5 (]: Finished running node test.zero_to_one_chain.not_null_mart_supplier_scorecard_supplier_id.f5d6750207
[0m02:31:15.408890 [debug] [Thread-5 (]: Began running node test.zero_to_one_chain.not_null_stg_sales_orders_ordered_qty.b61e702a52
[0m02:31:15.409556 [info ] [Thread-5 (]: 29 of 32 START test not_null_stg_sales_orders_ordered_qty ...................... [RUN]
[0m02:31:15.410234 [debug] [Thread-5 (]: Re-using an available connection from the pool (formerly test.zero_to_one_chain.not_null_mart_supplier_scorecard_supplier_id.f5d6750207, now test.zero_to_one_chain.not_null_stg_sales_orders_ordered_qty.b61e702a52)
[0m02:31:15.410789 [debug] [Thread-5 (]: Began compiling node test.zero_to_one_chain.not_null_stg_sales_orders_ordered_qty.b61e702a52
[0m02:31:15.416819 [debug] [Thread-5 (]: Writing injected SQL for node "test.zero_to_one_chain.not_null_stg_sales_orders_ordered_qty.b61e702a52"
[0m02:31:15.417586 [debug] [Thread-5 (]: Began executing node test.zero_to_one_chain.not_null_stg_sales_orders_ordered_qty.b61e702a52
[0m02:31:15.422692 [debug] [Thread-5 (]: Writing runtime sql for node "test.zero_to_one_chain.not_null_stg_sales_orders_ordered_qty.b61e702a52"
[0m02:31:15.439230 [debug] [Thread-5 (]: Using snowflake connection "test.zero_to_one_chain.not_null_stg_sales_orders_ordered_qty.b61e702a52"
[0m02:31:15.439916 [debug] [Thread-5 (]: On test.zero_to_one_chain.not_null_stg_sales_orders_ordered_qty.b61e702a52: /* {"app": "dbt", "dbt_version": "1.9.4", "profile_name": "zero_to_one_chain", "target_name": "dev", "node_id": "test.zero_to_one_chain.not_null_stg_sales_orders_ordered_qty.b61e702a52"} */
select
      count(*) as failures,
      count(*) != 0 as should_warn,
      count(*) != 0 as should_error
    from (
      
    
    



select ordered_qty
from ZERO_TO_ONE_CHAIN.PUBLIC_L2_STAGE.stg_sales_orders
where ordered_qty is null



      
    ) dbt_internal_test
[0m02:31:15.440466 [debug] [Thread-5 (]: Opening a new connection, currently in state init
[0m02:31:15.502799 [debug] [Thread-6 (]: SQL status: SUCCESS 1 in 1.040 seconds
[0m02:31:15.505611 [info ] [Thread-6 (]: 24 of 32 PASS not_null_stg_purchase_orders_ordered_qty ......................... [[32mPASS[0m in 1.07s]
[0m02:31:15.506414 [debug] [Thread-6 (]: Finished running node test.zero_to_one_chain.not_null_stg_purchase_orders_ordered_qty.cbabec5c40
[0m02:31:15.507062 [debug] [Thread-6 (]: Began running node test.zero_to_one_chain.not_null_stg_shipments_shipment_id.13d2043380
[0m02:31:15.507763 [info ] [Thread-6 (]: 30 of 32 START test not_null_stg_shipments_shipment_id ......................... [RUN]
[0m02:31:15.508457 [debug] [Thread-6 (]: Re-using an available connection from the pool (formerly test.zero_to_one_chain.not_null_stg_purchase_orders_ordered_qty.cbabec5c40, now test.zero_to_one_chain.not_null_stg_shipments_shipment_id.13d2043380)
[0m02:31:15.508996 [debug] [Thread-6 (]: Began compiling node test.zero_to_one_chain.not_null_stg_shipments_shipment_id.13d2043380
[0m02:31:15.515136 [debug] [Thread-6 (]: Writing injected SQL for node "test.zero_to_one_chain.not_null_stg_shipments_shipment_id.13d2043380"
[0m02:31:15.516005 [debug] [Thread-6 (]: Began executing node test.zero_to_one_chain.not_null_stg_shipments_shipment_id.13d2043380
[0m02:31:15.519812 [debug] [Thread-6 (]: Writing runtime sql for node "test.zero_to_one_chain.not_null_stg_shipments_shipment_id.13d2043380"
[0m02:31:15.520949 [debug] [Thread-6 (]: Using snowflake connection "test.zero_to_one_chain.not_null_stg_shipments_shipment_id.13d2043380"
[0m02:31:15.521473 [debug] [Thread-6 (]: On test.zero_to_one_chain.not_null_stg_shipments_shipment_id.13d2043380: /* {"app": "dbt", "dbt_version": "1.9.4", "profile_name": "zero_to_one_chain", "target_name": "dev", "node_id": "test.zero_to_one_chain.not_null_stg_shipments_shipment_id.13d2043380"} */
select
      count(*) as failures,
      count(*) != 0 as should_warn,
      count(*) != 0 as should_error
    from (
      
    
    



select shipment_id
from ZERO_TO_ONE_CHAIN.PUBLIC_L2_STAGE.stg_shipments
where shipment_id is null



      
    ) dbt_internal_test
[0m02:31:15.521945 [debug] [Thread-6 (]: Opening a new connection, currently in state init
[0m02:31:15.579524 [debug] [Thread-7 (]: SQL status: SUCCESS 1 in 1.118 seconds
[0m02:31:15.582033 [info ] [Thread-7 (]: 23 of 32 PASS not_null_stg_inventory_plant_code ................................ [[32mPASS[0m in 1.15s]
[0m02:31:15.582857 [debug] [Thread-7 (]: Finished running node test.zero_to_one_chain.not_null_stg_inventory_plant_code.2a0d383d2b
[0m02:31:15.583517 [debug] [Thread-7 (]: Began running node test.zero_to_one_chain.unique_dim_supplier_supplier_id.f38497a628
[0m02:31:15.584241 [info ] [Thread-7 (]: 31 of 32 START test unique_dim_supplier_supplier_id ............................ [RUN]
[0m02:31:15.584915 [debug] [Thread-7 (]: Re-using an available connection from the pool (formerly test.zero_to_one_chain.not_null_stg_inventory_plant_code.2a0d383d2b, now test.zero_to_one_chain.unique_dim_supplier_supplier_id.f38497a628)
[0m02:31:15.585455 [debug] [Thread-7 (]: Began compiling node test.zero_to_one_chain.unique_dim_supplier_supplier_id.f38497a628
[0m02:31:15.594535 [debug] [Thread-7 (]: Writing injected SQL for node "test.zero_to_one_chain.unique_dim_supplier_supplier_id.f38497a628"
[0m02:31:15.601606 [debug] [Thread-2 (]: SQL status: SUCCESS 1 in 0.408 seconds
[0m02:31:15.604805 [info ] [Thread-2 (]: 25 of 32 PASS not_null_stg_purchase_orders_po_number ........................... [[32mPASS[0m in 0.43s]
[0m02:31:15.605384 [debug] [Thread-7 (]: Began executing node test.zero_to_one_chain.unique_dim_supplier_supplier_id.f38497a628
[0m02:31:15.606073 [debug] [Thread-2 (]: Finished running node test.zero_to_one_chain.not_null_stg_purchase_orders_po_number.6cfffa2ad5
[0m02:31:15.611746 [debug] [Thread-7 (]: Writing runtime sql for node "test.zero_to_one_chain.unique_dim_supplier_supplier_id.f38497a628"
[0m02:31:15.612452 [debug] [Thread-2 (]: Began running node test.zero_to_one_chain.unique_stg_shipments_shipment_id.61ce1cfa9c
[0m02:31:15.613343 [info ] [Thread-2 (]: 32 of 32 START test unique_stg_shipments_shipment_id ........................... [RUN]
[0m02:31:15.614444 [debug] [Thread-7 (]: Using snowflake connection "test.zero_to_one_chain.unique_dim_supplier_supplier_id.f38497a628"
[0m02:31:15.615740 [debug] [Thread-4 (]: SQL status: SUCCESS 1 in 1.262 seconds
[0m02:31:15.617011 [debug] [Thread-2 (]: Re-using an available connection from the pool (formerly test.zero_to_one_chain.not_null_stg_purchase_orders_po_number.6cfffa2ad5, now test.zero_to_one_chain.unique_stg_shipments_shipment_id.61ce1cfa9c)
[0m02:31:15.617644 [debug] [Thread-7 (]: On test.zero_to_one_chain.unique_dim_supplier_supplier_id.f38497a628: /* {"app": "dbt", "dbt_version": "1.9.4", "profile_name": "zero_to_one_chain", "target_name": "dev", "node_id": "test.zero_to_one_chain.unique_dim_supplier_supplier_id.f38497a628"} */
select
      count(*) as failures,
      count(*) != 0 as should_warn,
      count(*) != 0 as should_error
    from (
      
    
    

select
    supplier_id as unique_field,
    count(*) as n_records

from ZERO_TO_ONE_CHAIN.PUBLIC_L5_CORE.dim_supplier
where supplier_id is not null
group by supplier_id
having count(*) > 1



      
    ) dbt_internal_test
[0m02:31:15.619977 [info ] [Thread-4 (]: 22 of 32 PASS not_null_stg_inventory_material_number ........................... [[32mPASS[0m in 1.28s]
[0m02:31:15.620637 [debug] [Thread-2 (]: Began compiling node test.zero_to_one_chain.unique_stg_shipments_shipment_id.61ce1cfa9c
[0m02:31:15.621209 [debug] [Thread-7 (]: Opening a new connection, currently in state init
[0m02:31:15.621943 [debug] [Thread-4 (]: Finished running node test.zero_to_one_chain.not_null_stg_inventory_material_number.96e453ef23
[0m02:31:15.628751 [debug] [Thread-2 (]: Writing injected SQL for node "test.zero_to_one_chain.unique_stg_shipments_shipment_id.61ce1cfa9c"
[0m02:31:15.630200 [debug] [Thread-2 (]: Began executing node test.zero_to_one_chain.unique_stg_shipments_shipment_id.61ce1cfa9c
[0m02:31:15.634356 [debug] [Thread-2 (]: Writing runtime sql for node "test.zero_to_one_chain.unique_stg_shipments_shipment_id.61ce1cfa9c"
[0m02:31:15.635602 [debug] [Thread-2 (]: Using snowflake connection "test.zero_to_one_chain.unique_stg_shipments_shipment_id.61ce1cfa9c"
[0m02:31:15.636234 [debug] [Thread-2 (]: On test.zero_to_one_chain.unique_stg_shipments_shipment_id.61ce1cfa9c: /* {"app": "dbt", "dbt_version": "1.9.4", "profile_name": "zero_to_one_chain", "target_name": "dev", "node_id": "test.zero_to_one_chain.unique_stg_shipments_shipment_id.61ce1cfa9c"} */
select
      count(*) as failures,
      count(*) != 0 as should_warn,
      count(*) != 0 as should_error
    from (
      
    
    

select
    shipment_id as unique_field,
    count(*) as n_records

from ZERO_TO_ONE_CHAIN.PUBLIC_L2_STAGE.stg_shipments
where shipment_id is not null
group by shipment_id
having count(*) > 1



      
    ) dbt_internal_test
[0m02:31:15.636760 [debug] [Thread-2 (]: Opening a new connection, currently in state init
[0m02:31:15.755549 [debug] [Thread-9 (]: SQL status: SUCCESS 1 in 0.392 seconds
[0m02:31:15.758876 [warn ] [Thread-9 (]: 26 of 32 WARN 150 not_null_stg_purchase_orders_supplier_id ..................... [[33mWARN 150[0m in 0.43s]
[0m02:31:15.760015 [debug] [Thread-9 (]: Finished running node test.zero_to_one_chain.not_null_stg_purchase_orders_supplier_id.3842a0bc2e
[0m02:31:15.777338 [debug] [Thread-3 (]: SQL status: SUCCESS 1 in 0.378 seconds
[0m02:31:15.779828 [info ] [Thread-3 (]: 28 of 32 PASS not_null_stg_sales_orders_order_number ........................... [[32mPASS[0m in 0.40s]
[0m02:31:15.780625 [debug] [Thread-3 (]: Finished running node test.zero_to_one_chain.not_null_stg_sales_orders_order_number.1ba1c4bbd7
[0m02:31:15.786540 [debug] [Thread-8 (]: SQL status: SUCCESS 1 in 0.416 seconds
[0m02:31:15.789125 [info ] [Thread-8 (]: 27 of 32 PASS not_null_stg_sales_orders_customer_id ............................ [[32mPASS[0m in 0.44s]
[0m02:31:15.790604 [debug] [Thread-8 (]: Finished running node test.zero_to_one_chain.not_null_stg_sales_orders_customer_id.29e63e9d51
[0m02:31:15.828351 [debug] [Thread-5 (]: SQL status: SUCCESS 1 in 0.388 seconds
[0m02:31:15.831444 [info ] [Thread-5 (]: 29 of 32 PASS not_null_stg_sales_orders_ordered_qty ............................ [[32mPASS[0m in 0.42s]
[0m02:31:15.832304 [debug] [Thread-5 (]: Finished running node test.zero_to_one_chain.not_null_stg_sales_orders_ordered_qty.b61e702a52
[0m02:31:15.991569 [debug] [Thread-6 (]: SQL status: SUCCESS 1 in 0.469 seconds
[0m02:31:15.994123 [info ] [Thread-6 (]: 30 of 32 PASS not_null_stg_shipments_shipment_id ............................... [[32mPASS[0m in 0.49s]
[0m02:31:15.994952 [debug] [Thread-6 (]: Finished running node test.zero_to_one_chain.not_null_stg_shipments_shipment_id.13d2043380
[0m02:31:16.032367 [debug] [Thread-7 (]: SQL status: SUCCESS 1 in 0.411 seconds
[0m02:31:16.034799 [info ] [Thread-7 (]: 31 of 32 PASS unique_dim_supplier_supplier_id .................................. [[32mPASS[0m in 0.45s]
[0m02:31:16.035623 [debug] [Thread-7 (]: Finished running node test.zero_to_one_chain.unique_dim_supplier_supplier_id.f38497a628
[0m02:31:16.321815 [debug] [Thread-2 (]: SQL status: SUCCESS 1 in 0.685 seconds
[0m02:31:16.324377 [info ] [Thread-2 (]: 32 of 32 PASS unique_stg_shipments_shipment_id ................................. [[32mPASS[0m in 0.71s]
[0m02:31:16.325196 [debug] [Thread-2 (]: Finished running node test.zero_to_one_chain.unique_stg_shipments_shipment_id.61ce1cfa9c
[0m02:31:16.329605 [debug] [Dummy-1   ]: Connection 'master' was properly closed.
[0m02:31:16.330387 [debug] [Dummy-1   ]: Connection 'test.zero_to_one_chain.unique_stg_shipments_shipment_id.61ce1cfa9c' was properly closed.
[0m02:31:16.331357 [debug] [Dummy-1   ]: Connection 'test.zero_to_one_chain.not_null_stg_sales_orders_order_number.1ba1c4bbd7' was properly closed.
[0m02:31:16.332303 [debug] [Dummy-1   ]: Connection 'test.zero_to_one_chain.not_null_stg_inventory_material_number.96e453ef23' was properly closed.
[0m02:31:16.332906 [debug] [Dummy-1   ]: Connection 'test.zero_to_one_chain.not_null_stg_sales_orders_ordered_qty.b61e702a52' was properly closed.
[0m02:31:16.333368 [debug] [Dummy-1   ]: Connection 'test.zero_to_one_chain.not_null_stg_shipments_shipment_id.13d2043380' was properly closed.
[0m02:31:16.333801 [debug] [Dummy-1   ]: Connection 'test.zero_to_one_chain.unique_dim_supplier_supplier_id.f38497a628' was properly closed.
[0m02:31:16.334253 [debug] [Dummy-1   ]: Connection 'test.zero_to_one_chain.not_null_stg_sales_orders_customer_id.29e63e9d51' was properly closed.
[0m02:31:16.334670 [debug] [Dummy-1   ]: Connection 'test.zero_to_one_chain.not_null_stg_purchase_orders_supplier_id.3842a0bc2e' was properly closed.
[0m02:31:16.335240 [info ] [Dummy-1   ]: 
[0m02:31:16.335794 [info ] [Dummy-1   ]: Finished running 32 data tests in 0 hours 0 minutes and 3.84 seconds (3.84s).
[0m02:31:16.340151 [debug] [Dummy-1   ]: Command end result
[0m02:31:16.372179 [debug] [Dummy-1   ]: Wrote artifact WritableManifest to /tmp/dbt/target/manifest.json
[0m02:31:16.374370 [debug] [Dummy-1   ]: Wrote artifact SemanticManifest to /tmp/dbt/target/semantic_manifest.json
[0m02:31:16.382992 [debug] [Dummy-1   ]: Wrote artifact RunExecutionResult to /tmp/dbt/target/run_results.json
[0m02:31:16.383556 [info ] [Dummy-1   ]: 
[0m02:31:16.384148 [info ] [Dummy-1   ]: [31mCompleted with 1 error, 0 partial successes, and 1 warning:[0m
[0m02:31:16.384617 [info ] [Dummy-1   ]: 
[0m02:31:16.385191 [error] [Dummy-1   ]: [31mFailure in test not_null_mart_supplier_scorecard_supplier_id (models/marts/schema.yml)[0m
[0m02:31:16.385721 [error] [Dummy-1   ]:   Got 2 results, configured to fail if != 0
[0m02:31:16.386122 [info ] [Dummy-1   ]: 
[0m02:31:16.386581 [info ] [Dummy-1   ]:   compiled code at target/compiled/zero_to_one_chain/models/marts/schema.yml/not_null_mart_supplier_scorecard_supplier_id.sql
[0m02:31:16.387008 [info ] [Dummy-1   ]: 
[0m02:31:16.387533 [warn ] [Dummy-1   ]: [33mWarning in test not_null_stg_purchase_orders_supplier_id (models/staging/schema.yml)[0m
[0m02:31:16.388145 [warn ] [Dummy-1   ]: Got 150 results, configured to warn if != 0
[0m02:31:16.388585 [info ] [Dummy-1   ]: 
[0m02:31:16.389075 [info ] [Dummy-1   ]:   compiled code at target/compiled/zero_to_one_chain/models/staging/schema.yml/not_null_stg_purchase_orders_supplier_id.sql
[0m02:31:16.389572 [info ] [Dummy-1   ]: 
[0m02:31:16.390026 [info ] [Dummy-1   ]: Done. PASS=30 WARN=1 ERROR=1 SKIP=0 TOTAL=32
[0m02:31:16.391976 [debug] [Dummy-1   ]: Resource report: {"command_name": "test", "command_success": false, "command_wall_clock_time": 5.365505, "process_in_blocks": "0", "process_kernel_time": 1.11, "process_mem_max_rss": "511216", "process_out_blocks": "0", "process_user_time": 5.64}
[0m02:31:16.392648 [debug] [Dummy-1   ]: Command `cli test` failed at 02:31:16.392375 after 5.37 seconds
[0m02:31:16.393182 [debug] [Dummy-1   ]: Flushing usage events


============================== 02:31:46.134297 | e80d9cee-d31b-4ecf-85c3-1051c3ceeb88 ==============================
[0m02:31:46.134297 [info ] [Dummy-1   ]: Running with dbt=1.9.4
[0m02:31:46.135185 [debug] [Dummy-1   ]: running dbt with arguments {'printer_width': '80', 'indirect_selection': 'eager', 'write_json': 'True', 'log_cache_events': 'False', 'partial_parse': 'True', 'cache_selected_only': 'False', 'profiles_dir': '/tmp/dbt_effective_profiles_ikva4pnc', 'version_check': 'True', 'fail_fast': 'False', 'log_path': '/tmp/dbt/logs', 'warn_error': 'None', 'debug': 'False', 'use_colors': 'True', 'use_experimental_parser': 'False', 'no_print': 'None', 'quiet': 'False', 'empty': 'None', 'warn_error_options': 'WarnErrorOptions(include=[], exclude=[])', 'static_parser': 'True', 'log_format': 'default', 'introspect': 'True', 'target_path': 'None', 'invocation_command': 'dbt ', 'send_anonymous_usage_stats': 'False'}
[0m02:31:46.330336 [info ] [Dummy-1   ]: State adapter: dbt-state v0.0.0 is disabled
[0m02:31:46.421573 [info ] [Dummy-1   ]: Registered adapter: snowflake=1.9.2
[0m02:31:46.966466 [debug] [Dummy-1   ]: checksum: 53ed91fada2233efb98368d1716b44ab532c83a9c293cf1890b7905d5b45fb25, vars: {}, profile: , target: dev, version: 1.9.4
[0m02:31:47.279854 [debug] [Dummy-1   ]: Partial parsing enabled: 0 files deleted, 0 files added, 1 files changed.
[0m02:31:47.281158 [debug] [Dummy-1   ]: Partial parsing: updated file: zero_to_one_chain://models/marts/schema.yml
[0m02:31:47.878061 [warn ] [Dummy-1   ]: [[33mWARNING[0m]: Configuration paths exist in your dbt_project.yml file which do not apply to any resources.
There are 1 unused configuration paths:
- models.zero_to_one_chain.metrics
[0m02:31:48.001199 [debug] [Dummy-1   ]: Wrote artifact WritableManifest to /tmp/dbt/target/manifest.json
[0m02:31:48.003407 [debug] [Dummy-1   ]: Wrote artifact SemanticManifest to /tmp/dbt/target/semantic_manifest.json
[0m02:31:48.067917 [info ] [Dummy-1   ]: Found 9 models, 32 data tests, 11 sources, 474 macros
[0m02:31:48.071732 [info ] [Dummy-1   ]: 
[0m02:31:48.072300 [info ] [Dummy-1   ]: Concurrency: 8 threads (target='dev')
[0m02:31:48.072752 [info ] [Dummy-1   ]: 
[0m02:31:48.073441 [debug] [Dummy-1   ]: Acquiring new snowflake connection 'master'
[0m02:31:48.080080 [debug] [ThreadPool]: Acquiring new snowflake connection 'list_ZERO_TO_ONE_CHAIN_PUBLIC_L2_STAGE'
[0m02:31:48.081942 [debug] [ThreadPool]: Acquiring new snowflake connection 'list_ZERO_TO_ONE_CHAIN_PUBLIC_L5_CORE'
[0m02:31:48.175929 [debug] [ThreadPool]: Using snowflake connection "list_ZERO_TO_ONE_CHAIN_PUBLIC_L2_STAGE"
[0m02:31:48.176749 [debug] [ThreadPool]: Using snowflake connection "list_ZERO_TO_ONE_CHAIN_PUBLIC_L5_CORE"
[0m02:31:48.177356 [debug] [ThreadPool]: On list_ZERO_TO_ONE_CHAIN_PUBLIC_L2_STAGE: /* {"app": "dbt", "dbt_version": "1.9.4", "profile_name": "zero_to_one_chain", "target_name": "dev", "connection_name": "list_ZERO_TO_ONE_CHAIN_PUBLIC_L2_STAGE"} */
alter session set quoted_identifiers_ignore_case = false;
[0m02:31:48.177901 [debug] [ThreadPool]: On list_ZERO_TO_ONE_CHAIN_PUBLIC_L5_CORE: /* {"app": "dbt", "dbt_version": "1.9.4", "profile_name": "zero_to_one_chain", "target_name": "dev", "connection_name": "list_ZERO_TO_ONE_CHAIN_PUBLIC_L5_CORE"} */
alter session set quoted_identifiers_ignore_case = false;
[0m02:31:48.178422 [debug] [ThreadPool]: Opening a new connection, currently in state init
[0m02:31:48.178887 [debug] [ThreadPool]: Opening a new connection, currently in state init
[0m02:31:48.501448 [debug] [ThreadPool]: SQL status: SUCCESS 1 in 0.322 seconds
[0m02:31:48.506052 [debug] [ThreadPool]: Using snowflake connection "list_ZERO_TO_ONE_CHAIN_PUBLIC_L5_CORE"
[0m02:31:48.506593 [debug] [ThreadPool]: On list_ZERO_TO_ONE_CHAIN_PUBLIC_L5_CORE: /* {"app": "dbt", "dbt_version": "1.9.4", "profile_name": "zero_to_one_chain", "target_name": "dev", "connection_name": "list_ZERO_TO_ONE_CHAIN_PUBLIC_L5_CORE"} */
show objects in ZERO_TO_ONE_CHAIN.PUBLIC_L5_CORE
    limit 10000
    
;
[0m02:31:48.519330 [debug] [ThreadPool]: SQL status: SUCCESS 1 in 0.341 seconds
[0m02:31:48.521440 [debug] [ThreadPool]: Using snowflake connection "list_ZERO_TO_ONE_CHAIN_PUBLIC_L2_STAGE"
[0m02:31:48.522212 [debug] [ThreadPool]: On list_ZERO_TO_ONE_CHAIN_PUBLIC_L2_STAGE: /* {"app": "dbt", "dbt_version": "1.9.4", "profile_name": "zero_to_one_chain", "target_name": "dev", "connection_name": "list_ZERO_TO_ONE_CHAIN_PUBLIC_L2_STAGE"} */
show objects in ZERO_TO_ONE_CHAIN.PUBLIC_L2_STAGE
    limit 10000
    
;
[0m02:31:48.593546 [debug] [ThreadPool]: SQL status: SUCCESS 5 in 0.086 seconds
[0m02:31:48.595814 [debug] [ThreadPool]: Using snowflake connection "list_ZERO_TO_ONE_CHAIN_PUBLIC_L5_CORE"
[0m02:31:48.596334 [debug] [ThreadPool]: On list_ZERO_TO_ONE_CHAIN_PUBLIC_L5_CORE: /* {"app": "dbt", "dbt_version": "1.9.4", "profile_name": "zero_to_one_chain", "target_name": "dev", "connection_name": "list_ZERO_TO_ONE_CHAIN_PUBLIC_L5_CORE"} */
alter session unset quoted_identifiers_ignore_case;
[0m02:31:48.600679 [debug] [ThreadPool]: SQL status: SUCCESS 4 in 0.078 seconds
[0m02:31:48.602656 [debug] [ThreadPool]: Using snowflake connection "list_ZERO_TO_ONE_CHAIN_PUBLIC_L2_STAGE"
[0m02:31:48.603143 [debug] [ThreadPool]: On list_ZERO_TO_ONE_CHAIN_PUBLIC_L2_STAGE: /* {"app": "dbt", "dbt_version": "1.9.4", "profile_name": "zero_to_one_chain", "target_name": "dev", "connection_name": "list_ZERO_TO_ONE_CHAIN_PUBLIC_L2_STAGE"} */
alter session unset quoted_identifiers_ignore_case;
[0m02:31:48.650268 [debug] [ThreadPool]: SQL status: SUCCESS 1 in 0.053 seconds
[0m02:31:48.654230 [debug] [ThreadPool]: SQL status: SUCCESS 1 in 0.051 seconds
[0m02:31:48.674118 [debug] [Thread-2 (]: Began running node test.zero_to_one_chain.accepted_values_dim_supplier_health_tier__RED__AMBER__GREEN.6f2c31b569
[0m02:31:48.674800 [debug] [Thread-3 (]: Began running node test.zero_to_one_chain.accepted_values_fact_orders_order_health__COMPLETE__CANCELLED__OVERDUE_CRITICAL__OVERDUE__ON_TRACK.d90c7ad61e
[0m02:31:48.675425 [debug] [Thread-4 (]: Began running node test.zero_to_one_chain.accepted_values_mart_customer_delivery_action_status__ESCALATION_REQUIRED__REVIEW_REQUIRED__ATTENTION__OK.fae5d18f8f
[0m02:31:48.676244 [debug] [Thread-5 (]: Began running node test.zero_to_one_chain.accepted_values_mart_customer_delivery_delivery_health__EXCELLENT__GOOD__AT_RISK__CRITICAL.20418b7a57
[0m02:31:48.676853 [debug] [Thread-6 (]: Began running node test.zero_to_one_chain.accepted_values_mart_supplier_scorecard_monthly_grade__A__B__C__D.6e65562762
[0m02:31:48.677455 [debug] [Thread-7 (]: Began running node test.zero_to_one_chain.accepted_values_mart_supplier_scorecard_trend_direction__DECLINING_FAST__DECLINING__STABLE__IMPROVING.61bc343ec5
[0m02:31:48.677974 [info ] [Thread-2 (]: 1 of 32 START test accepted_values_dim_supplier_health_tier__RED__AMBER__GREEN . [RUN]
[0m02:31:48.678582 [debug] [Thread-8 (]: Began running node test.zero_to_one_chain.assert_no_negative_quantities
[0m02:31:48.679145 [debug] [Thread-9 (]: Began running node test.zero_to_one_chain.assert_otd_valid_range
[0m02:31:48.679783 [info ] [Thread-3 (]: 2 of 32 START test accepted_values_fact_orders_order_health__COMPLETE__CANCELLED__OVERDUE_CRITICAL__OVERDUE__ON_TRACK  [RUN]
[0m02:31:48.680401 [info ] [Thread-4 (]: 3 of 32 START test accepted_values_mart_customer_delivery_action_status__ESCALATION_REQUIRED__REVIEW_REQUIRED__ATTENTION__OK  [RUN]
[0m02:31:48.681000 [info ] [Thread-5 (]: 4 of 32 START test accepted_values_mart_customer_delivery_delivery_health__EXCELLENT__GOOD__AT_RISK__CRITICAL  [RUN]
[0m02:31:48.681526 [info ] [Thread-6 (]: 5 of 32 START test accepted_values_mart_supplier_scorecard_monthly_grade__A__B__C__D  [RUN]
[0m02:31:48.682077 [info ] [Thread-7 (]: 6 of 32 START test accepted_values_mart_supplier_scorecard_trend_direction__DECLINING_FAST__DECLINING__STABLE__IMPROVING  [RUN]
[0m02:31:48.682796 [debug] [Thread-2 (]: Re-using an available connection from the pool (formerly list_ZERO_TO_ONE_CHAIN_PUBLIC_L5_CORE, now test.zero_to_one_chain.accepted_values_dim_supplier_health_tier__RED__AMBER__GREEN.6f2c31b569)
[0m02:31:48.683341 [info ] [Thread-8 (]: 7 of 32 START test assert_no_negative_quantities ............................... [RUN]
[0m02:31:48.683992 [info ] [Thread-9 (]: 8 of 32 START test assert_otd_valid_range ...................................... [RUN]
[0m02:31:48.684702 [debug] [Thread-3 (]: Re-using an available connection from the pool (formerly list_ZERO_TO_ONE_CHAIN_PUBLIC_L2_STAGE, now test.zero_to_one_chain.accepted_values_fact_orders_order_health__COMPLETE__CANCELLED__OVERDUE_CRITICAL__OVERDUE__ON_TRACK.d90c7ad61e)
[0m02:31:48.685397 [debug] [Thread-4 (]: Acquiring new snowflake connection 'test.zero_to_one_chain.accepted_values_mart_customer_delivery_action_status__ESCALATION_REQUIRED__REVIEW_REQUIRED__ATTENTION__OK.fae5d18f8f'
[0m02:31:48.686052 [debug] [Thread-5 (]: Acquiring new snowflake connection 'test.zero_to_one_chain.accepted_values_mart_customer_delivery_delivery_health__EXCELLENT__GOOD__AT_RISK__CRITICAL.20418b7a57'
[0m02:31:48.686751 [debug] [Thread-6 (]: Acquiring new snowflake connection 'test.zero_to_one_chain.accepted_values_mart_supplier_scorecard_monthly_grade__A__B__C__D.6e65562762'
[0m02:31:48.687375 [debug] [Thread-7 (]: Acquiring new snowflake connection 'test.zero_to_one_chain.accepted_values_mart_supplier_scorecard_trend_direction__DECLINING_FAST__DECLINING__STABLE__IMPROVING.61bc343ec5'
[0m02:31:48.687967 [debug] [Thread-2 (]: Began compiling node test.zero_to_one_chain.accepted_values_dim_supplier_health_tier__RED__AMBER__GREEN.6f2c31b569
[0m02:31:48.688778 [debug] [Thread-8 (]: Acquiring new snowflake connection 'test.zero_to_one_chain.assert_no_negative_quantities'
[0m02:31:48.689422 [debug] [Thread-9 (]: Acquiring new snowflake connection 'test.zero_to_one_chain.assert_otd_valid_range'
[0m02:31:48.689930 [debug] [Thread-3 (]: Began compiling node test.zero_to_one_chain.accepted_values_fact_orders_order_health__COMPLETE__CANCELLED__OVERDUE_CRITICAL__OVERDUE__ON_TRACK.d90c7ad61e
[0m02:31:48.690430 [debug] [Thread-4 (]: Began compiling node test.zero_to_one_chain.accepted_values_mart_customer_delivery_action_status__ESCALATION_REQUIRED__REVIEW_REQUIRED__ATTENTION__OK.fae5d18f8f
[0m02:31:48.690921 [debug] [Thread-5 (]: Began compiling node test.zero_to_one_chain.accepted_values_mart_customer_delivery_delivery_health__EXCELLENT__GOOD__AT_RISK__CRITICAL.20418b7a57
[0m02:31:48.691420 [debug] [Thread-6 (]: Began compiling node test.zero_to_one_chain.accepted_values_mart_supplier_scorecard_monthly_grade__A__B__C__D.6e65562762
[0m02:31:48.691973 [debug] [Thread-7 (]: Began compiling node test.zero_to_one_chain.accepted_values_mart_supplier_scorecard_trend_direction__DECLINING_FAST__DECLINING__STABLE__IMPROVING.61bc343ec5
[0m02:31:48.704136 [debug] [Thread-2 (]: Writing injected SQL for node "test.zero_to_one_chain.accepted_values_dim_supplier_health_tier__RED__AMBER__GREEN.6f2c31b569"
[0m02:31:48.704719 [debug] [Thread-8 (]: Began compiling node test.zero_to_one_chain.assert_no_negative_quantities
[0m02:31:48.705238 [debug] [Thread-9 (]: Began compiling node test.zero_to_one_chain.assert_otd_valid_range
[0m02:31:48.714522 [debug] [Thread-3 (]: Writing injected SQL for node "test.zero_to_one_chain.accepted_values_fact_orders_order_health__COMPLETE__CANCELLED__OVERDUE_CRITICAL__OVERDUE__ON_TRACK.d90c7ad61e"
[0m02:31:48.724483 [debug] [Thread-4 (]: Writing injected SQL for node "test.zero_to_one_chain.accepted_values_mart_customer_delivery_action_status__ESCALATION_REQUIRED__REVIEW_REQUIRED__ATTENTION__OK.fae5d18f8f"
[0m02:31:48.732959 [debug] [Thread-5 (]: Writing injected SQL for node "test.zero_to_one_chain.accepted_values_mart_customer_delivery_delivery_health__EXCELLENT__GOOD__AT_RISK__CRITICAL.20418b7a57"
[0m02:31:48.738988 [debug] [Thread-6 (]: Writing injected SQL for node "test.zero_to_one_chain.accepted_values_mart_supplier_scorecard_monthly_grade__A__B__C__D.6e65562762"
[0m02:31:48.745085 [debug] [Thread-7 (]: Writing injected SQL for node "test.zero_to_one_chain.accepted_values_mart_supplier_scorecard_trend_direction__DECLINING_FAST__DECLINING__STABLE__IMPROVING.61bc343ec5"
[0m02:31:48.749757 [debug] [Thread-8 (]: Writing injected SQL for node "test.zero_to_one_chain.assert_no_negative_quantities"
[0m02:31:48.750338 [debug] [Thread-2 (]: Began executing node test.zero_to_one_chain.accepted_values_dim_supplier_health_tier__RED__AMBER__GREEN.6f2c31b569
[0m02:31:48.836057 [debug] [Thread-9 (]: Writing injected SQL for node "test.zero_to_one_chain.assert_otd_valid_range"
[0m02:31:48.837270 [debug] [Thread-3 (]: Began executing node test.zero_to_one_chain.accepted_values_fact_orders_order_health__COMPLETE__CANCELLED__OVERDUE_CRITICAL__OVERDUE__ON_TRACK.d90c7ad61e
[0m02:31:48.838115 [debug] [Thread-4 (]: Began executing node test.zero_to_one_chain.accepted_values_mart_customer_delivery_action_status__ESCALATION_REQUIRED__REVIEW_REQUIRED__ATTENTION__OK.fae5d18f8f
[0m02:31:48.838919 [debug] [Thread-5 (]: Began executing node test.zero_to_one_chain.accepted_values_mart_customer_delivery_delivery_health__EXCELLENT__GOOD__AT_RISK__CRITICAL.20418b7a57
[0m02:31:48.839857 [debug] [Thread-6 (]: Began executing node test.zero_to_one_chain.accepted_values_mart_supplier_scorecard_monthly_grade__A__B__C__D.6e65562762
[0m02:31:48.840774 [debug] [Thread-7 (]: Began executing node test.zero_to_one_chain.accepted_values_mart_supplier_scorecard_trend_direction__DECLINING_FAST__DECLINING__STABLE__IMPROVING.61bc343ec5
[0m02:31:48.862681 [debug] [Thread-8 (]: Began executing node test.zero_to_one_chain.assert_no_negative_quantities
[0m02:31:48.866573 [debug] [Thread-2 (]: Writing runtime sql for node "test.zero_to_one_chain.accepted_values_dim_supplier_health_tier__RED__AMBER__GREEN.6f2c31b569"
[0m02:31:48.870961 [debug] [Thread-3 (]: Writing runtime sql for node "test.zero_to_one_chain.accepted_values_fact_orders_order_health__COMPLETE__CANCELLED__OVERDUE_CRITICAL__OVERDUE__ON_TRACK.d90c7ad61e"
[0m02:31:48.871803 [debug] [Thread-9 (]: Began executing node test.zero_to_one_chain.assert_otd_valid_range
[0m02:31:48.875626 [debug] [Thread-4 (]: Writing runtime sql for node "test.zero_to_one_chain.accepted_values_mart_customer_delivery_action_status__ESCALATION_REQUIRED__REVIEW_REQUIRED__ATTENTION__OK.fae5d18f8f"
[0m02:31:48.880807 [debug] [Thread-5 (]: Writing runtime sql for node "test.zero_to_one_chain.accepted_values_mart_customer_delivery_delivery_health__EXCELLENT__GOOD__AT_RISK__CRITICAL.20418b7a57"
[0m02:31:48.884608 [debug] [Thread-6 (]: Writing runtime sql for node "test.zero_to_one_chain.accepted_values_mart_supplier_scorecard_monthly_grade__A__B__C__D.6e65562762"
[0m02:31:48.888571 [debug] [Thread-7 (]: Writing runtime sql for node "test.zero_to_one_chain.accepted_values_mart_supplier_scorecard_trend_direction__DECLINING_FAST__DECLINING__STABLE__IMPROVING.61bc343ec5"
[0m02:31:48.892332 [debug] [Thread-8 (]: Writing runtime sql for node "test.zero_to_one_chain.assert_no_negative_quantities"
[0m02:31:48.894269 [debug] [Thread-2 (]: Using snowflake connection "test.zero_to_one_chain.accepted_values_dim_supplier_health_tier__RED__AMBER__GREEN.6f2c31b569"
[0m02:31:48.898052 [debug] [Thread-9 (]: Writing runtime sql for node "test.zero_to_one_chain.assert_otd_valid_range"
[0m02:31:48.899197 [debug] [Thread-3 (]: Using snowflake connection "test.zero_to_one_chain.accepted_values_fact_orders_order_health__COMPLETE__CANCELLED__OVERDUE_CRITICAL__OVERDUE__ON_TRACK.d90c7ad61e"
[0m02:31:48.900726 [debug] [Thread-4 (]: Using snowflake connection "test.zero_to_one_chain.accepted_values_mart_customer_delivery_action_status__ESCALATION_REQUIRED__REVIEW_REQUIRED__ATTENTION__OK.fae5d18f8f"
[0m02:31:48.902130 [debug] [Thread-5 (]: Using snowflake connection "test.zero_to_one_chain.accepted_values_mart_customer_delivery_delivery_health__EXCELLENT__GOOD__AT_RISK__CRITICAL.20418b7a57"
[0m02:31:48.903577 [debug] [Thread-6 (]: Using snowflake connection "test.zero_to_one_chain.accepted_values_mart_supplier_scorecard_monthly_grade__A__B__C__D.6e65562762"
[0m02:31:48.905048 [debug] [Thread-7 (]: Using snowflake connection "test.zero_to_one_chain.accepted_values_mart_supplier_scorecard_trend_direction__DECLINING_FAST__DECLINING__STABLE__IMPROVING.61bc343ec5"
[0m02:31:48.905744 [debug] [Thread-2 (]: On test.zero_to_one_chain.accepted_values_dim_supplier_health_tier__RED__AMBER__GREEN.6f2c31b569: /* {"app": "dbt", "dbt_version": "1.9.4", "profile_name": "zero_to_one_chain", "target_name": "dev", "node_id": "test.zero_to_one_chain.accepted_values_dim_supplier_health_tier__RED__AMBER__GREEN.6f2c31b569"} */
select
      count(*) as failures,
      count(*) != 0 as should_warn,
      count(*) != 0 as should_error
    from (
      
    
    

with all_values as (

    select
        health_tier as value_field,
        count(*) as n_records

    from ZERO_TO_ONE_CHAIN.PUBLIC_L5_CORE.dim_supplier
    group by health_tier

)

select *
from all_values
where value_field not in (
    'RED','AMBER','GREEN'
)



      
    ) dbt_internal_test
[0m02:31:48.906706 [debug] [Thread-8 (]: Using snowflake connection "test.zero_to_one_chain.assert_no_negative_quantities"
[0m02:31:48.907515 [debug] [Thread-3 (]: On test.zero_to_one_chain.accepted_values_fact_orders_order_health__COMPLETE__CANCELLED__OVERDUE_CRITICAL__OVERDUE__ON_TRACK.d90c7ad61e: /* {"app": "dbt", "dbt_version": "1.9.4", "profile_name": "zero_to_one_chain", "target_name": "dev", "node_id": "test.zero_to_one_chain.accepted_values_fact_orders_order_health__COMPLETE__CANCELLED__OVERDUE_CRITICAL__OVERDUE__ON_TRACK.d90c7ad61e"} */
select
      count(*) as failures,
      count(*) != 0 as should_warn,
      count(*) != 0 as should_error
    from (
      
    
    

with all_values as (

    select
        order_health as value_field,
        count(*) as n_records

    from ZERO_TO_ONE_CHAIN.PUBLIC_L5_CORE.fact_orders
    group by order_health

)

select *
from all_values
where value_field not in (
    'COMPLETE','CANCELLED','OVERDUE_CRITICAL','OVERDUE','ON_TRACK'
)



      
    ) dbt_internal_test
[0m02:31:48.908590 [debug] [Thread-9 (]: Using snowflake connection "test.zero_to_one_chain.assert_otd_valid_range"
[0m02:31:48.909191 [debug] [Thread-4 (]: On test.zero_to_one_chain.accepted_values_mart_customer_delivery_action_status__ESCALATION_REQUIRED__REVIEW_REQUIRED__ATTENTION__OK.fae5d18f8f: /* {"app": "dbt", "dbt_version": "1.9.4", "profile_name": "zero_to_one_chain", "target_name": "dev", "node_id": "test.zero_to_one_chain.accepted_values_mart_customer_delivery_action_status__ESCALATION_REQUIRED__REVIEW_REQUIRED__ATTENTION__OK.fae5d18f8f"} */
select
      count(*) as failures,
      count(*) != 0 as should_warn,
      count(*) != 0 as should_error
    from (
      
    
    

with all_values as (

    select
        action_status as value_field,
        count(*) as n_records

    from ZERO_TO_ONE_CHAIN.PUBLIC_L5_CORE.mart_customer_delivery
    group by action_status

)

select *
from all_values
where value_field not in (
    'ESCALATION_REQUIRED','REVIEW_REQUIRED','ATTENTION','OK'
)



      
    ) dbt_internal_test
[0m02:31:48.909813 [debug] [Thread-5 (]: On test.zero_to_one_chain.accepted_values_mart_customer_delivery_delivery_health__EXCELLENT__GOOD__AT_RISK__CRITICAL.20418b7a57: /* {"app": "dbt", "dbt_version": "1.9.4", "profile_name": "zero_to_one_chain", "target_name": "dev", "node_id": "test.zero_to_one_chain.accepted_values_mart_customer_delivery_delivery_health__EXCELLENT__GOOD__AT_RISK__CRITICAL.20418b7a57"} */
select
      count(*) as failures,
      count(*) != 0 as should_warn,
      count(*) != 0 as should_error
    from (
      
    
    

with all_values as (

    select
        delivery_health as value_field,
        count(*) as n_records

    from ZERO_TO_ONE_CHAIN.PUBLIC_L5_CORE.mart_customer_delivery
    group by delivery_health

)

select *
from all_values
where value_field not in (
    'EXCELLENT','GOOD','AT_RISK','CRITICAL'
)



      
    ) dbt_internal_test
[0m02:31:48.910387 [debug] [Thread-6 (]: On test.zero_to_one_chain.accepted_values_mart_supplier_scorecard_monthly_grade__A__B__C__D.6e65562762: /* {"app": "dbt", "dbt_version": "1.9.4", "profile_name": "zero_to_one_chain", "target_name": "dev", "node_id": "test.zero_to_one_chain.accepted_values_mart_supplier_scorecard_monthly_grade__A__B__C__D.6e65562762"} */
select
      count(*) as failures,
      count(*) != 0 as should_warn,
      count(*) != 0 as should_error
    from (
      
    
    

with all_values as (

    select
        monthly_grade as value_field,
        count(*) as n_records

    from ZERO_TO_ONE_CHAIN.PUBLIC_L5_CORE.mart_supplier_scorecard
    group by monthly_grade

)

select *
from all_values
where value_field not in (
    'A','B','C','D'
)



      
    ) dbt_internal_test
[0m02:31:48.910965 [debug] [Thread-7 (]: On test.zero_to_one_chain.accepted_values_mart_supplier_scorecard_trend_direction__DECLINING_FAST__DECLINING__STABLE__IMPROVING.61bc343ec5: /* {"app": "dbt", "dbt_version": "1.9.4", "profile_name": "zero_to_one_chain", "target_name": "dev", "node_id": "test.zero_to_one_chain.accepted_values_mart_supplier_scorecard_trend_direction__DECLINING_FAST__DECLINING__STABLE__IMPROVING.61bc343ec5"} */
select
      count(*) as failures,
      count(*) != 0 as should_warn,
      count(*) != 0 as should_error
    from (
      
    
    

with all_values as (

    select
        trend_direction as value_field,
        count(*) as n_records

    from ZERO_TO_ONE_CHAIN.PUBLIC_L5_CORE.mart_supplier_scorecard
    group by trend_direction

)

select *
from all_values
where value_field not in (
    'DECLINING_FAST','DECLINING','STABLE','IMPROVING'
)



      
    ) dbt_internal_test
[0m02:31:48.911557 [debug] [Thread-2 (]: Opening a new connection, currently in state init
[0m02:31:48.912184 [debug] [Thread-8 (]: On test.zero_to_one_chain.assert_no_negative_quantities: /* {"app": "dbt", "dbt_version": "1.9.4", "profile_name": "zero_to_one_chain", "target_name": "dev", "node_id": "test.zero_to_one_chain.assert_no_negative_quantities"} */
select
      count(*) as failures,
      count(*) != 0 as should_warn,
      count(*) != 0 as should_error
    from (
      -- Test: no negative quantities should exist in staged purchase orders
SELECT po_number, ordered_qty
FROM ZERO_TO_ONE_CHAIN.PUBLIC_L2_STAGE.stg_purchase_orders
WHERE ordered_qty < 0
      
    ) dbt_internal_test
[0m02:31:48.912762 [debug] [Thread-3 (]: Opening a new connection, currently in state init
[0m02:31:48.913293 [debug] [Thread-9 (]: On test.zero_to_one_chain.assert_otd_valid_range: /* {"app": "dbt", "dbt_version": "1.9.4", "profile_name": "zero_to_one_chain", "target_name": "dev", "node_id": "test.zero_to_one_chain.assert_otd_valid_range"} */
select
      count(*) as failures,
      count(*) != 0 as should_warn,
      count(*) != 0 as should_error
    from (
      -- Test: OTD % should be between 0 and 100 for all completed orders
SELECT order_number,
       CASE WHEN is_on_time THEN 1 ELSE 0 END AS otd_val
FROM ZERO_TO_ONE_CHAIN.PUBLIC_L5_CORE.fact_orders
WHERE CASE WHEN is_on_time THEN 1 ELSE 0 END NOT BETWEEN 0 AND 1
      
    ) dbt_internal_test
[0m02:31:48.913802 [debug] [Thread-4 (]: Opening a new connection, currently in state init
[0m02:31:48.914292 [debug] [Thread-5 (]: Opening a new connection, currently in state init
[0m02:31:48.914740 [debug] [Thread-6 (]: Opening a new connection, currently in state init
[0m02:31:48.915203 [debug] [Thread-7 (]: Opening a new connection, currently in state init
[0m02:31:48.915898 [debug] [Thread-8 (]: Opening a new connection, currently in state init
[0m02:31:48.916597 [debug] [Thread-9 (]: Opening a new connection, currently in state init
[0m02:31:49.318344 [debug] [Thread-7 (]: SQL status: SUCCESS 1 in 0.403 seconds
[0m02:31:49.319293 [debug] [Thread-9 (]: SQL status: SUCCESS 1 in 0.403 seconds
[0m02:31:49.320173 [debug] [Thread-4 (]: SQL status: SUCCESS 1 in 0.406 seconds
[0m02:31:49.320962 [debug] [Thread-2 (]: SQL status: SUCCESS 1 in 0.409 seconds
[0m02:31:49.321692 [debug] [Thread-3 (]: SQL status: SUCCESS 1 in 0.409 seconds
[0m02:31:49.322403 [debug] [Thread-6 (]: SQL status: SUCCESS 1 in 0.408 seconds
[0m02:31:49.323091 [debug] [Thread-5 (]: SQL status: SUCCESS 1 in 0.409 seconds
[0m02:31:49.332652 [info ] [Thread-7 (]: 6 of 32 PASS accepted_values_mart_supplier_scorecard_trend_direction__DECLINING_FAST__DECLINING__STABLE__IMPROVING  [[32mPASS[0m in 0.65s]
[0m02:31:49.333606 [debug] [Thread-8 (]: SQL status: SUCCESS 1 in 0.418 seconds
[0m02:31:49.336315 [info ] [Thread-9 (]: 8 of 32 PASS assert_otd_valid_range ............................................ [[32mPASS[0m in 0.65s]
[0m02:31:49.338478 [info ] [Thread-4 (]: 3 of 32 PASS accepted_values_mart_customer_delivery_action_status__ESCALATION_REQUIRED__REVIEW_REQUIRED__ATTENTION__OK  [[32mPASS[0m in 0.65s]
[0m02:31:49.340708 [info ] [Thread-2 (]: 1 of 32 PASS accepted_values_dim_supplier_health_tier__RED__AMBER__GREEN ....... [[32mPASS[0m in 0.66s]
[0m02:31:49.342836 [info ] [Thread-3 (]: 2 of 32 PASS accepted_values_fact_orders_order_health__COMPLETE__CANCELLED__OVERDUE_CRITICAL__OVERDUE__ON_TRACK  [[32mPASS[0m in 0.66s]
[0m02:31:49.345002 [info ] [Thread-6 (]: 5 of 32 PASS accepted_values_mart_supplier_scorecard_monthly_grade__A__B__C__D . [[32mPASS[0m in 0.66s]
[0m02:31:49.347121 [info ] [Thread-5 (]: 4 of 32 PASS accepted_values_mart_customer_delivery_delivery_health__EXCELLENT__GOOD__AT_RISK__CRITICAL  [[32mPASS[0m in 0.66s]
[0m02:31:49.347971 [debug] [Thread-7 (]: Finished running node test.zero_to_one_chain.accepted_values_mart_supplier_scorecard_trend_direction__DECLINING_FAST__DECLINING__STABLE__IMPROVING.61bc343ec5
[0m02:31:49.349987 [info ] [Thread-8 (]: 7 of 32 PASS assert_no_negative_quantities ..................................... [[32mPASS[0m in 0.66s]
[0m02:31:49.350725 [debug] [Thread-9 (]: Finished running node test.zero_to_one_chain.assert_otd_valid_range
[0m02:31:49.351384 [debug] [Thread-4 (]: Finished running node test.zero_to_one_chain.accepted_values_mart_customer_delivery_action_status__ESCALATION_REQUIRED__REVIEW_REQUIRED__ATTENTION__OK.fae5d18f8f
[0m02:31:49.352126 [debug] [Thread-2 (]: Finished running node test.zero_to_one_chain.accepted_values_dim_supplier_health_tier__RED__AMBER__GREEN.6f2c31b569
[0m02:31:49.352801 [debug] [Thread-3 (]: Finished running node test.zero_to_one_chain.accepted_values_fact_orders_order_health__COMPLETE__CANCELLED__OVERDUE_CRITICAL__OVERDUE__ON_TRACK.d90c7ad61e
[0m02:31:49.353484 [debug] [Thread-6 (]: Finished running node test.zero_to_one_chain.accepted_values_mart_supplier_scorecard_monthly_grade__A__B__C__D.6e65562762
[0m02:31:49.354124 [debug] [Thread-5 (]: Finished running node test.zero_to_one_chain.accepted_values_mart_customer_delivery_delivery_health__EXCELLENT__GOOD__AT_RISK__CRITICAL.20418b7a57
[0m02:31:49.354703 [debug] [Thread-7 (]: Began running node test.zero_to_one_chain.assert_referential_integrity_supplier
[0m02:31:49.355448 [debug] [Thread-8 (]: Finished running node test.zero_to_one_chain.assert_no_negative_quantities
[0m02:31:49.356086 [debug] [Thread-9 (]: Began running node test.zero_to_one_chain.not_null_dim_supplier_blended_risk_score.17b51bd051
[0m02:31:49.356731 [debug] [Thread-4 (]: Began running node test.zero_to_one_chain.not_null_dim_supplier_health_tier.2ab2127d1d
[0m02:31:49.357357 [debug] [Thread-2 (]: Began running node test.zero_to_one_chain.not_null_dim_supplier_supplier_id.725f2b9f7b
[0m02:31:49.357961 [debug] [Thread-3 (]: Began running node test.zero_to_one_chain.not_null_fact_orders_is_on_time.37c0ce34f9
[0m02:31:49.358554 [debug] [Thread-6 (]: Began running node test.zero_to_one_chain.not_null_fact_orders_is_otif.fde79c6dd9
[0m02:31:49.359134 [debug] [Thread-5 (]: Began running node test.zero_to_one_chain.not_null_fact_orders_order_health.82fd073830
[0m02:31:49.359764 [info ] [Thread-7 (]: 9 of 32 START test assert_referential_integrity_supplier ....................... [RUN]
[0m02:31:49.360365 [debug] [Thread-8 (]: Began running node test.zero_to_one_chain.not_null_fact_orders_order_number.0a96e65a85
[0m02:31:49.360957 [info ] [Thread-9 (]: 10 of 32 START test not_null_dim_supplier_blended_risk_score ................... [RUN]
[0m02:31:49.361522 [info ] [Thread-4 (]: 11 of 32 START test not_null_dim_supplier_health_tier .......................... [RUN]
[0m02:31:49.362046 [info ] [Thread-2 (]: 12 of 32 START test not_null_dim_supplier_supplier_id .......................... [RUN]
[0m02:31:49.362560 [info ] [Thread-3 (]: 13 of 32 START test not_null_fact_orders_is_on_time ............................ [RUN]
[0m02:31:49.363066 [info ] [Thread-6 (]: 14 of 32 START test not_null_fact_orders_is_otif ............................... [RUN]
[0m02:31:49.363583 [info ] [Thread-5 (]: 15 of 32 START test not_null_fact_orders_order_health .......................... [RUN]
[0m02:31:49.364303 [debug] [Thread-7 (]: Re-using an available connection from the pool (formerly test.zero_to_one_chain.accepted_values_mart_supplier_scorecard_trend_direction__DECLINING_FAST__DECLINING__STABLE__IMPROVING.61bc343ec5, now test.zero_to_one_chain.assert_referential_integrity_supplier)
[0m02:31:49.364831 [info ] [Thread-8 (]: 16 of 32 START test not_null_fact_orders_order_number .......................... [RUN]
[0m02:31:49.365438 [debug] [Thread-9 (]: Re-using an available connection from the pool (formerly test.zero_to_one_chain.assert_otd_valid_range, now test.zero_to_one_chain.not_null_dim_supplier_blended_risk_score.17b51bd051)
[0m02:31:49.365991 [debug] [Thread-4 (]: Re-using an available connection from the pool (formerly test.zero_to_one_chain.accepted_values_mart_customer_delivery_action_status__ESCALATION_REQUIRED__REVIEW_REQUIRED__ATTENTION__OK.fae5d18f8f, now test.zero_to_one_chain.not_null_dim_supplier_health_tier.2ab2127d1d)
[0m02:31:49.366548 [debug] [Thread-2 (]: Re-using an available connection from the pool (formerly test.zero_to_one_chain.accepted_values_dim_supplier_health_tier__RED__AMBER__GREEN.6f2c31b569, now test.zero_to_one_chain.not_null_dim_supplier_supplier_id.725f2b9f7b)
[0m02:31:49.367093 [debug] [Thread-3 (]: Re-using an available connection from the pool (formerly test.zero_to_one_chain.accepted_values_fact_orders_order_health__COMPLETE__CANCELLED__OVERDUE_CRITICAL__OVERDUE__ON_TRACK.d90c7ad61e, now test.zero_to_one_chain.not_null_fact_orders_is_on_time.37c0ce34f9)
[0m02:31:49.367634 [debug] [Thread-6 (]: Re-using an available connection from the pool (formerly test.zero_to_one_chain.accepted_values_mart_supplier_scorecard_monthly_grade__A__B__C__D.6e65562762, now test.zero_to_one_chain.not_null_fact_orders_is_otif.fde79c6dd9)
[0m02:31:49.368265 [debug] [Thread-5 (]: Re-using an available connection from the pool (formerly test.zero_to_one_chain.accepted_values_mart_customer_delivery_delivery_health__EXCELLENT__GOOD__AT_RISK__CRITICAL.20418b7a57, now test.zero_to_one_chain.not_null_fact_orders_order_health.82fd073830)
[0m02:31:49.368799 [debug] [Thread-7 (]: Began compiling node test.zero_to_one_chain.assert_referential_integrity_supplier
[0m02:31:49.369330 [debug] [Thread-8 (]: Re-using an available connection from the pool (formerly test.zero_to_one_chain.assert_no_negative_quantities, now test.zero_to_one_chain.not_null_fact_orders_order_number.0a96e65a85)
[0m02:31:49.369832 [debug] [Thread-9 (]: Began compiling node test.zero_to_one_chain.not_null_dim_supplier_blended_risk_score.17b51bd051
[0m02:31:49.370314 [debug] [Thread-4 (]: Began compiling node test.zero_to_one_chain.not_null_dim_supplier_health_tier.2ab2127d1d
[0m02:31:49.370789 [debug] [Thread-2 (]: Began compiling node test.zero_to_one_chain.not_null_dim_supplier_supplier_id.725f2b9f7b
[0m02:31:49.371258 [debug] [Thread-3 (]: Began compiling node test.zero_to_one_chain.not_null_fact_orders_is_on_time.37c0ce34f9
[0m02:31:49.371788 [debug] [Thread-6 (]: Began compiling node test.zero_to_one_chain.not_null_fact_orders_is_otif.fde79c6dd9
[0m02:31:49.372269 [debug] [Thread-5 (]: Began compiling node test.zero_to_one_chain.not_null_fact_orders_order_health.82fd073830
[0m02:31:49.377077 [debug] [Thread-7 (]: Writing injected SQL for node "test.zero_to_one_chain.assert_referential_integrity_supplier"
[0m02:31:49.377643 [debug] [Thread-8 (]: Began compiling node test.zero_to_one_chain.not_null_fact_orders_order_number.0a96e65a85
[0m02:31:49.386238 [debug] [Thread-9 (]: Writing injected SQL for node "test.zero_to_one_chain.not_null_dim_supplier_blended_risk_score.17b51bd051"
[0m02:31:49.391762 [debug] [Thread-4 (]: Writing injected SQL for node "test.zero_to_one_chain.not_null_dim_supplier_health_tier.2ab2127d1d"
[0m02:31:49.399311 [debug] [Thread-2 (]: Writing injected SQL for node "test.zero_to_one_chain.not_null_dim_supplier_supplier_id.725f2b9f7b"
[0m02:31:49.404728 [debug] [Thread-3 (]: Writing injected SQL for node "test.zero_to_one_chain.not_null_fact_orders_is_on_time.37c0ce34f9"
[0m02:31:49.410241 [debug] [Thread-6 (]: Writing injected SQL for node "test.zero_to_one_chain.not_null_fact_orders_is_otif.fde79c6dd9"
[0m02:31:49.415591 [debug] [Thread-5 (]: Writing injected SQL for node "test.zero_to_one_chain.not_null_fact_orders_order_health.82fd073830"
[0m02:31:49.421152 [debug] [Thread-8 (]: Writing injected SQL for node "test.zero_to_one_chain.not_null_fact_orders_order_number.0a96e65a85"
[0m02:31:49.422017 [debug] [Thread-7 (]: Began executing node test.zero_to_one_chain.assert_referential_integrity_supplier
[0m02:31:49.422965 [debug] [Thread-9 (]: Began executing node test.zero_to_one_chain.not_null_dim_supplier_blended_risk_score.17b51bd051
[0m02:31:49.423886 [debug] [Thread-4 (]: Began executing node test.zero_to_one_chain.not_null_dim_supplier_health_tier.2ab2127d1d
[0m02:31:49.424689 [debug] [Thread-2 (]: Began executing node test.zero_to_one_chain.not_null_dim_supplier_supplier_id.725f2b9f7b
[0m02:31:49.425453 [debug] [Thread-3 (]: Began executing node test.zero_to_one_chain.not_null_fact_orders_is_on_time.37c0ce34f9
[0m02:31:49.426359 [debug] [Thread-6 (]: Began executing node test.zero_to_one_chain.not_null_fact_orders_is_otif.fde79c6dd9
[0m02:31:49.427173 [debug] [Thread-5 (]: Began executing node test.zero_to_one_chain.not_null_fact_orders_order_health.82fd073830
[0m02:31:49.433018 [debug] [Thread-7 (]: Writing runtime sql for node "test.zero_to_one_chain.assert_referential_integrity_supplier"
[0m02:31:49.433737 [debug] [Thread-8 (]: Began executing node test.zero_to_one_chain.not_null_fact_orders_order_number.0a96e65a85
[0m02:31:49.437439 [debug] [Thread-9 (]: Writing runtime sql for node "test.zero_to_one_chain.not_null_dim_supplier_blended_risk_score.17b51bd051"
[0m02:31:49.441204 [debug] [Thread-4 (]: Writing runtime sql for node "test.zero_to_one_chain.not_null_dim_supplier_health_tier.2ab2127d1d"
[0m02:31:49.444812 [debug] [Thread-2 (]: Writing runtime sql for node "test.zero_to_one_chain.not_null_dim_supplier_supplier_id.725f2b9f7b"
[0m02:31:49.448522 [debug] [Thread-3 (]: Writing runtime sql for node "test.zero_to_one_chain.not_null_fact_orders_is_on_time.37c0ce34f9"
[0m02:31:49.453354 [debug] [Thread-6 (]: Writing runtime sql for node "test.zero_to_one_chain.not_null_fact_orders_is_otif.fde79c6dd9"
[0m02:31:49.457058 [debug] [Thread-5 (]: Writing runtime sql for node "test.zero_to_one_chain.not_null_fact_orders_order_health.82fd073830"
[0m02:31:49.461042 [debug] [Thread-8 (]: Writing runtime sql for node "test.zero_to_one_chain.not_null_fact_orders_order_number.0a96e65a85"
[0m02:31:49.462487 [debug] [Thread-7 (]: Using snowflake connection "test.zero_to_one_chain.assert_referential_integrity_supplier"
[0m02:31:49.463801 [debug] [Thread-9 (]: Using snowflake connection "test.zero_to_one_chain.not_null_dim_supplier_blended_risk_score.17b51bd051"
[0m02:31:49.465015 [debug] [Thread-4 (]: Using snowflake connection "test.zero_to_one_chain.not_null_dim_supplier_health_tier.2ab2127d1d"
[0m02:31:49.466218 [debug] [Thread-2 (]: Using snowflake connection "test.zero_to_one_chain.not_null_dim_supplier_supplier_id.725f2b9f7b"
[0m02:31:49.467389 [debug] [Thread-3 (]: Using snowflake connection "test.zero_to_one_chain.not_null_fact_orders_is_on_time.37c0ce34f9"
[0m02:31:49.468623 [debug] [Thread-6 (]: Using snowflake connection "test.zero_to_one_chain.not_null_fact_orders_is_otif.fde79c6dd9"
[0m02:31:49.469770 [debug] [Thread-5 (]: Using snowflake connection "test.zero_to_one_chain.not_null_fact_orders_order_health.82fd073830"
[0m02:31:49.470421 [debug] [Thread-7 (]: On test.zero_to_one_chain.assert_referential_integrity_supplier: /* {"app": "dbt", "dbt_version": "1.9.4", "profile_name": "zero_to_one_chain", "target_name": "dev", "node_id": "test.zero_to_one_chain.assert_referential_integrity_supplier"} */
select
      count(*) as failures,
      count(*) != 0 as should_warn,
      count(*) != 0 as should_error
    from (
      -- Test: every supplier in fact_purchase_orders should exist in dim_supplier
SELECT DISTINCT fpo.supplier_id
FROM ZERO_TO_ONE_CHAIN.PUBLIC_L5_CORE.fact_purchase_orders fpo
LEFT JOIN ZERO_TO_ONE_CHAIN.PUBLIC_L5_CORE.dim_supplier ds ON ds.supplier_id = fpo.supplier_id
WHERE ds.supplier_id IS NULL AND fpo.supplier_id IS NOT NULL
      
    ) dbt_internal_test
[0m02:31:49.471331 [debug] [Thread-8 (]: Using snowflake connection "test.zero_to_one_chain.not_null_fact_orders_order_number.0a96e65a85"
[0m02:31:49.471944 [debug] [Thread-9 (]: On test.zero_to_one_chain.not_null_dim_supplier_blended_risk_score.17b51bd051: /* {"app": "dbt", "dbt_version": "1.9.4", "profile_name": "zero_to_one_chain", "target_name": "dev", "node_id": "test.zero_to_one_chain.not_null_dim_supplier_blended_risk_score.17b51bd051"} */
select
      count(*) as failures,
      count(*) != 0 as should_warn,
      count(*) != 0 as should_error
    from (
      
    
    



select blended_risk_score
from ZERO_TO_ONE_CHAIN.PUBLIC_L5_CORE.dim_supplier
where blended_risk_score is null



      
    ) dbt_internal_test
[0m02:31:49.472544 [debug] [Thread-4 (]: On test.zero_to_one_chain.not_null_dim_supplier_health_tier.2ab2127d1d: /* {"app": "dbt", "dbt_version": "1.9.4", "profile_name": "zero_to_one_chain", "target_name": "dev", "node_id": "test.zero_to_one_chain.not_null_dim_supplier_health_tier.2ab2127d1d"} */
select
      count(*) as failures,
      count(*) != 0 as should_warn,
      count(*) != 0 as should_error
    from (
      
    
    



select health_tier
from ZERO_TO_ONE_CHAIN.PUBLIC_L5_CORE.dim_supplier
where health_tier is null



      
    ) dbt_internal_test
[0m02:31:49.473123 [debug] [Thread-2 (]: On test.zero_to_one_chain.not_null_dim_supplier_supplier_id.725f2b9f7b: /* {"app": "dbt", "dbt_version": "1.9.4", "profile_name": "zero_to_one_chain", "target_name": "dev", "node_id": "test.zero_to_one_chain.not_null_dim_supplier_supplier_id.725f2b9f7b"} */
select
      count(*) as failures,
      count(*) != 0 as should_warn,
      count(*) != 0 as should_error
    from (
      
    
    



select supplier_id
from ZERO_TO_ONE_CHAIN.PUBLIC_L5_CORE.dim_supplier
where supplier_id is null



      
    ) dbt_internal_test
[0m02:31:49.473693 [debug] [Thread-3 (]: On test.zero_to_one_chain.not_null_fact_orders_is_on_time.37c0ce34f9: /* {"app": "dbt", "dbt_version": "1.9.4", "profile_name": "zero_to_one_chain", "target_name": "dev", "node_id": "test.zero_to_one_chain.not_null_fact_orders_is_on_time.37c0ce34f9"} */
select
      count(*) as failures,
      count(*) != 0 as should_warn,
      count(*) != 0 as should_error
    from (
      
    
    



select is_on_time
from ZERO_TO_ONE_CHAIN.PUBLIC_L5_CORE.fact_orders
where is_on_time is null



      
    ) dbt_internal_test
[0m02:31:49.474238 [debug] [Thread-6 (]: On test.zero_to_one_chain.not_null_fact_orders_is_otif.fde79c6dd9: /* {"app": "dbt", "dbt_version": "1.9.4", "profile_name": "zero_to_one_chain", "target_name": "dev", "node_id": "test.zero_to_one_chain.not_null_fact_orders_is_otif.fde79c6dd9"} */
select
      count(*) as failures,
      count(*) != 0 as should_warn,
      count(*) != 0 as should_error
    from (
      
    
    



select is_otif
from ZERO_TO_ONE_CHAIN.PUBLIC_L5_CORE.fact_orders
where is_otif is null



      
    ) dbt_internal_test
[0m02:31:49.474768 [debug] [Thread-5 (]: On test.zero_to_one_chain.not_null_fact_orders_order_health.82fd073830: /* {"app": "dbt", "dbt_version": "1.9.4", "profile_name": "zero_to_one_chain", "target_name": "dev", "node_id": "test.zero_to_one_chain.not_null_fact_orders_order_health.82fd073830"} */
select
      count(*) as failures,
      count(*) != 0 as should_warn,
      count(*) != 0 as should_error
    from (
      
    
    



select order_health
from ZERO_TO_ONE_CHAIN.PUBLIC_L5_CORE.fact_orders
where order_health is null



      
    ) dbt_internal_test
[0m02:31:49.475259 [debug] [Thread-7 (]: Opening a new connection, currently in state init
[0m02:31:49.475860 [debug] [Thread-8 (]: On test.zero_to_one_chain.not_null_fact_orders_order_number.0a96e65a85: /* {"app": "dbt", "dbt_version": "1.9.4", "profile_name": "zero_to_one_chain", "target_name": "dev", "node_id": "test.zero_to_one_chain.not_null_fact_orders_order_number.0a96e65a85"} */
select
      count(*) as failures,
      count(*) != 0 as should_warn,
      count(*) != 0 as should_error
    from (
      
    
    



select order_number
from ZERO_TO_ONE_CHAIN.PUBLIC_L5_CORE.fact_orders
where order_number is null



      
    ) dbt_internal_test
[0m02:31:49.476376 [debug] [Thread-9 (]: Opening a new connection, currently in state init
[0m02:31:49.476874 [debug] [Thread-4 (]: Opening a new connection, currently in state init
[0m02:31:49.477335 [debug] [Thread-2 (]: Opening a new connection, currently in state init
[0m02:31:49.477796 [debug] [Thread-3 (]: Opening a new connection, currently in state init
[0m02:31:49.478241 [debug] [Thread-6 (]: Opening a new connection, currently in state init
[0m02:31:49.478702 [debug] [Thread-5 (]: Opening a new connection, currently in state init
[0m02:31:49.479271 [debug] [Thread-8 (]: Opening a new connection, currently in state init
[0m02:31:49.839472 [debug] [Thread-5 (]: SQL status: SUCCESS 1 in 0.361 seconds
[0m02:31:49.842050 [info ] [Thread-5 (]: 15 of 32 PASS not_null_fact_orders_order_health ................................ [[32mPASS[0m in 0.47s]
[0m02:31:49.842844 [debug] [Thread-5 (]: Finished running node test.zero_to_one_chain.not_null_fact_orders_order_health.82fd073830
[0m02:31:49.843478 [debug] [Thread-5 (]: Began running node test.zero_to_one_chain.not_null_fact_purchase_orders_landed_cost_usd.49b7b40f29
[0m02:31:49.844193 [info ] [Thread-5 (]: 17 of 32 START test not_null_fact_purchase_orders_landed_cost_usd .............. [RUN]
[0m02:31:49.844889 [debug] [Thread-5 (]: Re-using an available connection from the pool (formerly test.zero_to_one_chain.not_null_fact_orders_order_health.82fd073830, now test.zero_to_one_chain.not_null_fact_purchase_orders_landed_cost_usd.49b7b40f29)
[0m02:31:49.845395 [debug] [Thread-5 (]: Began compiling node test.zero_to_one_chain.not_null_fact_purchase_orders_landed_cost_usd.49b7b40f29
[0m02:31:49.853017 [debug] [Thread-5 (]: Writing injected SQL for node "test.zero_to_one_chain.not_null_fact_purchase_orders_landed_cost_usd.49b7b40f29"
[0m02:31:49.853802 [debug] [Thread-2 (]: SQL status: SUCCESS 1 in 0.376 seconds
[0m02:31:49.854481 [debug] [Thread-3 (]: SQL status: SUCCESS 1 in 0.377 seconds
[0m02:31:49.855142 [debug] [Thread-9 (]: SQL status: SUCCESS 1 in 0.379 seconds
[0m02:31:49.855926 [debug] [Thread-4 (]: SQL status: SUCCESS 1 in 0.379 seconds
[0m02:31:49.856639 [debug] [Thread-6 (]: SQL status: SUCCESS 1 in 0.378 seconds
[0m02:31:49.857295 [debug] [Thread-8 (]: SQL status: SUCCESS 1 in 0.378 seconds
[0m02:31:49.859768 [info ] [Thread-2 (]: 12 of 32 PASS not_null_dim_supplier_supplier_id ................................ [[32mPASS[0m in 0.49s]
[0m02:31:49.860476 [debug] [Thread-5 (]: Began executing node test.zero_to_one_chain.not_null_fact_purchase_orders_landed_cost_usd.49b7b40f29
[0m02:31:49.862510 [info ] [Thread-3 (]: 13 of 32 PASS not_null_fact_orders_is_on_time .................................. [[32mPASS[0m in 0.50s]
[0m02:31:49.864654 [info ] [Thread-9 (]: 10 of 32 PASS not_null_dim_supplier_blended_risk_score ......................... [[32mPASS[0m in 0.50s]
[0m02:31:49.866693 [info ] [Thread-4 (]: 11 of 32 PASS not_null_dim_supplier_health_tier ................................ [[32mPASS[0m in 0.50s]
[0m02:31:49.868780 [info ] [Thread-6 (]: 14 of 32 PASS not_null_fact_orders_is_otif ..................................... [[32mPASS[0m in 0.50s]
[0m02:31:49.870811 [info ] [Thread-8 (]: 16 of 32 PASS not_null_fact_orders_order_number ................................ [[32mPASS[0m in 0.50s]
[0m02:31:49.871555 [debug] [Thread-2 (]: Finished running node test.zero_to_one_chain.not_null_dim_supplier_supplier_id.725f2b9f7b
[0m02:31:49.875749 [debug] [Thread-5 (]: Writing runtime sql for node "test.zero_to_one_chain.not_null_fact_purchase_orders_landed_cost_usd.49b7b40f29"
[0m02:31:49.876482 [debug] [Thread-3 (]: Finished running node test.zero_to_one_chain.not_null_fact_orders_is_on_time.37c0ce34f9
[0m02:31:49.877133 [debug] [Thread-9 (]: Finished running node test.zero_to_one_chain.not_null_dim_supplier_blended_risk_score.17b51bd051
[0m02:31:49.877755 [debug] [Thread-4 (]: Finished running node test.zero_to_one_chain.not_null_dim_supplier_health_tier.2ab2127d1d
[0m02:31:49.878361 [debug] [Thread-6 (]: Finished running node test.zero_to_one_chain.not_null_fact_orders_is_otif.fde79c6dd9
[0m02:31:49.878974 [debug] [Thread-8 (]: Finished running node test.zero_to_one_chain.not_null_fact_orders_order_number.0a96e65a85
[0m02:31:49.879594 [debug] [Thread-2 (]: Began running node test.zero_to_one_chain.not_null_fact_purchase_orders_po_number.7571b8f5cc
[0m02:31:49.880627 [debug] [Thread-3 (]: Began running node test.zero_to_one_chain.not_null_fact_purchase_orders_risk_flag.53694ab903
[0m02:31:49.881766 [debug] [Thread-5 (]: Using snowflake connection "test.zero_to_one_chain.not_null_fact_purchase_orders_landed_cost_usd.49b7b40f29"
[0m02:31:49.882349 [debug] [Thread-9 (]: Began running node test.zero_to_one_chain.not_null_mart_customer_delivery_customer_id.8441ab3832
[0m02:31:49.883025 [debug] [Thread-4 (]: Began running node test.zero_to_one_chain.not_null_mart_supplier_scorecard_supplier_id.f5d6750207
[0m02:31:49.883739 [debug] [Thread-6 (]: Began running node test.zero_to_one_chain.not_null_stg_inventory_material_number.96e453ef23
[0m02:31:49.884404 [debug] [Thread-8 (]: Began running node test.zero_to_one_chain.not_null_stg_inventory_plant_code.2a0d383d2b
[0m02:31:49.885079 [info ] [Thread-2 (]: 18 of 32 START test not_null_fact_purchase_orders_po_number .................... [RUN]
[0m02:31:49.885682 [info ] [Thread-3 (]: 19 of 32 START test not_null_fact_purchase_orders_risk_flag .................... [RUN]
[0m02:31:49.886262 [debug] [Thread-5 (]: On test.zero_to_one_chain.not_null_fact_purchase_orders_landed_cost_usd.49b7b40f29: /* {"app": "dbt", "dbt_version": "1.9.4", "profile_name": "zero_to_one_chain", "target_name": "dev", "node_id": "test.zero_to_one_chain.not_null_fact_purchase_orders_landed_cost_usd.49b7b40f29"} */
select
      count(*) as failures,
      count(*) != 0 as should_warn,
      count(*) != 0 as should_error
    from (
      
    
    



select landed_cost_usd
from ZERO_TO_ONE_CHAIN.PUBLIC_L5_CORE.fact_purchase_orders
where landed_cost_usd is null



      
    ) dbt_internal_test
[0m02:31:49.886799 [info ] [Thread-9 (]: 20 of 32 START test not_null_mart_customer_delivery_customer_id ................ [RUN]
[0m02:31:49.887357 [info ] [Thread-4 (]: 21 of 32 START test not_null_mart_supplier_scorecard_supplier_id ............... [RUN]
[0m02:31:49.888047 [info ] [Thread-6 (]: 22 of 32 START test not_null_stg_inventory_material_number ..................... [RUN]
[0m02:31:49.888704 [info ] [Thread-8 (]: 23 of 32 START test not_null_stg_inventory_plant_code .......................... [RUN]
[0m02:31:49.889403 [debug] [Thread-2 (]: Re-using an available connection from the pool (formerly test.zero_to_one_chain.not_null_dim_supplier_supplier_id.725f2b9f7b, now test.zero_to_one_chain.not_null_fact_purchase_orders_po_number.7571b8f5cc)
[0m02:31:49.890042 [debug] [Thread-3 (]: Re-using an available connection from the pool (formerly test.zero_to_one_chain.not_null_fact_orders_is_on_time.37c0ce34f9, now test.zero_to_one_chain.not_null_fact_purchase_orders_risk_flag.53694ab903)
[0m02:31:49.890789 [debug] [Thread-7 (]: SQL status: SUCCESS 1 in 0.415 seconds
[0m02:31:49.891362 [debug] [Thread-5 (]: Opening a new connection, currently in state init
[0m02:31:49.892069 [debug] [Thread-9 (]: Re-using an available connection from the pool (formerly test.zero_to_one_chain.not_null_dim_supplier_blended_risk_score.17b51bd051, now test.zero_to_one_chain.not_null_mart_customer_delivery_customer_id.8441ab3832)
[0m02:31:49.892695 [debug] [Thread-4 (]: Re-using an available connection from the pool (formerly test.zero_to_one_chain.not_null_dim_supplier_health_tier.2ab2127d1d, now test.zero_to_one_chain.not_null_mart_supplier_scorecard_supplier_id.f5d6750207)
[0m02:31:49.893287 [debug] [Thread-6 (]: Re-using an available connection from the pool (formerly test.zero_to_one_chain.not_null_fact_orders_is_otif.fde79c6dd9, now test.zero_to_one_chain.not_null_stg_inventory_material_number.96e453ef23)
[0m02:31:49.893890 [debug] [Thread-8 (]: Re-using an available connection from the pool (formerly test.zero_to_one_chain.not_null_fact_orders_order_number.0a96e65a85, now test.zero_to_one_chain.not_null_stg_inventory_plant_code.2a0d383d2b)
[0m02:31:49.894427 [debug] [Thread-2 (]: Began compiling node test.zero_to_one_chain.not_null_fact_purchase_orders_po_number.7571b8f5cc
[0m02:31:49.894944 [debug] [Thread-3 (]: Began compiling node test.zero_to_one_chain.not_null_fact_purchase_orders_risk_flag.53694ab903
[0m02:31:49.897298 [info ] [Thread-7 (]: 9 of 32 PASS assert_referential_integrity_supplier ............................. [[32mPASS[0m in 0.53s]
[0m02:31:49.898077 [debug] [Thread-9 (]: Began compiling node test.zero_to_one_chain.not_null_mart_customer_delivery_customer_id.8441ab3832
[0m02:31:49.898601 [debug] [Thread-4 (]: Began compiling node test.zero_to_one_chain.not_null_mart_supplier_scorecard_supplier_id.f5d6750207
[0m02:31:49.899129 [debug] [Thread-6 (]: Began compiling node test.zero_to_one_chain.not_null_stg_inventory_material_number.96e453ef23
[0m02:31:49.899636 [debug] [Thread-8 (]: Began compiling node test.zero_to_one_chain.not_null_stg_inventory_plant_code.2a0d383d2b
[0m02:31:49.905951 [debug] [Thread-2 (]: Writing injected SQL for node "test.zero_to_one_chain.not_null_fact_purchase_orders_po_number.7571b8f5cc"
[0m02:31:49.911409 [debug] [Thread-3 (]: Writing injected SQL for node "test.zero_to_one_chain.not_null_fact_purchase_orders_risk_flag.53694ab903"
[0m02:31:49.912239 [debug] [Thread-7 (]: Finished running node test.zero_to_one_chain.assert_referential_integrity_supplier
[0m02:31:49.917855 [debug] [Thread-9 (]: Writing injected SQL for node "test.zero_to_one_chain.not_null_mart_customer_delivery_customer_id.8441ab3832"
[0m02:31:49.925371 [debug] [Thread-4 (]: Writing injected SQL for node "test.zero_to_one_chain.not_null_mart_supplier_scorecard_supplier_id.f5d6750207"
[0m02:31:49.931282 [debug] [Thread-6 (]: Writing injected SQL for node "test.zero_to_one_chain.not_null_stg_inventory_material_number.96e453ef23"
[0m02:31:49.937070 [debug] [Thread-8 (]: Writing injected SQL for node "test.zero_to_one_chain.not_null_stg_inventory_plant_code.2a0d383d2b"
[0m02:31:49.938283 [debug] [Thread-2 (]: Began executing node test.zero_to_one_chain.not_null_fact_purchase_orders_po_number.7571b8f5cc
[0m02:31:49.939041 [debug] [Thread-7 (]: Began running node test.zero_to_one_chain.not_null_stg_purchase_orders_ordered_qty.cbabec5c40
[0m02:31:49.939653 [debug] [Thread-3 (]: Began executing node test.zero_to_one_chain.not_null_fact_purchase_orders_risk_flag.53694ab903
[0m02:31:49.940637 [debug] [Thread-9 (]: Began executing node test.zero_to_one_chain.not_null_mart_customer_delivery_customer_id.8441ab3832
[0m02:31:49.941504 [debug] [Thread-4 (]: Began executing node test.zero_to_one_chain.not_null_mart_supplier_scorecard_supplier_id.f5d6750207
[0m02:31:49.942300 [debug] [Thread-6 (]: Began executing node test.zero_to_one_chain.not_null_stg_inventory_material_number.96e453ef23
[0m02:31:49.946309 [debug] [Thread-2 (]: Writing runtime sql for node "test.zero_to_one_chain.not_null_fact_purchase_orders_po_number.7571b8f5cc"
[0m02:31:49.946862 [debug] [Thread-8 (]: Began executing node test.zero_to_one_chain.not_null_stg_inventory_plant_code.2a0d383d2b
[0m02:31:49.947418 [info ] [Thread-7 (]: 24 of 32 START test not_null_stg_purchase_orders_ordered_qty ................... [RUN]
[0m02:31:49.951367 [debug] [Thread-3 (]: Writing runtime sql for node "test.zero_to_one_chain.not_null_fact_purchase_orders_risk_flag.53694ab903"
[0m02:31:49.956314 [debug] [Thread-9 (]: Writing runtime sql for node "test.zero_to_one_chain.not_null_mart_customer_delivery_customer_id.8441ab3832"
[0m02:31:49.959979 [debug] [Thread-4 (]: Writing runtime sql for node "test.zero_to_one_chain.not_null_mart_supplier_scorecard_supplier_id.f5d6750207"
[0m02:31:49.963840 [debug] [Thread-6 (]: Writing runtime sql for node "test.zero_to_one_chain.not_null_stg_inventory_material_number.96e453ef23"
[0m02:31:49.975849 [debug] [Thread-8 (]: Writing runtime sql for node "test.zero_to_one_chain.not_null_stg_inventory_plant_code.2a0d383d2b"
[0m02:31:49.976968 [debug] [Thread-2 (]: Using snowflake connection "test.zero_to_one_chain.not_null_fact_purchase_orders_po_number.7571b8f5cc"
[0m02:31:49.977755 [debug] [Thread-7 (]: Re-using an available connection from the pool (formerly test.zero_to_one_chain.assert_referential_integrity_supplier, now test.zero_to_one_chain.not_null_stg_purchase_orders_ordered_qty.cbabec5c40)
[0m02:31:49.979150 [debug] [Thread-3 (]: Using snowflake connection "test.zero_to_one_chain.not_null_fact_purchase_orders_risk_flag.53694ab903"
[0m02:31:49.980400 [debug] [Thread-9 (]: Using snowflake connection "test.zero_to_one_chain.not_null_mart_customer_delivery_customer_id.8441ab3832"
[0m02:31:49.981616 [debug] [Thread-4 (]: Using snowflake connection "test.zero_to_one_chain.not_null_mart_supplier_scorecard_supplier_id.f5d6750207"
[0m02:31:49.982899 [debug] [Thread-6 (]: Using snowflake connection "test.zero_to_one_chain.not_null_stg_inventory_material_number.96e453ef23"
[0m02:31:49.983500 [debug] [Thread-2 (]: On test.zero_to_one_chain.not_null_fact_purchase_orders_po_number.7571b8f5cc: /* {"app": "dbt", "dbt_version": "1.9.4", "profile_name": "zero_to_one_chain", "target_name": "dev", "node_id": "test.zero_to_one_chain.not_null_fact_purchase_orders_po_number.7571b8f5cc"} */
select
      count(*) as failures,
      count(*) != 0 as should_warn,
      count(*) != 0 as should_error
    from (
      
    
    



select po_number
from ZERO_TO_ONE_CHAIN.PUBLIC_L5_CORE.fact_purchase_orders
where po_number is null



      
    ) dbt_internal_test
[0m02:31:49.984513 [debug] [Thread-8 (]: Using snowflake connection "test.zero_to_one_chain.not_null_stg_inventory_plant_code.2a0d383d2b"
[0m02:31:49.985104 [debug] [Thread-7 (]: Began compiling node test.zero_to_one_chain.not_null_stg_purchase_orders_ordered_qty.cbabec5c40
[0m02:31:49.985682 [debug] [Thread-3 (]: On test.zero_to_one_chain.not_null_fact_purchase_orders_risk_flag.53694ab903: /* {"app": "dbt", "dbt_version": "1.9.4", "profile_name": "zero_to_one_chain", "target_name": "dev", "node_id": "test.zero_to_one_chain.not_null_fact_purchase_orders_risk_flag.53694ab903"} */
select
      count(*) as failures,
      count(*) != 0 as should_warn,
      count(*) != 0 as should_error
    from (
      
    
    



select risk_flag
from ZERO_TO_ONE_CHAIN.PUBLIC_L5_CORE.fact_purchase_orders
where risk_flag is null



      
    ) dbt_internal_test
[0m02:31:49.986254 [debug] [Thread-9 (]: On test.zero_to_one_chain.not_null_mart_customer_delivery_customer_id.8441ab3832: /* {"app": "dbt", "dbt_version": "1.9.4", "profile_name": "zero_to_one_chain", "target_name": "dev", "node_id": "test.zero_to_one_chain.not_null_mart_customer_delivery_customer_id.8441ab3832"} */
select
      count(*) as failures,
      count(*) != 0 as should_warn,
      count(*) != 0 as should_error
    from (
      
    
    



select customer_id
from ZERO_TO_ONE_CHAIN.PUBLIC_L5_CORE.mart_customer_delivery
where customer_id is null



      
    ) dbt_internal_test
[0m02:31:49.986851 [debug] [Thread-4 (]: On test.zero_to_one_chain.not_null_mart_supplier_scorecard_supplier_id.f5d6750207: /* {"app": "dbt", "dbt_version": "1.9.4", "profile_name": "zero_to_one_chain", "target_name": "dev", "node_id": "test.zero_to_one_chain.not_null_mart_supplier_scorecard_supplier_id.f5d6750207"} */
select
      count(*) as failures,
      count(*) != 0 as should_warn,
      count(*) != 0 as should_error
    from (
      
    
    



select supplier_id
from ZERO_TO_ONE_CHAIN.PUBLIC_L5_CORE.mart_supplier_scorecard
where supplier_id is null



      
    ) dbt_internal_test
[0m02:31:49.987403 [debug] [Thread-6 (]: On test.zero_to_one_chain.not_null_stg_inventory_material_number.96e453ef23: /* {"app": "dbt", "dbt_version": "1.9.4", "profile_name": "zero_to_one_chain", "target_name": "dev", "node_id": "test.zero_to_one_chain.not_null_stg_inventory_material_number.96e453ef23"} */
select
      count(*) as failures,
      count(*) != 0 as should_warn,
      count(*) != 0 as should_error
    from (
      
    
    



select material_number
from ZERO_TO_ONE_CHAIN.PUBLIC_L2_STAGE.stg_inventory
where material_number is null



      
    ) dbt_internal_test
[0m02:31:49.987978 [debug] [Thread-2 (]: Opening a new connection, currently in state init
[0m02:31:49.988525 [debug] [Thread-8 (]: On test.zero_to_one_chain.not_null_stg_inventory_plant_code.2a0d383d2b: /* {"app": "dbt", "dbt_version": "1.9.4", "profile_name": "zero_to_one_chain", "target_name": "dev", "node_id": "test.zero_to_one_chain.not_null_stg_inventory_plant_code.2a0d383d2b"} */
select
      count(*) as failures,
      count(*) != 0 as should_warn,
      count(*) != 0 as should_error
    from (
      
    
    



select plant_code
from ZERO_TO_ONE_CHAIN.PUBLIC_L2_STAGE.stg_inventory
where plant_code is null



      
    ) dbt_internal_test
[0m02:31:49.995286 [debug] [Thread-7 (]: Writing injected SQL for node "test.zero_to_one_chain.not_null_stg_purchase_orders_ordered_qty.cbabec5c40"
[0m02:31:49.995954 [debug] [Thread-3 (]: Opening a new connection, currently in state init
[0m02:31:49.996501 [debug] [Thread-9 (]: Opening a new connection, currently in state init
[0m02:31:49.997009 [debug] [Thread-4 (]: Opening a new connection, currently in state init
[0m02:31:49.997547 [debug] [Thread-6 (]: Opening a new connection, currently in state init
[0m02:31:49.998215 [debug] [Thread-8 (]: Opening a new connection, currently in state init
[0m02:31:49.999203 [debug] [Thread-7 (]: Began executing node test.zero_to_one_chain.not_null_stg_purchase_orders_ordered_qty.cbabec5c40
[0m02:31:50.003733 [debug] [Thread-7 (]: Writing runtime sql for node "test.zero_to_one_chain.not_null_stg_purchase_orders_ordered_qty.cbabec5c40"
[0m02:31:50.004972 [debug] [Thread-7 (]: Using snowflake connection "test.zero_to_one_chain.not_null_stg_purchase_orders_ordered_qty.cbabec5c40"
[0m02:31:50.005516 [debug] [Thread-7 (]: On test.zero_to_one_chain.not_null_stg_purchase_orders_ordered_qty.cbabec5c40: /* {"app": "dbt", "dbt_version": "1.9.4", "profile_name": "zero_to_one_chain", "target_name": "dev", "node_id": "test.zero_to_one_chain.not_null_stg_purchase_orders_ordered_qty.cbabec5c40"} */
select
      count(*) as failures,
      count(*) != 0 as should_warn,
      count(*) != 0 as should_error
    from (
      
    
    



select ordered_qty
from ZERO_TO_ONE_CHAIN.PUBLIC_L2_STAGE.stg_purchase_orders
where ordered_qty is null



      
    ) dbt_internal_test
[0m02:31:50.006033 [debug] [Thread-7 (]: Opening a new connection, currently in state init
[0m02:31:50.265726 [debug] [Thread-5 (]: SQL status: SUCCESS 1 in 0.374 seconds
[0m02:31:50.268232 [info ] [Thread-5 (]: 17 of 32 PASS not_null_fact_purchase_orders_landed_cost_usd .................... [[32mPASS[0m in 0.42s]
[0m02:31:50.269035 [debug] [Thread-5 (]: Finished running node test.zero_to_one_chain.not_null_fact_purchase_orders_landed_cost_usd.49b7b40f29
[0m02:31:50.269621 [debug] [Thread-5 (]: Began running node test.zero_to_one_chain.not_null_stg_purchase_orders_po_number.6cfffa2ad5
[0m02:31:50.270219 [info ] [Thread-5 (]: 25 of 32 START test not_null_stg_purchase_orders_po_number ..................... [RUN]
[0m02:31:50.270851 [debug] [Thread-5 (]: Re-using an available connection from the pool (formerly test.zero_to_one_chain.not_null_fact_purchase_orders_landed_cost_usd.49b7b40f29, now test.zero_to_one_chain.not_null_stg_purchase_orders_po_number.6cfffa2ad5)
[0m02:31:50.271383 [debug] [Thread-5 (]: Began compiling node test.zero_to_one_chain.not_null_stg_purchase_orders_po_number.6cfffa2ad5
[0m02:31:50.277451 [debug] [Thread-5 (]: Writing injected SQL for node "test.zero_to_one_chain.not_null_stg_purchase_orders_po_number.6cfffa2ad5"
[0m02:31:50.280532 [debug] [Thread-5 (]: Began executing node test.zero_to_one_chain.not_null_stg_purchase_orders_po_number.6cfffa2ad5
[0m02:31:50.284719 [debug] [Thread-5 (]: Writing runtime sql for node "test.zero_to_one_chain.not_null_stg_purchase_orders_po_number.6cfffa2ad5"
[0m02:31:50.285856 [debug] [Thread-5 (]: Using snowflake connection "test.zero_to_one_chain.not_null_stg_purchase_orders_po_number.6cfffa2ad5"
[0m02:31:50.286397 [debug] [Thread-5 (]: On test.zero_to_one_chain.not_null_stg_purchase_orders_po_number.6cfffa2ad5: /* {"app": "dbt", "dbt_version": "1.9.4", "profile_name": "zero_to_one_chain", "target_name": "dev", "node_id": "test.zero_to_one_chain.not_null_stg_purchase_orders_po_number.6cfffa2ad5"} */
select
      count(*) as failures,
      count(*) != 0 as should_warn,
      count(*) != 0 as should_error
    from (
      
    
    



select po_number
from ZERO_TO_ONE_CHAIN.PUBLIC_L2_STAGE.stg_purchase_orders
where po_number is null



      
    ) dbt_internal_test
[0m02:31:50.286877 [debug] [Thread-5 (]: Opening a new connection, currently in state init
[0m02:31:50.365795 [debug] [Thread-3 (]: SQL status: SUCCESS 1 in 0.370 seconds
[0m02:31:50.368259 [info ] [Thread-3 (]: 19 of 32 PASS not_null_fact_purchase_orders_risk_flag .......................... [[32mPASS[0m in 0.48s]
[0m02:31:50.369078 [debug] [Thread-3 (]: Finished running node test.zero_to_one_chain.not_null_fact_purchase_orders_risk_flag.53694ab903
[0m02:31:50.369695 [debug] [Thread-3 (]: Began running node test.zero_to_one_chain.not_null_stg_purchase_orders_supplier_id.3842a0bc2e
[0m02:31:50.370344 [info ] [Thread-3 (]: 26 of 32 START test not_null_stg_purchase_orders_supplier_id ................... [RUN]
[0m02:31:50.370972 [debug] [Thread-3 (]: Re-using an available connection from the pool (formerly test.zero_to_one_chain.not_null_fact_purchase_orders_risk_flag.53694ab903, now test.zero_to_one_chain.not_null_stg_purchase_orders_supplier_id.3842a0bc2e)
[0m02:31:50.371460 [debug] [Thread-3 (]: Began compiling node test.zero_to_one_chain.not_null_stg_purchase_orders_supplier_id.3842a0bc2e
[0m02:31:50.378875 [debug] [Thread-3 (]: Writing injected SQL for node "test.zero_to_one_chain.not_null_stg_purchase_orders_supplier_id.3842a0bc2e"
[0m02:31:50.379735 [debug] [Thread-3 (]: Began executing node test.zero_to_one_chain.not_null_stg_purchase_orders_supplier_id.3842a0bc2e
[0m02:31:50.383480 [debug] [Thread-3 (]: Writing runtime sql for node "test.zero_to_one_chain.not_null_stg_purchase_orders_supplier_id.3842a0bc2e"
[0m02:31:50.384698 [debug] [Thread-3 (]: Using snowflake connection "test.zero_to_one_chain.not_null_stg_purchase_orders_supplier_id.3842a0bc2e"
[0m02:31:50.385246 [debug] [Thread-3 (]: On test.zero_to_one_chain.not_null_stg_purchase_orders_supplier_id.3842a0bc2e: /* {"app": "dbt", "dbt_version": "1.9.4", "profile_name": "zero_to_one_chain", "target_name": "dev", "node_id": "test.zero_to_one_chain.not_null_stg_purchase_orders_supplier_id.3842a0bc2e"} */
select
      count(*) as failures,
      count(*) != 0 as should_warn,
      count(*) != 0 as should_error
    from (
      
    
    



select supplier_id
from ZERO_TO_ONE_CHAIN.PUBLIC_L2_STAGE.stg_purchase_orders
where supplier_id is null



      
    ) dbt_internal_test
[0m02:31:50.385759 [debug] [Thread-3 (]: Opening a new connection, currently in state init
[0m02:31:50.391558 [debug] [Thread-4 (]: SQL status: SUCCESS 1 in 0.394 seconds
[0m02:31:50.392352 [debug] [Thread-9 (]: SQL status: SUCCESS 1 in 0.396 seconds
[0m02:31:50.395199 [debug] [Thread-2 (]: SQL status: SUCCESS 1 in 0.407 seconds
[0m02:31:50.395505 [warn ] [Thread-4 (]: 21 of 32 WARN 2 not_null_mart_supplier_scorecard_supplier_id ................... [[33mWARN 2[0m in 0.50s]
[0m02:31:50.397798 [info ] [Thread-9 (]: 20 of 32 PASS not_null_mart_customer_delivery_customer_id ...................... [[32mPASS[0m in 0.51s]
[0m02:31:50.400020 [info ] [Thread-2 (]: 18 of 32 PASS not_null_fact_purchase_orders_po_number .......................... [[32mPASS[0m in 0.51s]
[0m02:31:50.400826 [debug] [Thread-4 (]: Finished running node test.zero_to_one_chain.not_null_mart_supplier_scorecard_supplier_id.f5d6750207
[0m02:31:50.401501 [debug] [Thread-9 (]: Finished running node test.zero_to_one_chain.not_null_mart_customer_delivery_customer_id.8441ab3832
[0m02:31:50.402170 [debug] [Thread-2 (]: Finished running node test.zero_to_one_chain.not_null_fact_purchase_orders_po_number.7571b8f5cc
[0m02:31:50.402815 [debug] [Thread-4 (]: Began running node test.zero_to_one_chain.not_null_stg_sales_orders_customer_id.29e63e9d51
[0m02:31:50.404325 [debug] [Thread-9 (]: Began running node test.zero_to_one_chain.not_null_stg_sales_orders_order_number.1ba1c4bbd7
[0m02:31:50.405106 [debug] [Thread-2 (]: Began running node test.zero_to_one_chain.not_null_stg_sales_orders_ordered_qty.b61e702a52
[0m02:31:50.405754 [info ] [Thread-4 (]: 27 of 32 START test not_null_stg_sales_orders_customer_id ...................... [RUN]
[0m02:31:50.406346 [info ] [Thread-9 (]: 28 of 32 START test not_null_stg_sales_orders_order_number ..................... [RUN]
[0m02:31:50.406906 [info ] [Thread-2 (]: 29 of 32 START test not_null_stg_sales_orders_ordered_qty ...................... [RUN]
[0m02:31:50.407577 [debug] [Thread-4 (]: Re-using an available connection from the pool (formerly test.zero_to_one_chain.not_null_mart_supplier_scorecard_supplier_id.f5d6750207, now test.zero_to_one_chain.not_null_stg_sales_orders_customer_id.29e63e9d51)
[0m02:31:50.408268 [debug] [Thread-9 (]: Re-using an available connection from the pool (formerly test.zero_to_one_chain.not_null_mart_customer_delivery_customer_id.8441ab3832, now test.zero_to_one_chain.not_null_stg_sales_orders_order_number.1ba1c4bbd7)
[0m02:31:50.409207 [debug] [Thread-2 (]: Re-using an available connection from the pool (formerly test.zero_to_one_chain.not_null_fact_purchase_orders_po_number.7571b8f5cc, now test.zero_to_one_chain.not_null_stg_sales_orders_ordered_qty.b61e702a52)
[0m02:31:50.410145 [debug] [Thread-4 (]: Began compiling node test.zero_to_one_chain.not_null_stg_sales_orders_customer_id.29e63e9d51
[0m02:31:50.410980 [debug] [Thread-9 (]: Began compiling node test.zero_to_one_chain.not_null_stg_sales_orders_order_number.1ba1c4bbd7
[0m02:31:50.411527 [debug] [Thread-2 (]: Began compiling node test.zero_to_one_chain.not_null_stg_sales_orders_ordered_qty.b61e702a52
[0m02:31:50.417592 [debug] [Thread-7 (]: SQL status: SUCCESS 1 in 0.411 seconds
[0m02:31:50.418344 [debug] [Thread-6 (]: SQL status: SUCCESS 1 in 0.421 seconds
[0m02:31:50.419040 [debug] [Thread-8 (]: SQL status: SUCCESS 1 in 0.421 seconds
[0m02:31:50.420378 [debug] [Thread-4 (]: Writing injected SQL for node "test.zero_to_one_chain.not_null_stg_sales_orders_customer_id.29e63e9d51"
[0m02:31:50.426026 [debug] [Thread-9 (]: Writing injected SQL for node "test.zero_to_one_chain.not_null_stg_sales_orders_order_number.1ba1c4bbd7"
[0m02:31:50.433193 [debug] [Thread-2 (]: Writing injected SQL for node "test.zero_to_one_chain.not_null_stg_sales_orders_ordered_qty.b61e702a52"
[0m02:31:50.435436 [info ] [Thread-7 (]: 24 of 32 PASS not_null_stg_purchase_orders_ordered_qty ......................... [[32mPASS[0m in 0.46s]
[0m02:31:50.437601 [info ] [Thread-6 (]: 22 of 32 PASS not_null_stg_inventory_material_number ........................... [[32mPASS[0m in 0.54s]
[0m02:31:50.439731 [info ] [Thread-8 (]: 23 of 32 PASS not_null_stg_inventory_plant_code ................................ [[32mPASS[0m in 0.55s]
[0m02:31:50.440826 [debug] [Thread-4 (]: Began executing node test.zero_to_one_chain.not_null_stg_sales_orders_customer_id.29e63e9d51
[0m02:31:50.441767 [debug] [Thread-9 (]: Began executing node test.zero_to_one_chain.not_null_stg_sales_orders_order_number.1ba1c4bbd7
[0m02:31:50.442620 [debug] [Thread-7 (]: Finished running node test.zero_to_one_chain.not_null_stg_purchase_orders_ordered_qty.cbabec5c40
[0m02:31:50.443137 [debug] [Thread-2 (]: Began executing node test.zero_to_one_chain.not_null_stg_sales_orders_ordered_qty.b61e702a52
[0m02:31:50.443968 [debug] [Thread-6 (]: Finished running node test.zero_to_one_chain.not_null_stg_inventory_material_number.96e453ef23
[0m02:31:50.451976 [debug] [Thread-8 (]: Finished running node test.zero_to_one_chain.not_null_stg_inventory_plant_code.2a0d383d2b
[0m02:31:50.554771 [debug] [Thread-4 (]: Writing runtime sql for node "test.zero_to_one_chain.not_null_stg_sales_orders_customer_id.29e63e9d51"
[0m02:31:50.558564 [debug] [Thread-9 (]: Writing runtime sql for node "test.zero_to_one_chain.not_null_stg_sales_orders_order_number.1ba1c4bbd7"
[0m02:31:50.559286 [debug] [Thread-7 (]: Began running node test.zero_to_one_chain.not_null_stg_shipments_shipment_id.13d2043380
[0m02:31:50.563212 [debug] [Thread-2 (]: Writing runtime sql for node "test.zero_to_one_chain.not_null_stg_sales_orders_ordered_qty.b61e702a52"
[0m02:31:50.563930 [debug] [Thread-6 (]: Began running node test.zero_to_one_chain.unique_dim_supplier_supplier_id.f38497a628
[0m02:31:50.564591 [debug] [Thread-8 (]: Began running node test.zero_to_one_chain.unique_stg_shipments_shipment_id.61ce1cfa9c
[0m02:31:50.566198 [debug] [Thread-4 (]: Using snowflake connection "test.zero_to_one_chain.not_null_stg_sales_orders_customer_id.29e63e9d51"
[0m02:31:50.566939 [info ] [Thread-7 (]: 30 of 32 START test not_null_stg_shipments_shipment_id ......................... [RUN]
[0m02:31:50.568084 [debug] [Thread-9 (]: Using snowflake connection "test.zero_to_one_chain.not_null_stg_sales_orders_order_number.1ba1c4bbd7"
[0m02:31:50.568865 [info ] [Thread-6 (]: 31 of 32 START test unique_dim_supplier_supplier_id ............................ [RUN]
[0m02:31:50.569769 [debug] [Thread-2 (]: Using snowflake connection "test.zero_to_one_chain.not_null_stg_sales_orders_ordered_qty.b61e702a52"
[0m02:31:50.570315 [info ] [Thread-8 (]: 32 of 32 START test unique_stg_shipments_shipment_id ........................... [RUN]
[0m02:31:50.570930 [debug] [Thread-4 (]: On test.zero_to_one_chain.not_null_stg_sales_orders_customer_id.29e63e9d51: /* {"app": "dbt", "dbt_version": "1.9.4", "profile_name": "zero_to_one_chain", "target_name": "dev", "node_id": "test.zero_to_one_chain.not_null_stg_sales_orders_customer_id.29e63e9d51"} */
select
      count(*) as failures,
      count(*) != 0 as should_warn,
      count(*) != 0 as should_error
    from (
      
    
    



select customer_id
from ZERO_TO_ONE_CHAIN.PUBLIC_L2_STAGE.stg_sales_orders
where customer_id is null



      
    ) dbt_internal_test
[0m02:31:50.571593 [debug] [Thread-7 (]: Re-using an available connection from the pool (formerly test.zero_to_one_chain.not_null_stg_purchase_orders_ordered_qty.cbabec5c40, now test.zero_to_one_chain.not_null_stg_shipments_shipment_id.13d2043380)
[0m02:31:50.572227 [debug] [Thread-9 (]: On test.zero_to_one_chain.not_null_stg_sales_orders_order_number.1ba1c4bbd7: /* {"app": "dbt", "dbt_version": "1.9.4", "profile_name": "zero_to_one_chain", "target_name": "dev", "node_id": "test.zero_to_one_chain.not_null_stg_sales_orders_order_number.1ba1c4bbd7"} */
select
      count(*) as failures,
      count(*) != 0 as should_warn,
      count(*) != 0 as should_error
    from (
      
    
    



select order_number
from ZERO_TO_ONE_CHAIN.PUBLIC_L2_STAGE.stg_sales_orders
where order_number is null



      
    ) dbt_internal_test
[0m02:31:50.572830 [debug] [Thread-6 (]: Re-using an available connection from the pool (formerly test.zero_to_one_chain.not_null_stg_inventory_material_number.96e453ef23, now test.zero_to_one_chain.unique_dim_supplier_supplier_id.f38497a628)
[0m02:31:50.573360 [debug] [Thread-2 (]: On test.zero_to_one_chain.not_null_stg_sales_orders_ordered_qty.b61e702a52: /* {"app": "dbt", "dbt_version": "1.9.4", "profile_name": "zero_to_one_chain", "target_name": "dev", "node_id": "test.zero_to_one_chain.not_null_stg_sales_orders_ordered_qty.b61e702a52"} */
select
      count(*) as failures,
      count(*) != 0 as should_warn,
      count(*) != 0 as should_error
    from (
      
    
    



select ordered_qty
from ZERO_TO_ONE_CHAIN.PUBLIC_L2_STAGE.stg_sales_orders
where ordered_qty is null



      
    ) dbt_internal_test
[0m02:31:50.573923 [debug] [Thread-8 (]: Re-using an available connection from the pool (formerly test.zero_to_one_chain.not_null_stg_inventory_plant_code.2a0d383d2b, now test.zero_to_one_chain.unique_stg_shipments_shipment_id.61ce1cfa9c)
[0m02:31:50.574411 [debug] [Thread-4 (]: Opening a new connection, currently in state init
[0m02:31:50.574937 [debug] [Thread-7 (]: Began compiling node test.zero_to_one_chain.not_null_stg_shipments_shipment_id.13d2043380
[0m02:31:50.575447 [debug] [Thread-9 (]: Opening a new connection, currently in state init
[0m02:31:50.576032 [debug] [Thread-6 (]: Began compiling node test.zero_to_one_chain.unique_dim_supplier_supplier_id.f38497a628
[0m02:31:50.576555 [debug] [Thread-2 (]: Opening a new connection, currently in state init
[0m02:31:50.577044 [debug] [Thread-8 (]: Began compiling node test.zero_to_one_chain.unique_stg_shipments_shipment_id.61ce1cfa9c
[0m02:31:50.583184 [debug] [Thread-7 (]: Writing injected SQL for node "test.zero_to_one_chain.not_null_stg_shipments_shipment_id.13d2043380"
[0m02:31:50.592558 [debug] [Thread-6 (]: Writing injected SQL for node "test.zero_to_one_chain.unique_dim_supplier_supplier_id.f38497a628"
[0m02:31:50.598640 [debug] [Thread-8 (]: Writing injected SQL for node "test.zero_to_one_chain.unique_stg_shipments_shipment_id.61ce1cfa9c"
[0m02:31:50.599796 [debug] [Thread-7 (]: Began executing node test.zero_to_one_chain.not_null_stg_shipments_shipment_id.13d2043380
[0m02:31:50.600727 [debug] [Thread-6 (]: Began executing node test.zero_to_one_chain.unique_dim_supplier_supplier_id.f38497a628
[0m02:31:50.604653 [debug] [Thread-7 (]: Writing runtime sql for node "test.zero_to_one_chain.not_null_stg_shipments_shipment_id.13d2043380"
[0m02:31:50.605249 [debug] [Thread-8 (]: Began executing node test.zero_to_one_chain.unique_stg_shipments_shipment_id.61ce1cfa9c
[0m02:31:50.609199 [debug] [Thread-6 (]: Writing runtime sql for node "test.zero_to_one_chain.unique_dim_supplier_supplier_id.f38497a628"
[0m02:31:50.614099 [debug] [Thread-8 (]: Writing runtime sql for node "test.zero_to_one_chain.unique_stg_shipments_shipment_id.61ce1cfa9c"
[0m02:31:50.615964 [debug] [Thread-7 (]: Using snowflake connection "test.zero_to_one_chain.not_null_stg_shipments_shipment_id.13d2043380"
[0m02:31:50.618536 [debug] [Thread-6 (]: Using snowflake connection "test.zero_to_one_chain.unique_dim_supplier_supplier_id.f38497a628"
[0m02:31:50.620088 [debug] [Thread-7 (]: On test.zero_to_one_chain.not_null_stg_shipments_shipment_id.13d2043380: /* {"app": "dbt", "dbt_version": "1.9.4", "profile_name": "zero_to_one_chain", "target_name": "dev", "node_id": "test.zero_to_one_chain.not_null_stg_shipments_shipment_id.13d2043380"} */
select
      count(*) as failures,
      count(*) != 0 as should_warn,
      count(*) != 0 as should_error
    from (
      
    
    



select shipment_id
from ZERO_TO_ONE_CHAIN.PUBLIC_L2_STAGE.stg_shipments
where shipment_id is null



      
    ) dbt_internal_test
[0m02:31:50.621313 [debug] [Thread-8 (]: Using snowflake connection "test.zero_to_one_chain.unique_stg_shipments_shipment_id.61ce1cfa9c"
[0m02:31:50.622071 [debug] [Thread-6 (]: On test.zero_to_one_chain.unique_dim_supplier_supplier_id.f38497a628: /* {"app": "dbt", "dbt_version": "1.9.4", "profile_name": "zero_to_one_chain", "target_name": "dev", "node_id": "test.zero_to_one_chain.unique_dim_supplier_supplier_id.f38497a628"} */
select
      count(*) as failures,
      count(*) != 0 as should_warn,
      count(*) != 0 as should_error
    from (
      
    
    

select
    supplier_id as unique_field,
    count(*) as n_records

from ZERO_TO_ONE_CHAIN.PUBLIC_L5_CORE.dim_supplier
where supplier_id is not null
group by supplier_id
having count(*) > 1



      
    ) dbt_internal_test
[0m02:31:50.622832 [debug] [Thread-7 (]: Opening a new connection, currently in state init
[0m02:31:50.623550 [debug] [Thread-8 (]: On test.zero_to_one_chain.unique_stg_shipments_shipment_id.61ce1cfa9c: /* {"app": "dbt", "dbt_version": "1.9.4", "profile_name": "zero_to_one_chain", "target_name": "dev", "node_id": "test.zero_to_one_chain.unique_stg_shipments_shipment_id.61ce1cfa9c"} */
select
      count(*) as failures,
      count(*) != 0 as should_warn,
      count(*) != 0 as should_error
    from (
      
    
    

select
    shipment_id as unique_field,
    count(*) as n_records

from ZERO_TO_ONE_CHAIN.PUBLIC_L2_STAGE.stg_shipments
where shipment_id is not null
group by shipment_id
having count(*) > 1



      
    ) dbt_internal_test
[0m02:31:50.624203 [debug] [Thread-6 (]: Opening a new connection, currently in state init
[0m02:31:50.624893 [debug] [Thread-8 (]: Opening a new connection, currently in state init
[0m02:31:50.762215 [debug] [Thread-5 (]: SQL status: SUCCESS 1 in 0.475 seconds
[0m02:31:50.764798 [info ] [Thread-5 (]: 25 of 32 PASS not_null_stg_purchase_orders_po_number ........................... [[32mPASS[0m in 0.49s]
[0m02:31:50.767112 [debug] [Thread-5 (]: Finished running node test.zero_to_one_chain.not_null_stg_purchase_orders_po_number.6cfffa2ad5
[0m02:31:50.821524 [debug] [Thread-3 (]: SQL status: SUCCESS 1 in 0.436 seconds
[0m02:31:50.824410 [warn ] [Thread-3 (]: 26 of 32 WARN 150 not_null_stg_purchase_orders_supplier_id ..................... [[33mWARN 150[0m in 0.45s]
[0m02:31:50.825204 [debug] [Thread-3 (]: Finished running node test.zero_to_one_chain.not_null_stg_purchase_orders_supplier_id.3842a0bc2e
[0m02:31:50.984576 [debug] [Thread-6 (]: SQL status: SUCCESS 1 in 0.360 seconds
[0m02:31:50.986974 [info ] [Thread-6 (]: 31 of 32 PASS unique_dim_supplier_supplier_id .................................. [[32mPASS[0m in 0.41s]
[0m02:31:50.987829 [debug] [Thread-6 (]: Finished running node test.zero_to_one_chain.unique_dim_supplier_supplier_id.f38497a628
[0m02:31:50.995022 [debug] [Thread-4 (]: SQL status: SUCCESS 1 in 0.421 seconds
[0m02:31:50.995794 [debug] [Thread-2 (]: SQL status: SUCCESS 1 in 0.419 seconds
[0m02:31:50.998003 [info ] [Thread-4 (]: 27 of 32 PASS not_null_stg_sales_orders_customer_id ............................ [[32mPASS[0m in 0.59s]
[0m02:31:50.998812 [debug] [Thread-9 (]: SQL status: SUCCESS 1 in 0.423 seconds
[0m02:31:51.000998 [info ] [Thread-2 (]: 29 of 32 PASS not_null_stg_sales_orders_ordered_qty ............................ [[32mPASS[0m in 0.59s]
[0m02:31:51.001773 [debug] [Thread-4 (]: Finished running node test.zero_to_one_chain.not_null_stg_sales_orders_customer_id.29e63e9d51
[0m02:31:51.003852 [info ] [Thread-9 (]: 28 of 32 PASS not_null_stg_sales_orders_order_number ........................... [[32mPASS[0m in 0.60s]
[0m02:31:51.004638 [debug] [Thread-2 (]: Finished running node test.zero_to_one_chain.not_null_stg_sales_orders_ordered_qty.b61e702a52
[0m02:31:51.005568 [debug] [Thread-9 (]: Finished running node test.zero_to_one_chain.not_null_stg_sales_orders_order_number.1ba1c4bbd7
[0m02:31:51.018295 [debug] [Thread-7 (]: SQL status: SUCCESS 1 in 0.395 seconds
[0m02:31:51.020637 [info ] [Thread-7 (]: 30 of 32 PASS not_null_stg_shipments_shipment_id ............................... [[32mPASS[0m in 0.45s]
[0m02:31:51.021480 [debug] [Thread-8 (]: SQL status: SUCCESS 1 in 0.397 seconds
[0m02:31:51.022177 [debug] [Thread-7 (]: Finished running node test.zero_to_one_chain.not_null_stg_shipments_shipment_id.13d2043380
[0m02:31:51.024320 [info ] [Thread-8 (]: 32 of 32 PASS unique_stg_shipments_shipment_id ................................. [[32mPASS[0m in 0.45s]
[0m02:31:51.025209 [debug] [Thread-8 (]: Finished running node test.zero_to_one_chain.unique_stg_shipments_shipment_id.61ce1cfa9c
[0m02:31:51.029845 [debug] [Dummy-1   ]: Connection 'master' was properly closed.
[0m02:31:51.030549 [debug] [Dummy-1   ]: Connection 'test.zero_to_one_chain.not_null_stg_purchase_orders_supplier_id.3842a0bc2e' was properly closed.
[0m02:31:51.031325 [debug] [Dummy-1   ]: Connection 'test.zero_to_one_chain.not_null_stg_sales_orders_ordered_qty.b61e702a52' was properly closed.
[0m02:31:51.032199 [debug] [Dummy-1   ]: Connection 'test.zero_to_one_chain.not_null_stg_sales_orders_customer_id.29e63e9d51' was properly closed.
[0m02:31:51.032712 [debug] [Dummy-1   ]: Connection 'test.zero_to_one_chain.not_null_stg_purchase_orders_po_number.6cfffa2ad5' was properly closed.
[0m02:31:51.033144 [debug] [Dummy-1   ]: Connection 'test.zero_to_one_chain.unique_dim_supplier_supplier_id.f38497a628' was properly closed.
[0m02:31:51.033528 [debug] [Dummy-1   ]: Connection 'test.zero_to_one_chain.not_null_stg_shipments_shipment_id.13d2043380' was properly closed.
[0m02:31:51.033903 [debug] [Dummy-1   ]: Connection 'test.zero_to_one_chain.unique_stg_shipments_shipment_id.61ce1cfa9c' was properly closed.
[0m02:31:51.034300 [debug] [Dummy-1   ]: Connection 'test.zero_to_one_chain.not_null_stg_sales_orders_order_number.1ba1c4bbd7' was properly closed.
[0m02:31:51.034814 [info ] [Dummy-1   ]: 
[0m02:31:51.035263 [info ] [Dummy-1   ]: Finished running 32 data tests in 0 hours 0 minutes and 2.96 seconds (2.96s).
[0m02:31:51.039407 [debug] [Dummy-1   ]: Command end result
[0m02:31:51.070638 [debug] [Dummy-1   ]: Wrote artifact WritableManifest to /tmp/dbt/target/manifest.json
[0m02:31:51.072879 [debug] [Dummy-1   ]: Wrote artifact SemanticManifest to /tmp/dbt/target/semantic_manifest.json
[0m02:31:51.081045 [debug] [Dummy-1   ]: Wrote artifact RunExecutionResult to /tmp/dbt/target/run_results.json
[0m02:31:51.081593 [info ] [Dummy-1   ]: 
[0m02:31:51.082176 [info ] [Dummy-1   ]: [33mCompleted with 2 warnings:[0m
[0m02:31:51.082660 [info ] [Dummy-1   ]: 
[0m02:31:51.083262 [warn ] [Dummy-1   ]: [33mWarning in test not_null_mart_supplier_scorecard_supplier_id (models/marts/schema.yml)[0m
[0m02:31:51.083862 [warn ] [Dummy-1   ]: Got 2 results, configured to warn if != 0
[0m02:31:51.084295 [info ] [Dummy-1   ]: 
[0m02:31:51.084766 [info ] [Dummy-1   ]:   compiled code at target/compiled/zero_to_one_chain/models/marts/schema.yml/not_null_mart_supplier_scorecard_supplier_id.sql
[0m02:31:51.085219 [info ] [Dummy-1   ]: 
[0m02:31:51.085766 [warn ] [Dummy-1   ]: [33mWarning in test not_null_stg_purchase_orders_supplier_id (models/staging/schema.yml)[0m
[0m02:31:51.086256 [warn ] [Dummy-1   ]: Got 150 results, configured to warn if != 0
[0m02:31:51.086637 [info ] [Dummy-1   ]: 
[0m02:31:51.087067 [info ] [Dummy-1   ]:   compiled code at target/compiled/zero_to_one_chain/models/staging/schema.yml/not_null_stg_purchase_orders_supplier_id.sql
[0m02:31:51.087531 [info ] [Dummy-1   ]: 
[0m02:31:51.088057 [info ] [Dummy-1   ]: Done. PASS=30 WARN=2 ERROR=0 SKIP=0 TOTAL=32
[0m02:31:51.089861 [debug] [Dummy-1   ]: Resource report: {"command_name": "test", "command_success": true, "command_wall_clock_time": 5.0318894, "process_in_blocks": "0", "process_kernel_time": 0.94, "process_mem_max_rss": "561160", "process_out_blocks": "0", "process_user_time": 6.23}
[0m02:31:51.090512 [debug] [Dummy-1   ]: Command `cli test` succeeded at 02:31:51.090250 after 5.03 seconds
[0m02:31:51.091045 [debug] [Dummy-1   ]: Flushing usage events
